date,aapl_open,aapl_high,aapl_low,aapl_close,aapl_volume,vxapl_open,vxapl_high,vxapl_low,vxapl_close,vix_open,vix_high,vix_low,vix_close,vix9d_open,vix9d_high,vix9d_low,vix9d_close,earnings_flag,fiscal_quarter_end,eps_estimate,eps_actual,eps_surprise_pct,source_ids
2014-01-02,17.31374968,17.35581239,17.19971213,17.2342968,234684800,29.44,30.45,29.37,30.35,14.32,14.59,14.0,14.23,14.52,14.87,13.82,13.83,0,,,,,AAPL_YF_GITHUB;CBOE_VXAPL;CBOE_VIX;CBOE_VIX9D
2014-01-03,17.22588645,17.25205791,16.83859438,16.85573196,392467600,30.58,32.28,30.44,32.28,14.06,14.22,13.57,13.76,13.59,13.63,12.17,12.17,0,,,,,AAPL_YF_GITHUB;CBOE_VXAPL;CBOE_VIX;CBOE_VIX9D
2014-01-06,16.74574321,17.03706712,16.62578514,16.94764519,412610800,33.49,33.52,31.07,31.49,13.41,14.0,13.22,13.55,12.46,13.53,12.04,12.51,0,,,,,AAPL_YF_GITHUB;CBOE_VXAPL;CBOE_VIX;CBOE_VIX9D
2014-01-07,16.95979385,17.01089209,16.7603846,16.8264389,317209200,31.76,31.8,30.76,30.87,12.38,13.28,12.16,12.92,12.66,12.71,11.39,11.57,0,,,,,AAPL_YF_GITHUB;CBOE_VXAPL;CBOE_VIX;CBOE_VIX9D
2014-01-08,16.78811571,16.99843088,16.78437836,16.93300056,258529600,31.17,31.31,30.35,30.38,13.04,13.24,12.86,12.87,11.95,12.08,11.59,11.62,0,,,,,AAPL_YF_GITHUB;CBOE_VXAPL;CBOE_VIX;CBOE_VIX9D
2014-01-09,17.03707113,17.03894147,16.68031516,16.71677017,279148800,30.5,30.9,30.2,30.6,12.83,13.26,12.83,12.89,11.67,12.27,11.55,11.75,0,,,,,AAPL_YF_GITHUB;CBOE_VXAPL;CBOE_VIX;CBOE_VIX9D
2014-01-10,16.81989539,16.8501187,16.54820012,16.60521889,304976000,30.87,31.1,30.37,30.46,12.6,12.9,12.14,12.14,10.95,11.55,9.97,9.97,0,,,,,AAPL_YF_GITHUB;CBOE_VXAPL;CBOE_VIX;CBOE_VIX9D
2014-01-13,16.51081571,16.90309147,16.50988053,16.69215393,378492800,33.32,34.33,32.36,32.6,12.18,13.65,11.82,13.28,11.36,13.76,10.97,13.09,0,,,,,AAPL_YF_GITHUB;CBOE_VXAPL;CBOE_VIX;CBOE_VIX9D
2014-01-14,16.76973451,17.03488695,16.75228576,17.0242939,332561600,32.52,32.63,30.42,30.8,12.89,12.9,11.96,12.28,12.62,12.62,11.11,11.31,0,,,,,AAPL_YF_GITHUB;CBOE_VXAPL;CBOE_VIX;CBOE_VIX9D
2014-01-15,17.24645313,17.45458685,17.18849917,17.3660984,391638800,31.22,31.77,30.37,31.03,12.15,12.4,11.81,12.28,10.86,11.16,10.47,10.64,0,,,,,AAPL_YF_GITHUB;CBOE_VXAPL;CBOE_VIX;CBOE_VIX9D
2014-01-16,17.28945007,17.35020787,17.18912056,17.26919746,229278000,30.85,31.71,30.8,31.68,12.32,12.66,12.28,12.53,11.05,11.49,10.82,11.09,0,,,,,AAPL_YF_GITHUB;CBOE_VXAPL;CBOE_VIX;CBOE_VIX9D
2014-01-17,17.18289126,17.20127352,16.82208344,16.84607506,426739600,31.87,34.2,31.55,34.17,12.34,12.93,12.04,12.44,10.9,11.76,10.5,11.46,0,,,,,AAPL_YF_GITHUB;CBOE_VXAPL;CBOE_VIX;CBOE_VIX9D
2014-01-21,16.85603643,17.13894871,16.83827652,17.1077919,328526800,35.4,35.51,32.06,32.17,12.63,13.42,12.61,12.87,12.03,13.54,12.03,12.46,0,,,,,AAPL_YF_GITHUB;CBOE_VXAPL;CBOE_VIX;CBOE_VIX9D
2014-01-22,17.16512564,17.36391091,17.06853685,17.18382072,379985200,31.97,32.23,31.24,31.75,12.57,13.12,12.55,12.84,12.23,12.96,12.11,12.3,0,,,,,AAPL_YF_GITHUB;CBOE_VXAPL;CBOE_VIX;CBOE_VIX9D
2014-01-23,17.13489893,17.33929353,16.97505971,17.32932281,403239200,32.03,32.81,31.15,31.61,13.67,14.66,13.67,13.77,13.51,15.67,13.51,14.21,0,,,,,AAPL_YF_GITHUB;CBOE_VXAPL;CBOE_VIX;CBOE_VIX9D
2014-01-24,17.26140196,17.31187786,16.97319309,17.01432228,429354800,31.93,33.86,31.88,33.66,14.95,18.14,14.92,18.14,15.93,21.17,15.83,20.84,0,,,,,AAPL_YF_GITHUB;CBOE_VXAPL;CBOE_VIX;CBOE_VIX9D
2014-01-27,17.13895829,17.2863342,17.00435694,17.15235519,554878800,33.99,34.34,32.08,32.19,17.29,18.99,16.85,17.42,19.96,21.85,18.42,19.04,0,,,,,AAPL_YF_GITHUB;CBOE_VXAPL;CBOE_VIX;CBOE_VIX9D
2014-01-28,15.85182397,16.04624788,15.64337751,15.78140831,1065523200,26.71,26.71,24.2,25.23,17.27,17.28,15.8,15.8,18.98,18.98,17.05,17.29,0,,,,,AAPL_YF_GITHUB;CBOE_VXAPL;CBOE_VIX;CBOE_VIX9D
2014-01-29,15.70196132,15.80852086,15.53589032,15.60225582,502810000,25.37,25.83,24.16,24.39,17.95,18.04,16.71,17.35,20.76,21.06,17.57,19.4,0,,,,,AAPL_YF_GITHUB;CBOE_VXAPL;CBOE_VIX;CBOE_VIX9D
2014-01-30,15.65802198,15.78140788,15.47606147,15.57202625,678501600,24.15,25.31,22.79,25.18,16.37,17.39,15.96,17.29,17.7,18.37,16.31,17.95,0,,,,,AAPL_YF_GITHUB;CBOE_VXAPL;CBOE_VIX;CBOE_VIX9D
2014-01-31,15.42870796,15.6265598,15.37792086,15.59758282,464797200,25.31,25.83,23.67,23.91,18.71,18.99,17.27,18.41,20.02,20.11,17.73,19.32,0,,,,,AAPL_YF_GITHUB;CBOE_VXAPL;CBOE_VIX;CBOE_VIX9D
2014-02-03,15.66020374,15.81973181,15.55707209,15.62655258,401464000,24.6,25.97,24.15,25.76,18.57,21.48,18.34,21.44,20.39,24.23,18.91,23.95,0,,,,,AAPL_YF_GITHUB;CBOE_VXAPL;CBOE_VIX;CBOE_VIX9D
2014-02-04,15.76115877,15.87363882,15.66488113,15.85276222,376681200,25.49,25.49,23.59,23.76,19.99,20.07,18.44,19.11,21.78,21.91,19.36,20.37,0,,,,,AAPL_YF_GITHUB;CBOE_VXAPL;CBOE_VIX;CBOE_VIX9D
2014-02-05,15.78328076,16.05497609,15.77362121,15.97116184,328344800,23.99,24.01,22.92,23.47,19.59,20.72,19.13,19.95,21.23,22.97,20.35,21.3,0,,,,,AAPL_YF_GITHUB;CBOE_VXAPL;CBOE_VIX;CBOE_VIX9D
2014-02-06,15.98746162,16.09528672,15.9169358,16.06425476,257765200,23.36,23.77,22.47,22.55,19.09,19.09,17.09,17.23,20.14,20.14,18.03,18.67,0,,,,,AAPL_YF_GITHUB;CBOE_VXAPL;CBOE_VIX;CBOE_VIX9D
2014-02-07,16.34228332,16.39086682,16.21690666,16.28899765,370280400,22.18,22.9,21.93,22.63,16.15,16.31,15.09,15.29,16.18,16.54,14.36,14.51,0,,,,,AAPL_YF_GITHUB;CBOE_VXAPL;CBOE_VIX;CBOE_VIX9D
2014-02-10,16.25702384,16.67484386,16.23633698,16.58081055,345559200,23.4,23.59,22.08,22.27,15.63,15.76,15.1,15.26,15.11,15.31,13.77,14.22,0,,,,,AAPL_YF_GITHUB;CBOE_VXAPL;CBOE_VIX;CBOE_VIX9D
2014-02-11,16.63158926,16.85538669,16.59679589,16.79928207,282256800,22.43,22.59,22.08,22.31,15.29,15.29,14.08,14.51,14.29,14.29,12.45,13.04,0,,,,,AAPL_YF_GITHUB;CBOE_VXAPL;CBOE_VIX;CBOE_VIX9D
2014-02-12,16.83030898,16.91211732,16.71402199,16.79802322,308100800,22.19,22.89,22.07,22.42,14.31,14.64,14.02,14.3,12.86,13.38,12.41,12.67,0,,,,,AAPL_YF_GITHUB;CBOE_VXAPL;CBOE_VIX;CBOE_VIX9D
2014-02-13,16.75853264,17.0779319,16.74411478,17.06476784,307398000,22.43,22.69,21.63,21.64,15.24,15.24,13.98,14.14,14.27,14.27,11.96,12.06,0,,,,,AAPL_YF_GITHUB;CBOE_VXAPL;CBOE_VIX;CBOE_VIX9D
2014-02-14,17.00332546,17.11334511,16.96383329,17.05096817,272924400,21.81,22.34,21.26,21.45,14.21,14.22,13.44,13.57,12.14,12.14,10.76,10.84,0,,,,,AAPL_YF_GITHUB;CBOE_VXAPL;CBOE_VIX;CBOE_VIX9D
2014-02-18,17.11397384,17.27664975,17.10174888,17.11366081,260251600,22.37,22.59,21.25,21.37,13.95,14.51,13.77,13.87,12.74,13.3,12.07,12.18,0,,,,,AAPL_YF_GITHUB;CBOE_VXAPL;CBOE_VIX;CBOE_VIX9D
2014-02-19,17.07479169,17.14186913,16.74881217,16.84347153,313768000,21.43,22.21,21.18,22.02,14.85,15.73,14.12,15.5,12.69,14.07,12.15,13.9,0,,,,,AAPL_YF_GITHUB;CBOE_VXAPL;CBOE_VIX;CBOE_VIX9D
2014-02-20,16.70619074,16.83188212,16.58112711,16.64851761,305858000,22.07,22.57,21.58,21.58,15.28,15.8,14.59,14.79,13.68,14.36,13.12,13.25,0,,,,,AAPL_YF_GITHUB;CBOE_VXAPL;CBOE_VIX;CBOE_VIX9D
2014-02-21,16.69991648,16.75570973,16.44320726,16.46358109,278784800,21.4,22.28,21.22,22.28,14.74,14.79,14.19,14.68,13.08,13.39,12.6,13.04,0,,,,,AAPL_YF_GITHUB;CBOE_VXAPL;CBOE_VIX;CBOE_VIX9D
2014-02-24,16.39775451,16.60995462,16.37487309,16.53566742,288909600,23.07,23.11,21.29,21.31,14.83,14.83,13.97,14.23,14.32,14.32,13.24,13.55,0,,,,,AAPL_YF_GITHUB;CBOE_VXAPL;CBOE_VIX;CBOE_VIX9D
2014-02-25,16.59303633,16.59899063,16.3303711,16.36359596,231952000,21.28,22.15,20.91,21.39,14.17,14.83,13.66,13.67,13.34,14.44,12.81,12.86,0,,,,,AAPL_YF_GITHUB;CBOE_VXAPL;CBOE_VIX;CBOE_VIX9D
2014-02-26,16.41217693,16.45574522,16.16110897,16.21596146,276217200,21.36,22.78,21.36,22.34,13.83,14.54,13.73,14.35,12.93,13.84,12.49,13.27,0,,,,,AAPL_YF_GITHUB;CBOE_VXAPL;CBOE_VIX;CBOE_VIX9D
2014-02-27,16.20938064,16.57422803,16.17521502,16.53943634,301882000,22.45,22.6,21.51,21.51,14.56,14.69,13.92,14.04,13.44,13.76,12.42,12.42,0,,,,,AAPL_YF_GITHUB;CBOE_VXAPL;CBOE_VIX;CBOE_VIX9D
2014-02-28,16.58363009,16.69866496,16.36547394,16.49461365,371968800,21.61,21.64,20.86,21.08,14.22,14.79,13.49,14.0,12.74,14.21,12.11,13.03,0,,,,,AAPL_YF_GITHUB;CBOE_VXAPL;CBOE_VIX;CBOE_VIX9D
2014-03-03,16.40621497,16.63283459,16.38709495,16.54224968,238781200,22.11,22.76,21.78,21.78,16.47,16.78,15.38,16.0,17.12,17.74,15.27,16.21,0,,,,,AAPL_YF_GITHUB;CBOE_VXAPL;CBOE_VIX;CBOE_VIX9D
2014-03-04,16.64381173,16.69521585,16.54256866,16.65133286,259140000,21.68,21.68,20.04,20.13,14.53,14.54,14.0,14.1,13.56,13.69,12.84,13.22,0,,,,,AAPL_YF_GITHUB;CBOE_VXAPL;CBOE_VIX;CBOE_VIX9D
2014-03-05,16.64130059,16.76134729,16.58519265,16.6864357,200062800,20.21,20.32,19.84,19.94,14.13,14.32,13.81,13.89,13.18,13.52,12.49,12.49,0,,,,,AAPL_YF_GITHUB;CBOE_VXAPL;CBOE_VIX;CBOE_VIX9D
2014-03-06,16.69991891,16.75163774,16.55291464,16.63597679,185488800,19.96,20.11,19.63,20.01,13.82,14.42,13.73,14.21,12.49,13.32,12.49,13.08,0,,,,,AAPL_YF_GITHUB;CBOE_VXAPL;CBOE_VIX;CBOE_VIX9D
2014-03-07,16.64663268,16.6745293,16.48865725,16.62625885,220729600,19.98,20.13,19.29,19.29,13.51,14.43,13.51,14.11,12.09,13.72,12.09,12.74,0,,,,,AAPL_YF_GITHUB;CBOE_VXAPL;CBOE_VIX;CBOE_VIX9D
2014-03-10,16.5610682,16.71684911,16.56044046,16.64130974,178584000,19.97,20.03,19.09,19.09,14.76,15.28,14.2,14.2,14.57,15.03,13.11,13.14,0,,,,,AAPL_YF_GITHUB;CBOE_VXAPL;CBOE_VIX;CBOE_VIX9D
2014-03-11,16.78329133,16.88641258,16.69364549,16.80335045,279224400,19.11,19.82,18.48,19.62,14.22,14.93,13.84,14.8,13.4,14.57,12.77,14.13,0,,,,,AAPL_YF_GITHUB;CBOE_VXAPL;CBOE_VIX;CBOE_VIX9D
2014-03-12,16.75383058,16.84284702,16.67515589,16.81965256,199326400,19.66,20.17,19.41,19.67,15.37,15.64,14.43,14.47,15.35,15.76,13.84,13.85,0,,,,,AAPL_YF_GITHUB;CBOE_VXAPL;CBOE_VIX;CBOE_VIX9D
2014-03-13,16.84567095,16.91525434,16.58613939,16.63284302,257742800,19.71,20.98,19.36,20.66,14.28,16.66,14.24,16.22,13.79,18.16,13.65,17.21,0,,,,,AAPL_YF_GITHUB;CBOE_VXAPL;CBOE_VIX;CBOE_VIX9D
2014-03-14,16.57453803,16.64036168,16.39305514,16.44602776,237199200,20.69,21.56,20.49,21.27,16.74,18.22,16.09,17.82,18.3,21.44,17.2,20.64,0,,,,,AAPL_YF_GITHUB;CBOE_VXAPL;CBOE_VIX;CBOE_VIX9D
2014-03-17,16.54037562,16.61152582,16.4823878,16.51028442,199544800,20.77,20.78,19.15,19.65,16.39,16.4,15.37,15.64,18.34,18.34,15.87,15.87,0,,,,,AAPL_YF_GITHUB;CBOE_VXAPL;CBOE_VIX;CBOE_VIX9D
2014-03-18,16.48395023,16.67420968,16.46200957,16.65634346,209647200,19.82,19.91,18.57,18.61,15.42,15.47,14.16,14.52,15.35,15.54,13.5,14.23,0,,,,,AAPL_YF_GITHUB;CBOE_VXAPL;CBOE_VIX;CBOE_VIX9D
2014-03-19,16.68330154,16.8080504,16.58111773,16.65195656,224756000,19.13,19.38,18.66,19.14,14.56,15.95,13.89,15.12,14.26,16.36,11.79,15.0,0,,,,,AAPL_YF_GITHUB;CBOE_VXAPL;CBOE_VIX;CBOE_VIX9D
2014-03-20,16.60901559,16.69615382,16.52940183,16.57171631,208398400,19.4,19.71,19.06,19.63,15.58,15.62,14.5,14.52,15.29,15.64,14.15,14.22,0,,,,,AAPL_YF_GITHUB;CBOE_VXAPL;CBOE_VIX;CBOE_VIX9D
2014-03-21,16.67295583,16.73000287,16.49742894,16.70241928,374046400,20.75,20.76,19.8,20.3,13.96,15.17,13.77,15.0,12.92,15.12,12.65,14.7,0,,,,,AAPL_YF_GITHUB;CBOE_VXAPL;CBOE_VIX;CBOE_VIX9D
2014-03-24,16.87637938,16.94157527,16.77106192,16.9005146,355700800,21.65,21.93,20.74,20.82,14.7,16.07,14.56,15.09,14.88,17.44,14.72,15.3,0,,,,,AAPL_YF_GITHUB;CBOE_VXAPL;CBOE_VIX;CBOE_VIX9D
2014-03-25,16.97292709,17.10613955,16.91305773,17.08231735,282293200,21.08,21.15,20.01,20.21,14.16,15.05,13.96,14.02,13.94,15.4,13.24,13.87,0,,,,,AAPL_YF_GITHUB;CBOE_VXAPL;CBOE_VIX;CBOE_VIX9D
2014-03-26,17.1302712,17.20800509,16.89017445,16.91901016,299768000,20.38,20.74,20.0,20.72,13.64,15.28,13.46,14.93,13.23,15.76,13.1,15.56,0,,,,,AAPL_YF_GITHUB;CBOE_VXAPL;CBOE_VIX;CBOE_VIX9D
2014-03-27,16.92653208,16.97292266,16.77294583,16.84629059,222031600,20.97,21.9,20.97,21.52,15.0,15.63,14.49,14.62,15.33,16.46,14.87,15.17,0,,,,,AAPL_YF_GITHUB;CBOE_VXAPL;CBOE_VIX;CBOE_VIX9D
2014-03-28,16.87324889,16.89268195,16.7456777,16.82748604,200564000,21.66,23.03,21.66,22.99,14.15,14.86,13.73,14.41,14.28,15.31,13.6,14.41,0,,,,,AAPL_YF_GITHUB;CBOE_VXAPL;CBOE_VIX;CBOE_VIX9D
2014-03-31,16.90177934,16.95130361,16.79834167,16.82373238,168669200,24.12,24.12,23.02,23.36,13.88,14.16,13.57,13.88,14.09,14.33,13.27,13.75,0,,,,,AAPL_YF_GITHUB;CBOE_VXAPL;CBOE_VIX;CBOE_VIX9D
2014-04-01,16.85569308,16.98451972,16.8246628,16.97762299,200760000,23.51,23.51,22.42,22.44,13.43,13.56,13.06,13.1,13.09,13.34,12.24,12.29,0,,,,,AAPL_YF_GITHUB;CBOE_VXAPL;CBOE_VIX;CBOE_VIX9D
2014-04-02,17.00050826,17.03498691,16.93405854,17.00583649,180420800,22.6,22.75,22.31,22.46,13.17,13.35,12.92,13.09,12.39,12.63,11.88,12.13,0,,,,,AAPL_YF_GITHUB;CBOE_VXAPL;CBOE_VIX;CBOE_VIX9D
2014-04-03,16.96948247,17.00427416,16.85194164,16.88798714,162344000,22.73,23.33,22.72,22.96,13.02,13.7,13.02,13.37,12.07,12.78,11.91,12.53,0,,,,,AAPL_YF_GITHUB;CBOE_VXAPL;CBOE_VIX;CBOE_VIX9D
2014-04-04,16.91995369,16.92590798,16.63064568,16.6695118,275251200,23.13,25.03,23.1,24.82,12.88,14.55,12.6,13.96,11.63,14.33,11.31,13.18,0,,,,,AAPL_YF_GITHUB;CBOE_VXAPL;CBOE_VIX;CBOE_VIX9D
2014-04-07,16.55040411,16.64067602,16.35826474,16.40778732,289850400,26.05,27.65,26.05,27.07,14.96,16.01,14.57,15.57,15.21,17.12,14.58,16.08,0,,,,,AAPL_YF_GITHUB;CBOE_VXAPL;CBOE_VIX;CBOE_VIX9D
2014-04-08,16.46170139,16.49085182,16.25827614,16.40684891,243888400,27.12,27.68,26.66,26.68,15.59,16.2,14.81,14.89,16.16,17.03,14.37,14.51,0,,,,,AAPL_YF_GITHUB;CBOE_VXAPL;CBOE_VIX;CBOE_VIX9D
2014-04-09,16.38176926,16.62782197,16.36233621,16.62249374,206169600,26.87,27.07,25.78,25.79,14.58,14.94,13.7,13.82,14.47,15.07,12.48,12.69,0,,,,,AAPL_YF_GITHUB;CBOE_VXAPL;CBOE_VIX;CBOE_VIX9D
2014-04-10,16.63377929,16.68267748,16.39838467,16.40810204,239652000,25.99,26.67,25.82,26.59,13.98,16.38,13.81,15.89,13.15,17.36,12.73,16.5,0,,,,,AAPL_YF_GITHUB;CBOE_VXAPL;CBOE_VIX;CBOE_VIX9D
2014-04-11,16.2676844,16.38773451,16.2093852,16.28680611,271717600,27.05,28.34,26.99,28.13,16.66,17.85,15.89,17.03,17.97,18.74,16.27,17.64,0,,,,,AAPL_YF_GITHUB;CBOE_VXAPL;CBOE_VIX;CBOE_VIX9D
2014-04-14,16.35857963,16.36672849,16.21157536,16.35168457,205674000,29.53,30.05,27.74,27.8,16.14,17.4,16.1,16.11,16.44,17.91,15.95,16.0,0,,,,,AAPL_YF_GITHUB;CBOE_VXAPL;CBOE_VIX;CBOE_VIX9D
2014-04-15,16.30748831,16.35042886,16.0272699,16.23508263,266490000,27.93,28.66,27.08,27.26,16.14,17.5,15.47,15.61,16.05,18.31,15.03,15.03,0,,,,,AAPL_YF_GITHUB;CBOE_VXAPL;CBOE_VIX;CBOE_VIX9D
2014-04-16,16.23790083,16.33318793,16.11534484,16.26799202,214765600,27.16,27.3,25.74,26.24,14.89,15.27,14.05,14.18,14.07,15.2,13.3,13.52,0,,,,,AAPL_YF_GITHUB;CBOE_VXAPL;CBOE_VIX;CBOE_VIX9D
2014-04-17,16.29902117,16.54225327,16.27394518,16.45386124,284334400,26.22,26.46,24.48,24.86,14.09,14.17,13.07,13.36,13.3,13.55,11.3,11.68,0,,,,,AAPL_YF_GITHUB;CBOE_VXAPL;CBOE_VIX;CBOE_VIX9D
2014-04-21,16.46639537,16.67953622,16.42314013,16.64913368,182548800,25.36,25.38,24.37,24.79,14.1,14.11,13.17,13.25,14.03,14.14,12.94,12.99,0,,,,,AAPL_YF_GITHUB;CBOE_VXAPL;CBOE_VIX;CBOE_VIX9D
2014-04-22,16.55949035,16.66982303,16.50275801,16.6657486,202563200,24.84,25.49,24.11,24.17,13.13,13.26,12.9,13.19,12.81,13.11,12.44,12.51,0,,,,,AAPL_YF_GITHUB;CBOE_VXAPL;CBOE_VIX;CBOE_VIX9D
2014-04-23,16.58300623,16.64788913,16.43850788,16.44791222,394940000,24.31,25.92,23.8,25.89,13.35,13.75,13.27,13.27,12.69,13.41,12.61,12.67,0,,,,,AAPL_YF_GITHUB;CBOE_VXAPL;CBOE_VIX;CBOE_VIX9D
2014-04-24,17.81013656,17.86624286,17.57568096,17.79634476,759911600,18.94,20.27,18.82,20.0,13.36,14.08,13.09,13.32,12.76,14.16,12.76,13.27,0,,,,,AAPL_YF_GITHUB;CBOE_VXAPL;CBOE_VIX;CBOE_VIX9D
2014-04-25,17.69478131,17.92860907,17.67691676,17.92704391,390275200,20.01,20.47,19.59,20.22,13.93,14.67,13.91,14.06,14.07,15.44,13.42,13.94,0,,,,,AAPL_YF_GITHUB;CBOE_VXAPL;CBOE_VIX;CBOE_VIX9D
2014-04-28,17.95400684,18.67335831,17.94616934,18.62132645,669485600,21.04,22.97,20.64,22.97,14.27,15.28,13.82,13.97,14.33,16.48,13.87,14.08,0,,,,,AAPL_YF_GITHUB;CBOE_VXAPL;CBOE_VIX;CBOE_VIX9D
2014-04-29,18.61034477,18.68055586,18.47775841,18.56614876,337377600,23.11,23.18,21.53,21.65,13.88,14.24,13.61,13.71,13.89,14.64,13.39,13.63,0,,,,,AAPL_YF_GITHUB;CBOE_VXAPL;CBOE_VIX;CBOE_VIX9D
2014-04-30,18.57586963,18.78869751,18.48685153,18.49594116,456640800,21.71,22.16,21.27,21.45,14.05,14.18,13.34,13.41,14.1,14.37,12.63,12.73,0,,,,,AAPL_YF_GITHUB;CBOE_VXAPL;CBOE_VIX;CBOE_VIX9D
2014-05-01,18.55581036,18.64357466,18.37902962,18.53951263,244048000,21.54,21.78,20.86,20.86,13.64,13.75,13.1,13.25,12.88,13.08,11.93,12.58,0,,,,,AAPL_YF_GITHUB;CBOE_VXAPL;CBOE_VIX;CBOE_VIX9D
2014-05-02,18.56646874,18.62476959,18.48403267,18.57398987,191514400,20.95,20.99,20.32,20.48,13.15,13.5,12.83,12.91,12.32,12.66,11.19,11.23,0,,,,,AAPL_YF_GITHUB;CBOE_VXAPL;CBOE_VIX;CBOE_VIX9D
2014-05-05,18.49750731,18.83790632,18.49311817,18.83665085,287067200,21.25,21.79,20.7,21.76,13.95,14.2,13.08,13.29,13.42,13.78,11.93,12.25,0,,,,,AAPL_YF_GITHUB;CBOE_VXAPL;CBOE_VIX;CBOE_VIX9D
2014-05-06,18.86298855,18.94479691,18.63135529,18.63135529,374564400,21.81,21.98,20.8,20.85,13.65,13.9,13.28,13.8,12.83,13.23,12.13,13.19,0,,,,,AAPL_YF_GITHUB;CBOE_VXAPL;CBOE_VIX;CBOE_VIX9D
2014-05-07,18.65767444,18.72161653,18.42196518,18.56614876,282864400,20.98,21.37,20.84,20.84,13.64,14.49,13.39,13.4,12.7,14.39,12.53,12.82,0,,,,,AAPL_YF_GITHUB;CBOE_VXAPL;CBOE_VIX;CBOE_VIX9D
2014-05-08,18.54125445,18.73541469,18.48294443,18.53306007,230297200,20.93,21.01,19.47,19.49,13.69,13.88,12.92,13.43,13.03,13.26,12.01,12.51,0,,,,,AAPL_YF_GITHUB;CBOE_VXAPL;CBOE_VIX;CBOE_VIX9D
2014-05-09,18.42431338,18.47821141,18.29161603,18.45583344,291597600,19.52,19.94,19.52,19.52,13.55,14.03,12.87,12.92,12.61,13.34,11.06,11.17,0,,,,,AAPL_YF_GITHUB;CBOE_VXAPL;CBOE_VIX;CBOE_VIX9D
2014-05-12,18.51729691,18.7117702,18.51445884,18.68560982,213208800,20.49,20.5,19.26,19.27,12.46,12.58,11.88,12.23,11.61,11.87,10.98,11.2,0,,,,,AAPL_YF_GITHUB;CBOE_VXAPL;CBOE_VIX;CBOE_VIX9D
2014-05-13,18.65945213,18.73951058,18.61847857,18.71492577,159737200,19.44,19.48,17.96,17.96,12.36,12.74,12.05,12.13,11.35,11.41,10.5,10.75,0,,,,,AAPL_YF_GITHUB;CBOE_VXAPL;CBOE_VIX;CBOE_VIX9D
2014-05-14,18.67300992,18.8296609,18.65126149,18.71839714,166404000,18.15,18.99,17.99,18.84,12.42,12.51,12.03,12.17,10.88,11.51,10.44,11.16,0,,,,,AAPL_YF_GITHUB;CBOE_VXAPL;CBOE_VIX;CBOE_VIX9D
2014-05-15,18.74455012,18.80443571,18.53463074,18.55921555,230846000,18.95,19.21,18.68,18.83,12.73,13.77,12.72,13.17,11.38,14.09,11.38,13.35,0,,,,,AAPL_YF_GITHUB;CBOE_VXAPL;CBOE_VIX;CBOE_VIX9D
2014-05-16,18.55323478,18.83375754,18.45142789,18.83312798,276256400,18.95,19.79,18.65,19.63,13.31,13.66,12.26,12.44,12.62,13.78,10.95,11.0,0,,,,,AAPL_YF_GITHUB;CBOE_VXAPL;CBOE_VIX;CBOE_VIX9D
2014-05-19,18.84383534,19.14263876,18.82744491,19.05627632,317755200,20.33,21.35,19.97,20.18,13.17,13.21,12.28,12.42,12.5,12.61,10.96,11.01,0,,,,,AAPL_YF_GITHUB;CBOE_VXAPL;CBOE_VIX;CBOE_VIX9D
2014-05-20,19.0537584,19.11332921,18.93461508,19.06006241,234836000,20.26,20.64,20.07,20.08,12.69,13.3,12.32,12.96,11.24,12.73,10.91,12.21,0,,,,,AAPL_YF_GITHUB;CBOE_VXAPL;CBOE_VIX;CBOE_VIX9D
2014-05-21,19.03232273,19.12278236,18.97653433,19.1104908,196859600,20.12,20.22,19.35,19.37,12.38,12.46,11.8,11.91,11.18,11.42,10.43,10.47,0,,,,,AAPL_YF_GITHUB;CBOE_VXAPL;CBOE_VIX;CBOE_VIX9D
2014-05-22,19.11963561,19.22207373,19.04083796,19.14075279,200760000,19.5,19.99,19.41,19.93,11.93,12.09,11.68,12.03,10.39,10.86,9.97,10.27,0,,,,,AAPL_YF_GITHUB;CBOE_VXAPL;CBOE_VIX;CBOE_VIX9D
2014-05-23,19.14012066,19.37588569,19.11553585,19.35697365,232209600,20.01,20.07,19.4,19.96,11.96,11.97,11.36,11.36,10.42,10.55,9.47,9.49,0,,,,,AAPL_YF_GITHUB;CBOE_VXAPL;CBOE_VIX;CBOE_VIX9D
2014-05-27,19.41213188,19.72669453,19.40425229,19.71944618,348866000,20.76,22.63,20.76,21.63,11.69,11.84,11.5,11.51,10.95,11.43,10.56,10.65,0,,,,,AAPL_YF_GITHUB;CBOE_VXAPL;CBOE_VIX;CBOE_VIX9D
2014-05-28,19.73173586,19.85182518,19.66113261,19.66838264,315481600,21.75,22.41,21.43,22.21,11.6,11.86,11.5,11.68,10.81,11.2,10.46,10.58,0,,,,,AAPL_YF_GITHUB;CBOE_VXAPL;CBOE_VIX;CBOE_VIX9D
2014-05-29,19.7894176,20.07372267,19.78689599,20.02675819,376474000,22.31,23.69,22.31,23.36,11.58,11.82,11.41,11.57,10.45,10.9,10.31,10.31,0,,,,,AAPL_YF_GITHUB;CBOE_VXAPL;CBOE_VIX;CBOE_VIX9D
2014-05-30,20.10870787,20.30381241,19.82251245,19.95174217,564020800,23.61,24.98,23.61,24.65,11.66,11.7,11.32,11.4,10.43,10.58,9.72,9.73,0,,,,,AAPL_YF_GITHUB;CBOE_VXAPL;CBOE_VIX;CBOE_VIX9D
2014-06-02,19.98200291,20.0094241,19.62079057,19.81463432,369350800,25.22,25.5,22.42,22.42,11.69,12.17,11.29,11.58,10.57,11.34,9.91,10.47,0,,,,,AAPL_YF_GITHUB;CBOE_VXAPL;CBOE_VIX;CBOE_VIX9D
2014-06-03,19.8086418,20.13266126,19.80202301,20.09483719,292709200,22.42,22.42,21.49,21.79,12.03,12.13,11.72,11.87,10.82,11.13,10.16,11.01,0,,,,,AAPL_YF_GITHUB;CBOE_VXAPL;CBOE_VIX;CBOE_VIX9D
2014-06-04,20.0916886,20.42106609,20.04976734,20.32430077,335482000,21.83,24.68,21.83,23.88,12.15,12.33,11.91,12.08,11.29,11.74,11.13,11.59,0,,,,,AAPL_YF_GITHUB;CBOE_VXAPL;CBOE_VIX;CBOE_VIX9D
2014-06-05,20.3678021,20.46771862,20.254648,20.40404892,303805600,24.08,24.88,24.03,24.49,12.09,12.34,11.44,11.68,11.52,11.85,10.38,10.88,0,,,,,AAPL_YF_GITHUB;CBOE_VXAPL;CBOE_VIX;CBOE_VIX9D
2014-06-06,20.48441829,20.52728558,20.313269,20.34793854,349938400,24.64,25.24,24.26,24.35,11.32,11.39,10.73,10.73,9.94,10.15,9.25,9.25,0,,,,,AAPL_YF_GITHUB;CBOE_VXAPL;CBOE_VIX;CBOE_VIX9D
2014-06-09,20.4529009,20.71325074,20.24329794,20.6735363,301660000,24.56,24.56,21.64,21.89,11.23,11.51,10.99,11.15,10.48,10.54,9.75,9.77,0,,,,,AAPL_YF_GITHUB;CBOE_VXAPL;CBOE_VIX;CBOE_VIX9D
2014-06-10,20.9007952,20.97139847,20.64485729,20.79488945,251108000,22.02,22.75,21.75,21.86,11.3,11.66,10.93,10.99,10.22,10.45,9.46,9.52,0,,,,,AAPL_YF_GITHUB;CBOE_VXAPL;CBOE_VIX;CBOE_VIX9D
2014-06-11,20.76841215,20.90741354,20.62279364,20.70884132,182724000,22.11,22.11,20.98,21.4,11.42,11.87,11.19,11.6,10.23,10.6,9.84,10.45,0,,,,,AAPL_YF_GITHUB;CBOE_VXAPL;CBOE_VIX;CBOE_VIX9D
2014-06-12,20.74855592,20.76620716,20.27639624,20.36244392,218996000,21.51,21.63,20.67,21.52,11.81,12.81,11.71,12.56,10.63,12.51,10.5,11.99,0,,,,,AAPL_YF_GITHUB;CBOE_VXAPL;CBOE_VIX;CBOE_VIX9D
2014-06-13,20.34258301,20.39553672,20.05134435,20.13959885,218100000,21.63,21.91,21.4,21.91,12.45,12.69,11.89,12.18,11.9,12.23,11.39,11.48,0,,,,,AAPL_YF_GITHUB;CBOE_VXAPL;CBOE_VIX;CBOE_VIX9D
2014-06-16,20.19034543,20.46393284,20.17710616,20.3425827,142244000,21.93,21.93,21.04,21.17,12.65,12.87,12.28,12.65,12.98,13.15,12.09,12.54,0,,,,,AAPL_YF_GITHUB;CBOE_VXAPL;CBOE_VIX;CBOE_VIX9D
2014-06-17,20.3668539,20.45290158,20.25433106,20.3161087,118904000,21.54,22.0,21.38,21.53,12.81,12.89,12.06,12.06,12.78,12.93,12.05,12.68,0,,,,,AAPL_YF_GITHUB;CBOE_VXAPL;CBOE_VIX;CBOE_VIX9D
2014-06-18,20.35802356,20.36243721,20.15503944,20.33816719,134056000,21.9,22.22,20.62,20.62,11.8,11.91,10.57,10.61,12.86,12.9,10.5,10.55,0,,,,,AAPL_YF_GITHUB;CBOE_VXAPL;CBOE_VIX;CBOE_VIX9D
2014-06-19,20.36243805,20.36464487,20.15283344,20.26756477,142112000,21.06,21.4,20.48,20.93,10.53,10.82,10.42,10.62,10.18,10.41,9.5,10.07,0,,,,,AAPL_YF_GITHUB;CBOE_VXAPL;CBOE_VIX;CBOE_VIX9D
2014-06-20,20.2653643,20.41981012,20.05576131,20.05796814,403592000,21.22,21.34,20.33,21.34,10.4,11.02,10.34,10.85,9.82,10.53,9.69,10.33,0,,,,,AAPL_YF_GITHUB;CBOE_VXAPL;CBOE_VIX;CBOE_VIX9D
2014-06-23,20.14843227,20.21462358,19.98957445,20.04032135,174776000,22.91,22.91,21.5,21.53,11.26,11.35,10.92,10.98,11.38,11.62,9.03,10.27,0,,,,,AAPL_YF_GITHUB;CBOE_VXAPL;CBOE_VIX;CBOE_VIX9D
2014-06-24,20.02266713,20.24109576,19.89911182,19.9189682,156144000,21.9,22.09,21.2,21.87,11.02,12.27,10.87,12.13,10.37,12.63,9.51,12.01,0,,,,,AAPL_YF_GITHUB;CBOE_VXAPL;CBOE_VIX;CBOE_VIX9D
2014-06-25,19.90352125,20.01163213,19.77996595,19.9366169,147476000,22.23,22.94,22.13,22.74,12.31,12.33,11.37,11.59,12.68,12.7,10.79,11.11,0,,,,,AAPL_YF_GITHUB;CBOE_VXAPL;CBOE_VIX;CBOE_VIX9D
2014-06-26,19.93882483,20.08885699,19.8130627,20.05576134,130516000,23.09,23.42,22.44,22.52,11.51,12.51,11.5,11.63,11.04,12.79,11.0,11.26,0,,,,,AAPL_YF_GITHUB;CBOE_VXAPL;CBOE_VIX;CBOE_VIX9D
2014-06-27,20.03810851,20.29845837,20.02707607,20.2940464,256116000,22.85,23.18,22.65,22.73,11.72,12.04,11.19,11.26,11.31,11.67,10.56,10.65,0,,,,,AAPL_YF_GITHUB;CBOE_VXAPL;CBOE_VIX;CBOE_VIX9D
2014-06-30,20.32052285,20.68015968,20.31831603,20.50365067,197929200,24.31,25.55,24.26,25.38,11.75,11.81,11.3,11.57,11.32,11.67,10.69,11.17,0,,,,,AAPL_YF_GITHUB;CBOE_VXAPL;CBOE_VIX;CBOE_VIX9D
2014-07-01,20.63382339,20.75517355,20.54777572,20.63382339,152892000,25.68,25.96,24.19,24.27,11.28,11.42,10.92,11.15,10.6,10.7,9.89,10.05,0,,,,,AAPL_YF_GITHUB;CBOE_VXAPL;CBOE_VIX;CBOE_VIX9D
2014-07-02,20.71104193,20.75296151,20.53894494,20.62499428,113860000,24.56,24.68,24.09,24.37,11.18,11.18,10.56,10.82,10.01,10.17,9.25,9.42,0,,,,,AAPL_YF_GITHUB;CBOE_VXAPL;CBOE_VIX;CBOE_VIX9D
2014-07-03,20.66691664,20.76178993,20.56321774,20.74634552,91567200,24.62,24.89,24.61,24.89,10.47,10.76,10.28,10.32,8.52,9.4,8.44,8.54,0,,,,,AAPL_YF_GITHUB;CBOE_VXAPL;CBOE_VIX;CBOE_VIX9D
2014-07-07,20.77061617,21.17879132,20.76179055,21.17437935,225872000,26.42,26.55,25.67,26.07,11.15,11.54,11.01,11.33,9.56,10.64,9.56,10.47,0,,,,,AAPL_YF_GITHUB;CBOE_VXAPL;CBOE_VIX;CBOE_VIX9D
2014-07-08,21.24056654,21.3575047,20.72207375,21.0375824,260888000,26.32,27.49,25.93,27.0,11.72,12.51,11.72,11.98,10.85,12.63,10.5,11.64,0,,,,,AAPL_YF_GITHUB;CBOE_VXAPL;CBOE_VIX;CBOE_VIX9D
2014-07-09,21.05744014,21.16996297,20.90740802,21.0464077,145744000,27.28,27.28,26.55,26.55,11.74,12.05,11.5,11.65,11.21,11.64,10.45,10.48,0,,,,,AAPL_YF_GITHUB;CBOE_VXAPL;CBOE_VIX;CBOE_VIX9D
2014-07-10,20.68677565,21.08171322,20.63382194,20.96918869,158744000,26.95,27.86,26.86,26.96,13.22,13.23,12.05,12.59,13.53,13.58,11.54,12.08,0,,,,,AAPL_YF_GITHUB;CBOE_VXAPL;CBOE_VIX;CBOE_VIX9D
2014-07-11,21.03979233,21.15672882,20.92947462,21.0089035,136072000,27.04,27.5,26.94,27.44,12.5,12.68,12.07,12.08,11.91,12.39,11.09,11.15,0,,,,,AAPL_YF_GITHUB;CBOE_VXAPL;CBOE_VIX;CBOE_VIX9D
2014-07-14,21.1501089,21.37736309,21.10377567,21.28028297,171240000,29.06,29.06,27.8,28.26,11.6,11.83,11.4,11.82,11.02,11.26,10.48,10.62,0,,,,,AAPL_YF_GITHUB;CBOE_VXAPL;CBOE_VIX;CBOE_VIX9D
2014-07-15,21.35750887,21.36853963,20.96698324,21.03096771,181911600,28.32,28.74,27.86,28.62,11.53,12.47,11.46,11.96,10.42,11.96,10.26,11.08,0,,,,,AAPL_YF_GITHUB;CBOE_VXAPL;CBOE_VIX;CBOE_VIX9D
2014-07-16,21.39501925,21.42370125,20.90300147,20.91182709,213585200,28.81,29.43,28.25,28.9,10.81,11.45,10.59,11.0,9.97,10.79,9.81,10.26,0,,,,,AAPL_YF_GITHUB;CBOE_VXAPL;CBOE_VIX;CBOE_VIX9D
2014-07-17,20.96698126,21.02214011,20.42421839,20.53894806,229192000,29.24,31.78,28.9,31.3,11.35,15.38,10.85,14.54,11.07,17.47,9.49,16.23,0,,,,,AAPL_YF_GITHUB;CBOE_VXAPL;CBOE_VIX;CBOE_VIX9D
2014-07-18,20.65589199,20.90300262,20.52350937,20.83460617,199952000,31.42,31.42,28.5,28.84,13.34,13.55,12.04,12.06,13.5,14.12,11.99,12.05,0,,,,,AAPL_YF_GITHUB;CBOE_VXAPL;CBOE_VIX;CBOE_VIX9D
2014-07-21,20.95815425,20.96036108,20.67794806,20.72648811,156316000,29.45,29.71,28.76,29.08,12.85,13.62,12.46,12.81,13.9,14.65,12.7,12.95,0,,,,,AAPL_YF_GITHUB;CBOE_VXAPL;CBOE_VIX;CBOE_VIX9D
2014-07-22,20.88975684,20.93609007,20.76620157,20.89858246,220788000,29.26,29.72,28.34,28.34,11.97,12.24,11.69,12.24,11.49,11.79,11.19,11.54,0,,,,,AAPL_YF_GITHUB;CBOE_VXAPL;CBOE_VIX;CBOE_VIX9D
2014-07-23,21.05303022,21.59579312,20.99787137,21.44355583,371672000,22.65,23.8,21.9,21.99,11.54,12.16,11.41,11.52,10.99,11.73,10.76,10.83,0,,,,,AAPL_YF_GITHUB;CBOE_VXAPL;CBOE_VIX;CBOE_VIX9D
2014-07-24,21.41046145,21.4722391,21.27366688,21.40825462,182916000,22.03,22.24,21.42,21.44,11.43,12.06,11.43,11.84,10.49,11.28,10.49,10.88,0,,,,,AAPL_YF_GITHUB;CBOE_VXAPL;CBOE_VIX;CBOE_VIX9D
2014-07-25,21.36853093,21.58695943,21.32219771,21.54945183,173876000,21.59,22.15,21.48,22.13,12.03,12.75,12.03,12.69,11.17,12.31,11.17,11.84,0,,,,,AAPL_YF_GITHUB;CBOE_VXAPL;CBOE_VIX;CBOE_VIX9D
2014-07-28,21.58255493,21.8958568,21.52298412,21.84731674,221272000,23.09,23.33,22.68,22.94,12.93,13.64,12.54,12.56,12.98,14.22,11.78,12.02,0,,,,,AAPL_YF_GITHUB;CBOE_VXAPL;CBOE_VIX;CBOE_VIX9D
2014-07-29,21.91571271,21.93998274,21.6774261,21.70610809,172572000,23.02,23.34,22.94,23.06,12.35,13.35,12.12,13.28,11.58,13.65,10.96,13.47,0,,,,,AAPL_YF_GITHUB;CBOE_VXAPL;CBOE_VIX;CBOE_VIX9D
2014-07-30,21.71934755,21.77671153,21.54945736,21.65536308,132040000,23.16,23.25,22.51,22.54,12.63,14.07,12.53,13.33,12.38,14.97,12.26,13.29,0,,,,,AAPL_YF_GITHUB;CBOE_VXAPL;CBOE_VIX;CBOE_VIX9D
2014-07-31,21.43694303,21.50092583,21.03317971,21.09275055,227372000,22.79,26.33,22.79,26.31,14.35,17.11,14.26,16.95,15.1,19.99,14.83,19.59,0,,,,,AAPL_YF_GITHUB;CBOE_VXAPL;CBOE_VIX;CBOE_VIX9D
2014-08-01,20.93829996,21.31779312,20.91844189,21.20968056,194044000,26.15,27.77,25.95,27.63,16.67,17.57,15.52,17.03,18.9,20.06,16.95,19.01,0,,,,,AAPL_YF_GITHUB;CBOE_VXAPL;CBOE_VIX;CBOE_VIX9D
2014-08-04,21.26262929,21.30896251,20.99786586,21.0905323,159832000,28.6,28.84,26.18,26.25,16.64,16.8,14.69,15.12,18.08,18.4,14.15,14.87,0,,,,,AAPL_YF_GITHUB;CBOE_VXAPL;CBOE_VIX;CBOE_VIX9D
2014-08-05,21.03979132,21.11039458,20.81915592,20.98683929,223732000,26.49,29.21,26.48,27.96,15.54,17.14,15.1,16.87,15.72,18.0,14.74,17.18,0,,,,,AAPL_YF_GITHUB;CBOE_VXAPL;CBOE_VIX;CBOE_VIX9D
2014-08-06,20.90519724,21.06626177,20.89637162,20.95153046,154232000,28.29,28.5,27.72,28.13,17.22,17.3,15.7,16.37,17.88,17.94,15.31,16.25,0,,,,,AAPL_YF_GITHUB;CBOE_VXAPL;CBOE_VIX;CBOE_VIX9D
2014-08-07,21.04910469,21.27527151,20.86506598,20.94932556,186844000,27.73,29.22,27.47,28.55,15.5,17.25,15.44,16.66,15.26,18.18,14.94,16.76,0,,,,,AAPL_YF_GITHUB;CBOE_VXAPL;CBOE_VIX;CBOE_VIX9D
2014-08-08,20.90053863,21.02470849,20.6832397,21.00696945,167460000,28.85,29.59,27.95,28.16,16.43,17.09,15.53,15.77,17.09,17.57,15.31,15.39,0,,,,,AAPL_YF_GITHUB;CBOE_VXAPL;CBOE_VIX;CBOE_VIX9D
2014-08-11,21.12448979,21.30409456,21.02914459,21.28413773,146340000,29.13,29.24,27.43,27.67,15.16,15.16,13.72,14.23,15.69,15.71,13.95,14.84,0,,,,,AAPL_YF_GITHUB;CBOE_VXAPL;CBOE_VIX;CBOE_VIX9D
2014-08-12,21.29522246,21.48147724,21.19987727,21.27970123,135180000,27.82,27.84,26.48,26.66,14.42,14.74,13.76,14.13,15.2,15.44,14.35,14.49,0,,,,,AAPL_YF_GITHUB;CBOE_VXAPL;CBOE_VIX;CBOE_VIX9D
2014-08-13,21.31961984,21.56130791,21.29522909,21.56130791,127664000,26.41,26.64,25.6,25.8,13.57,13.93,12.84,12.9,13.33,13.84,12.51,12.63,0,,,,,AAPL_YF_GITHUB;CBOE_VXAPL;CBOE_VIX;CBOE_VIX9D
2014-08-14,21.58125572,21.63447112,21.46373759,21.61894989,112464000,25.63,26.03,24.73,24.87,13.05,13.13,12.42,12.42,12.31,12.74,11.77,12.29,0,,,,,AAPL_YF_GITHUB;CBOE_VXAPL;CBOE_VIX;CBOE_VIX9D
2014-08-15,21.70764854,21.77195127,21.47704615,21.72538757,195804000,24.81,26.91,24.8,26.07,11.91,14.94,11.89,13.15,11.56,17.06,11.55,14.34,0,,,,,AAPL_YF_GITHUB;CBOE_VXAPL;CBOE_VIX;CBOE_VIX9D
2014-08-18,21.83846395,22.0335899,21.72538143,21.98702621,190288000,25.89,25.99,25.02,25.25,12.85,12.85,12.26,12.32,13.6,13.69,11.86,12.07,0,,,,,AAPL_YF_GITHUB;CBOE_VXAPL;CBOE_VIX;CBOE_VIX9D
2014-08-19,22.04246796,22.324068,22.02251112,22.29080772,277596000,25.25,25.68,24.85,25.1,12.14,12.46,11.91,12.21,11.58,11.97,10.9,11.0,0,,,,,AAPL_YF_GITHUB;CBOE_VXAPL;CBOE_VIX;CBOE_VIX9D
2014-08-20,22.27085032,22.41497534,22.1622,22.29967499,210796000,25.2,25.28,24.53,24.66,12.23,12.24,11.6,11.78,11.2,11.31,10.32,10.8,0,,,,,AAPL_YF_GITHUB;CBOE_VXAPL;CBOE_VIX;CBOE_VIX9D
2014-08-21,22.29967543,22.38171721,22.19767851,22.30189323,133912000,24.65,24.96,24.35,24.35,11.93,13.51,11.52,11.76,11.04,11.4,10.77,10.94,0,,,,,AAPL_YF_GITHUB;CBOE_VXAPL;CBOE_VIX;CBOE_VIX9D
2014-08-22,22.23759022,22.49923508,22.21541727,22.46597481,176736000,24.53,24.96,24.35,24.35,11.88,12.48,11.47,11.47,11.01,12.2,10.08,10.08,0,,,,,AAPL_YF_GITHUB;CBOE_VXAPL;CBOE_VIX;CBOE_VIX9D
2014-08-25,22.57018847,22.65444634,22.45710423,22.51475525,161080000,24.84,25.32,24.84,25.09,11.58,11.77,11.24,11.7,10.26,10.74,10.1,10.42,0,,,,,AAPL_YF_GITHUB;CBOE_VXAPL;CBOE_VIX;CBOE_VIX9D
2014-08-26,22.48814459,22.50588362,22.36397473,22.37062645,132608000,25.15,25.57,24.56,24.6,11.33,11.93,11.33,11.63,10.3,10.51,9.85,10.14,0,,,,,AAPL_YF_GITHUB;CBOE_VXAPL;CBOE_VIX;CBOE_VIX9D
2014-08-27,22.39945853,22.74314522,22.32850406,22.6455822,209476000,24.83,25.62,24.55,25.56,11.69,11.93,11.54,11.78,9.99,10.45,9.81,9.89,0,,,,,AAPL_YF_GITHUB;CBOE_VXAPL;CBOE_VIX;CBOE_VIX9D
2014-08-28,22.52584329,22.78970597,22.51919157,22.67218781,273840000,25.72,26.85,25.03,26.01,12.38,12.73,12.05,12.05,10.81,11.46,10.27,10.34,0,,,,,AAPL_YF_GITHUB;CBOE_VXAPL;CBOE_VIX;CBOE_VIX9D
2014-08-29,22.80744505,22.81631457,22.66110054,22.72762108,178380000,26.0,26.4,25.87,26.2,11.86,12.44,11.78,11.98,10.23,11.11,9.89,10.0,0,,,,,AAPL_YF_GITHUB;CBOE_VXAPL;CBOE_VIX;CBOE_VIX9D
2014-09-02,22.8517893,23.00256772,22.77640094,22.90500641,214256000,27.07,27.17,25.46,25.95,12.32,13.41,12.23,12.25,10.8,11.43,10.2,10.32,0,,,,,AAPL_YF_GITHUB;CBOE_VXAPL;CBOE_VIX;CBOE_VIX9D
2014-09-03,22.8606574,22.88283035,21.85842562,21.93824959,501684000,25.95,32.71,22.43,31.71,12.03,12.55,11.91,12.36,9.85,11.03,9.85,10.83,0,,,,,AAPL_YF_GITHUB;CBOE_VXAPL;CBOE_VIX;CBOE_VIX9D
2014-09-04,21.91829372,22.193242,21.68325742,21.75642967,342872000,31.76,32.43,29.48,30.79,12.4,12.99,11.7,12.64,10.87,12.31,10.22,11.8,0,,,,,AAPL_YF_GITHUB;CBOE_VXAPL;CBOE_VIX;CBOE_VIX9D
2014-09-05,21.90720253,22.03802407,21.79855223,21.9448967,233828000,30.62,30.65,29.6,30.44,12.37,13.18,11.96,12.09,11.2,12.2,10.26,10.27,0,,,,,AAPL_YF_GITHUB;CBOE_VXAPL;CBOE_VIX;CBOE_VIX9D
2014-09-08,22.01807028,22.02028639,21.74090425,21.80964088,185426800,31.02,31.35,30.17,30.3,12.64,13.09,12.4,12.66,12.42,12.55,11.66,12.05,0,,,,,AAPL_YF_GITHUB;CBOE_VXAPL;CBOE_VIX;CBOE_VIX9D
2014-09-09,21.96929555,22.85622713,21.3174003,21.72760582,759385200,30.12,34.59,24.53,27.25,12.7,13.91,12.7,13.5,12.72,14.08,12.21,13.33,0,,,,,AAPL_YF_GITHUB;CBOE_VXAPL;CBOE_VIX;CBOE_VIX9D
2014-09-10,21.73203873,22.41941028,21.67660552,22.39501953,403478400,27.13,27.14,24.77,25.15,13.36,14.06,12.86,12.88,13.94,14.64,12.71,12.74,0,,,,,AAPL_YF_GITHUB;CBOE_VXAPL;CBOE_VIX;CBOE_VIX9D
2014-09-11,22.26419353,22.49257806,22.08902439,22.49036026,249412400,25.49,26.29,25.25,25.31,13.53,13.67,12.66,12.8,14.15,14.16,12.05,12.07,0,,,,,AAPL_YF_GITHUB;CBOE_VXAPL;CBOE_VIX;CBOE_VIX9D
2014-09-12,22.44158576,22.65888474,22.41276109,22.54136658,250504400,25.27,25.86,24.68,25.58,12.85,14.27,12.85,13.31,12.15,15.09,12.15,13.28,0,,,,,AAPL_YF_GITHUB;CBOE_VXAPL;CBOE_VIX;CBOE_VIX9D
2014-09-15,22.79635477,22.84957188,22.49258184,22.53470993,245266000,25.67,25.81,24.31,24.71,13.54,14.19,13.54,14.12,14.58,15.71,14.56,15.27,0,,,,,AAPL_YF_GITHUB;CBOE_VXAPL;CBOE_VIX;CBOE_VIX9D
2014-09-16,22.12894113,22.45267092,21.92716341,22.36397743,267632400,25.43,25.83,24.62,24.65,14.48,14.53,12.72,12.73,16.25,16.29,13.12,13.21,0,,,,,AAPL_YF_GITHUB;CBOE_VXAPL;CBOE_VIX;CBOE_VIX9D
2014-09-17,22.45488608,22.57240592,22.30410767,22.52362442,243706000,24.9,24.9,23.59,23.65,13.06,14.53,11.73,12.65,13.1,14.04,10.62,11.81,0,,,,,AAPL_YF_GITHUB;CBOE_VXAPL;CBOE_VIX;CBOE_VIX9D
2014-09-18,22.60122717,22.69435455,22.51918541,22.57018471,149197600,23.76,23.76,23.15,23.15,12.55,12.58,11.98,12.03,11.32,11.52,10.85,11.05,0,,,,,AAPL_YF_GITHUB;CBOE_VXAPL;CBOE_VIX;CBOE_VIX9D
2014-09-19,22.68105162,22.69435505,22.28414965,22.38614655,283609600,23.3,24.55,22.96,24.55,11.73,12.61,11.52,12.11,10.09,11.56,10.02,10.41,0,,,,,AAPL_YF_GITHUB;CBOE_VXAPL;CBOE_VIX;CBOE_VIX9D
2014-09-22,22.57240107,22.64778941,22.30188676,22.40831757,211153600,25.05,25.05,23.9,24.14,13.14,13.98,13.13,13.69,12.39,14.15,12.39,13.46,0,,,,,AAPL_YF_GITHUB;CBOE_VXAPL;CBOE_VIX;CBOE_VIX9D
2014-09-23,22.30632789,22.82518372,22.29302446,22.75866318,253608800,24.63,24.66,23.02,23.61,14.82,14.94,13.83,14.93,15.06,15.7,13.59,15.6,0,,,,,AAPL_YF_GITHUB;CBOE_VXAPL;CBOE_VIX;CBOE_VIX9D
2014-09-24,22.65223064,22.80522517,22.4393656,22.56131935,240687200,23.95,24.41,23.42,23.53,14.62,14.93,13.24,13.27,14.83,15.64,12.56,12.89,0,,,,,AAPL_YF_GITHUB;CBOE_VXAPL;CBOE_VIX;CBOE_VIX9D
2014-09-25,22.28636908,22.33071497,21.66773423,21.70099449,400368000,24.15,29.3,24.15,28.08,14.11,16.69,14.03,15.64,13.62,17.85,13.57,15.94,0,,,,,AAPL_YF_GITHUB;CBOE_VXAPL;CBOE_VIX;CBOE_VIX9D
2014-09-26,21.84733716,22.33958435,21.8185125,22.33958435,249482000,27.8,27.87,24.79,24.82,15.77,15.98,14.31,14.85,15.82,16.46,13.46,15.04,0,,,,,AAPL_YF_GITHUB;CBOE_VXAPL;CBOE_VIX;CBOE_VIX9D
2014-09-29,21.87394595,22.27084795,21.86951034,22.1976757,199065200,27.17,27.95,26.77,26.81,16.96,17.08,15.45,15.98,19.24,19.4,15.62,16.11,0,,,,,AAPL_YF_GITHUB;CBOE_VXAPL;CBOE_VIX;CBOE_VIX9D
2014-09-30,22.35288778,22.5147535,22.29080285,22.33958435,221056400,26.58,26.58,25.05,25.57,15.49,16.43,15.18,16.31,15.86,17.36,14.96,16.76,0,,,,,AAPL_YF_GITHUB;CBOE_VXAPL;CBOE_VIX;CBOE_VIX9D
2014-10-01,22.3041148,22.32628944,21.88503969,21.99147224,205965200,25.93,28.76,25.93,28.24,16.44,17.56,16.08,16.71,16.92,18.67,16.16,16.72,0,,,,,AAPL_YF_GITHUB;CBOE_VXAPL;CBOE_VIX;CBOE_VIX9D
2014-10-02,22.01141883,22.22206605,21.73868837,22.1511116,191031200,28.35,29.29,26.92,26.99,16.7,17.98,15.9,16.16,16.91,18.64,15.73,15.93,0,,,,,AAPL_YF_GITHUB;CBOE_VXAPL;CBOE_VIX;CBOE_VIX9D
2014-10-03,22.04911352,22.21984706,21.96042005,22.0890255,173878400,27.17,27.67,26.79,26.99,15.16,15.43,14.44,14.55,14.43,15.04,13.81,13.86,0,,,,,AAPL_YF_GITHUB;CBOE_VXAPL;CBOE_VIX;CBOE_VIX9D
2014-10-06,22.16219605,22.31741005,22.04467792,22.0890255,148204800,28.04,28.04,27.05,27.25,14.46,15.77,14.05,15.46,14.12,16.14,13.99,15.31,0,,,,,AAPL_YF_GITHUB;CBOE_VXAPL;CBOE_VIX;CBOE_VIX9D
2014-10-07,22.04690425,22.1999005,21.89169188,21.89612579,168376800,27.7,28.58,27.68,28.53,16.18,17.46,15.97,17.2,16.39,17.85,15.84,16.9,0,,,,,AAPL_YF_GITHUB;CBOE_VXAPL;CBOE_VIX;CBOE_VIX9D
2014-10-08,21.89833282,22.41940458,21.79855204,22.35066795,229618800,28.92,29.32,26.83,27.23,17.35,18.03,14.97,15.11,17.93,18.62,14.57,14.59,0,,,,,AAPL_YF_GITHUB;CBOE_VXAPL;CBOE_VIX;CBOE_VIX9D
2014-10-09,22.51475616,22.70101096,22.30854452,22.39945412,309506000,26.92,28.81,26.31,28.21,15.64,19.38,15.34,18.76,15.5,22.55,15.12,21.62,0,,,,,AAPL_YF_GITHUB;CBOE_VXAPL;CBOE_VIX;CBOE_VIX9D
2014-10-10,22.32628406,22.62340531,22.23980837,22.33515358,265326400,28.5,29.76,27.95,29.69,19.11,22.06,18.14,21.24,20.43,23.04,18.65,21.95,0,,,,,AAPL_YF_GITHUB;CBOE_VXAPL;CBOE_VIX;CBOE_VIX9D
2014-10-13,22.46818989,22.567969,22.13115501,22.13115501,214333600,31.96,33.77,30.83,33.77,21.16,24.64,20.52,24.64,23.29,27.25,21.41,27.22,0,,,,,AAPL_YF_GITHUB;CBOE_VXAPL;CBOE_VIX;CBOE_VIX9D
2014-10-14,22.25976765,22.28859232,21.8562138,21.89612579,254754400,33.35,33.71,30.99,32.85,23.77,24.55,21.48,22.79,26.16,26.93,23.15,24.61,0,,,,,AAPL_YF_GITHUB;CBOE_VXAPL;CBOE_VIX;CBOE_VIX9D
2014-10-15,21.72316424,21.98480903,21.10452948,21.62781906,403734400,33.61,41.79,33.0,36.97,26.36,31.06,24.64,26.25,30.18,39.62,26.95,31.12,0,,,,,AAPL_YF_GITHUB;CBOE_VXAPL;CBOE_VIX;CBOE_VIX9D
2014-10-16,21.18656599,21.66772568,21.15552354,21.34399605,288618000,39.34,41.4,33.89,34.2,29.26,29.41,24.61,25.2,35.6,35.63,29.27,30.48,0,,,,,AAPL_YF_GITHUB;CBOE_VXAPL;CBOE_VIX;CBOE_VIX9D
2014-10-17,21.61895255,21.95155182,21.46595635,21.65664673,272718800,33.34,33.5,29.73,31.7,21.68,23.08,20.23,21.99,25.29,26.98,22.37,23.81,0,,,,,AAPL_YF_GITHUB;CBOE_VXAPL;CBOE_VIX;CBOE_VIX9D
2014-10-20,21.80077178,22.16441349,21.77859884,22.1200676,310069200,31.51,31.7,29.67,29.67,22.11,22.16,18.51,18.57,25.82,25.96,19.38,19.45,0,,,,,AAPL_YF_GITHUB;CBOE_VXAPL;CBOE_VIX;CBOE_VIX9D
2014-10-21,22.84291648,22.84291648,22.45488401,22.72096443,378495600,22.93,24.94,22.22,22.45,17.72,17.75,16.03,16.08,18.13,18.3,16.38,16.38,0,,,,,AAPL_YF_GITHUB;CBOE_VXAPL;CBOE_VIX;CBOE_VIX9D
2014-10-22,22.8030072,23.08460889,22.74979179,22.83626747,273052400,22.04,23.11,21.09,22.7,16.06,18.43,15.56,17.87,16.57,19.49,15.88,18.36,0,,,,,AAPL_YF_GITHUB;CBOE_VXAPL;CBOE_VIX;CBOE_VIX9D
2014-10-23,23.077963,23.29304421,22.97818217,23.2442627,284298800,22.05,22.22,21.24,21.65,16.07,17.06,15.68,16.53,15.77,17.72,15.29,16.12,0,,,,,AAPL_YF_GITHUB;CBOE_VXAPL;CBOE_VIX;CBOE_VIX9D
2014-10-24,23.32186092,23.39059756,23.17773423,23.33073044,188215600,21.63,22.47,21.46,21.74,16.43,18.06,16.09,16.11,16.52,17.88,14.76,14.76,0,,,,,AAPL_YF_GITHUB;CBOE_VXAPL;CBOE_VIX;CBOE_VIX9D
2014-10-27,23.24869206,23.38838485,23.21543179,23.30634308,136750800,22.33,22.91,21.9,22.22,17.24,17.87,16.0,16.04,17.93,18.54,16.01,16.09,0,,,,,AAPL_YF_GITHUB;CBOE_VXAPL;CBOE_VIX;CBOE_VIX9D
2014-10-28,23.37064345,23.66776466,23.35955613,23.66776466,192243600,22.38,22.45,21.48,21.48,15.69,15.78,14.39,14.39,15.97,16.02,14.39,14.39,0,,,,,AAPL_YF_GITHUB;CBOE_VXAPL;CBOE_VIX;CBOE_VIX9D
2014-10-29,23.64781151,23.80745945,23.58350877,23.80080605,210751600,21.42,22.29,21.41,21.6,14.61,16.28,14.19,15.15,15.0,17.06,14.23,14.9,0,,,,,AAPL_YF_GITHUB;CBOE_VXAPL;CBOE_VIX;CBOE_VIX9D
2014-10-30,23.7165479,23.80302359,23.4815116,23.72098351,162619200,21.76,22.36,21.41,21.74,15.31,15.75,14.07,14.52,15.12,15.7,11.56,14.0,0,,,,,AAPL_YF_GITHUB;CBOE_VXAPL;CBOE_VIX;CBOE_VIX9D
2014-10-31,23.94936517,23.95601689,23.77197822,23.94714737,178557200,21.53,21.85,21.1,21.2,13.84,14.83,13.72,14.03,13.8,15.02,13.64,13.8,0,,,,,AAPL_YF_GITHUB;CBOE_VXAPL;CBOE_VIX;CBOE_VIX9D
2014-11-03,23.99593114,24.45713591,23.94936744,24.25757599,209130400,21.84,22.55,21.84,22.15,14.41,14.99,14.23,14.73,14.55,15.36,14.31,14.77,0,,,,,AAPL_YF_GITHUB;CBOE_VXAPL;CBOE_VIX;CBOE_VIX9D
2014-11-04,24.24870812,24.27753279,23.88506633,24.08019066,166297600,22.39,23.08,22.25,22.34,15.05,15.93,14.83,14.89,15.02,15.97,14.73,14.81,0,,,,,AAPL_YF_GITHUB;CBOE_VXAPL;CBOE_VIX;CBOE_VIX9D
2014-11-05,24.1910576,24.23540519,23.97597643,24.13784218,149743600,22.46,23.19,22.06,22.21,14.15,14.99,14.15,14.17,13.9,14.55,13.28,13.35,0,,,,,AAPL_YF_GITHUB;CBOE_VXAPL;CBOE_VIX;CBOE_VIX9D
2014-11-06,24.18460766,24.22692013,24.00645319,24.20687675,139874000,22.07,23.22,22.07,22.53,14.46,15.08,13.67,13.67,13.71,14.45,12.65,12.65,0,,,,,AAPL_YF_GITHUB;CBOE_VXAPL;CBOE_VIX;CBOE_VIX9D
2014-11-07,24.21800842,24.34494412,24.17347024,24.27590942,134766000,22.64,22.88,22.1,22.31,13.71,14.16,13.01,13.12,12.54,13.16,11.09,11.13,0,,,,,AAPL_YF_GITHUB;CBOE_VXAPL;CBOE_VIX;CBOE_VIX9D
2014-11-10,24.27813535,24.34717175,24.20019268,24.23582458,108782000,23.18,23.23,22.35,22.35,13.16,13.25,12.38,12.67,11.65,13.03,11.32,11.32,0,,,,,AAPL_YF_GITHUB;CBOE_VXAPL;CBOE_VIX;CBOE_VIX9D
2014-11-11,24.2068749,24.44070464,24.14006761,24.42956924,109769200,22.33,22.51,21.81,22.13,12.71,13.18,12.6,12.92,11.77,12.06,11.29,11.54,0,,,,,AAPL_YF_GITHUB;CBOE_VXAPL;CBOE_VIX;CBOE_VIX9D
2014-11-12,24.35830128,24.81482526,24.35607556,24.77474022,187769600,22.21,22.79,21.44,21.65,13.76,13.76,12.99,13.02,13.14,16.44,11.38,11.39,0,,,,,AAPL_YF_GITHUB;CBOE_VXAPL;CBOE_VIX;CBOE_VIX9D
2014-11-13,24.89722881,25.26467312,24.85268892,25.1243763,238091600,21.66,22.49,21.43,22.29,13.33,14.31,12.87,13.79,11.8,12.81,11.13,11.97,0,,,,,AAPL_YF_GITHUB;CBOE_VXAPL;CBOE_VIX;CBOE_VIX9D
2014-11-14,25.19786925,25.42947161,24.76584161,25.42724419,176254400,22.17,23.16,22.17,22.82,13.79,14.15,13.31,13.31,11.72,12.88,11.3,11.35,0,,,,,AAPL_YF_GITHUB;CBOE_VXAPL;CBOE_VIX;CBOE_VIX9D
2014-11-17,25.44728189,26.11759234,25.23126981,25.38492775,186986800,23.94,25.41,23.94,25.1,14.7,14.73,13.84,13.99,12.79,12.84,11.4,11.42,0,,,,,AAPL_YF_GITHUB;CBOE_VXAPL;CBOE_VIX;CBOE_VIX9D
2014-11-18,25.37379174,25.7635068,25.36265634,25.71451378,176896000,24.98,25.2,24.2,25.15,13.86,13.99,13.13,13.86,11.2,11.51,10.43,11.49,0,,,,,AAPL_YF_GITHUB;CBOE_VXAPL;CBOE_VIX;CBOE_VIX9D
2014-11-19,25.70783346,25.77464074,25.3426149,25.53635788,167476800,25.23,25.9,24.96,25.19,14.01,14.78,13.83,13.96,11.46,12.37,10.78,11.42,0,,,,,AAPL_YF_GITHUB;CBOE_VXAPL;CBOE_VIX;CBOE_VIX9D
2014-11-20,25.58980818,26.02406147,25.57644536,25.9015789,173582000,25.46,25.54,24.86,25.41,14.66,15.74,13.58,13.58,12.15,12.19,10.78,10.91,0,,,,,AAPL_YF_GITHUB;CBOE_VXAPL;CBOE_VIX;CBOE_VIX9D
2014-11-21,26.1688124,26.18217352,25.83922403,25.93721008,228717200,25.37,25.67,24.59,25.35,13.16,13.8,12.9,12.9,10.81,11.59,10.42,10.45,0,,,,,AAPL_YF_GITHUB;CBOE_VXAPL;CBOE_VIX;CBOE_VIX9D
2014-11-24,26.02184002,26.44941286,25.97062126,26.41823578,189803200,25.62,25.64,23.77,24.42,12.92,13.02,12.43,12.62,11.56,11.85,11.0,11.15,0,,,,,AAPL_YF_GITHUB;CBOE_VXAPL;CBOE_VIX;CBOE_VIX9D
2014-11-25,26.51621131,26.66764351,26.15544592,26.1888504,275361600,24.49,25.36,24.31,24.41,12.55,13.02,12.23,12.25,11.11,11.84,10.8,10.81,0,,,,,AAPL_YF_GITHUB;CBOE_VXAPL;CBOE_VIX;CBOE_VIX9D
2014-11-26,26.26457016,26.5228947,26.24007365,26.50062561,163073200,24.45,24.58,24.1,24.48,12.27,12.4,11.91,12.07,11.0,11.57,10.82,11.12,0,,,,,AAPL_YF_GITHUB;CBOE_VXAPL;CBOE_VIX;CBOE_VIX9D
2014-11-28,26.56074828,26.58969963,26.28906266,26.48503304,99257600,25.1,25.8,25.1,25.78,12.64,13.49,12.36,13.33,11.81,13.48,11.5,12.98,0,,,,,AAPL_YF_GITHUB;CBOE_VXAPL;CBOE_VIX;CBOE_VIX9D
2014-12-01,26.45831902,26.55630509,24.77920317,25.6254425,335256000,26.59,32.89,22.97,28.88,14.16,14.75,13.94,14.29,14.34,15.39,14.04,14.63,0,,,,,AAPL_YF_GITHUB;CBOE_VXAPL;CBOE_VIX;CBOE_VIX9D
2014-12-02,25.27580091,25.77686305,25.1087802,25.52744484,237395600,29.03,30.19,27.63,27.67,14.1,14.17,12.85,12.85,14.2,14.24,12.56,12.57,0,,,,,AAPL_YF_GITHUB;CBOE_VXAPL;CBOE_VIX;CBOE_VIX9D
2014-12-03,25.7768648,25.91048104,25.63434059,25.81694984,172253600,27.56,27.63,25.97,26.09,12.75,12.88,12.21,12.47,12.53,12.69,11.87,12.16,0,,,,,AAPL_YF_GITHUB;CBOE_VXAPL;CBOE_VIX;CBOE_VIX9D
2014-12-04,25.78132158,26.09977453,25.67442925,25.71896744,168178000,26.28,26.49,25.64,26.22,12.7,13.23,12.09,12.38,12.3,13.1,11.69,11.88,0,,,,,AAPL_YF_GITHUB;CBOE_VXAPL;CBOE_VIX;CBOE_VIX9D
2014-12-05,25.83031686,25.85036023,25.52967983,25.60984993,153275600,26.2,26.4,24.43,24.75,12.08,12.28,11.53,11.82,11.53,12.62,10.32,10.7,0,,,,,AAPL_YF_GITHUB;CBOE_VXAPL;CBOE_VIX;CBOE_VIX9D
2014-12-08,25.4094273,25.53190988,24.85714621,25.03084755,230659600,25.88,28.1,25.01,27.44,13.05,14.67,12.55,14.21,13.16,17.84,11.74,15.47,0,,,,,AAPL_YF_GITHUB;CBOE_VXAPL;CBOE_VIX;CBOE_VIX9D
2014-12-09,24.5386887,25.45396253,24.35162458,25.41387749,240832000,28.33,28.92,26.6,26.82,16.23,16.68,14.84,14.89,18.93,20.62,15.15,15.27,0,,,,,AAPL_YF_GITHUB;CBOE_VXAPL;CBOE_VIX;CBOE_VIX9D
2014-12-10,25.47845538,25.57643972,24.83932214,24.93062592,178261200,26.93,30.52,26.72,30.39,15.56,18.92,15.4,18.53,15.9,27.23,15.9,21.71,0,,,,,AAPL_YF_GITHUB;CBOE_VXAPL;CBOE_VIX;CBOE_VIX9D
2014-12-11,24.99966573,25.3426152,24.79478566,24.85714149,165606800,30.3,30.3,27.73,29.78,17.68,20.13,15.94,20.08,20.1,22.08,16.93,22.08,0,,,,,AAPL_YF_GITHUB;CBOE_VXAPL;CBOE_VIX;CBOE_VIX9D
2014-12-12,24.59881276,24.91281255,24.40284239,24.43624687,224112400,30.01,32.46,29.7,32.46,20.51,23.06,18.34,21.08,23.28,26.12,19.88,23.82,0,,,,,AAPL_YF_GITHUB;CBOE_VXAPL;CBOE_VIX;CBOE_VIX9D
2014-12-15,24.65225683,24.85268203,23.68353702,24.10220337,268872400,31.42,36.06,29.21,32.48,19.59,24.83,17.77,20.42,21.16,25.47,20.23,21.16,0,,,,,AAPL_YF_GITHUB;CBOE_VXAPL;CBOE_VIX;CBOE_VIX9D
2014-12-16,23.68799602,24.53200771,23.6634995,23.77261925,243162800,33.57,35.65,31.45,35.63,23.55,25.2,19.6,23.57,23.22,24.45,18.54,24.25,0,,,,,AAPL_YF_GITHUB;CBOE_VXAPL;CBOE_VIX;CBOE_VIX9D
2014-12-17,23.85501435,24.46074143,23.78820538,24.36498451,213647200,35.69,35.69,29.79,30.4,23.9,24.61,19.26,19.44,23.8,24.56,17.7,18.04,0,,,,,AAPL_YF_GITHUB;CBOE_VXAPL;CBOE_VIX;CBOE_VIX9D
2014-12-18,24.91281224,25.08651352,24.64335233,25.08651352,236024800,29.41,29.91,28.29,28.29,17.14,18.51,16.07,16.81,15.94,16.34,14.06,14.46,0,,,,,AAPL_YF_GITHUB;CBOE_VXAPL;CBOE_VIX;CBOE_VIX9D
2014-12-19,24.99965904,25.21789847,24.86604282,24.89276505,353719200,28.58,29.0,27.85,28.43,16.57,17.2,16.11,16.49,14.23,14.57,13.02,13.77,0,,,,,AAPL_YF_GITHUB;CBOE_VXAPL;CBOE_VIX;CBOE_VIX9D
2014-12-22,24.97740263,25.27358486,24.93509015,25.15110397,180670000,29.81,29.81,28.28,28.3,16.32,16.88,15.03,15.25,14.34,14.64,12.47,12.7,0,,,,,AAPL_YF_GITHUB;CBOE_VXAPL;CBOE_VIX;CBOE_VIX9D
2014-12-23,25.21568281,25.23795191,25.04420721,25.06202316,104113600,28.52,28.7,27.55,27.61,14.47,15.21,14.32,14.8,11.87,12.43,10.93,11.1,0,,,,,AAPL_YF_GITHUB;CBOE_VXAPL;CBOE_VIX;CBOE_VIX9D
2014-12-24,25.0709264,25.09987605,24.94399071,24.94399071,57918400,27.96,28.18,27.67,27.76,14.52,14.54,14.01,14.37,10.92,11.01,9.94,10.35,0,,,,,AAPL_YF_GITHUB;CBOE_VXAPL;CBOE_VIX;CBOE_VIX9D
2014-12-26,24.96403558,25.50295548,24.9439939,25.38492775,134884000,28.63,28.89,27.96,28.87,14.6,14.84,14.13,14.5,11.45,12.54,11.12,12.09,0,,,,,AAPL_YF_GITHUB;CBOE_VXAPL;CBOE_VIX;CBOE_VIX9D
2014-12-29,25.34039299,25.55863253,25.32034961,25.36711693,110395600,30.37,30.4,29.42,29.78,16.04,16.14,15.06,15.06,14.72,14.84,12.47,12.79,0,,,,,AAPL_YF_GITHUB;CBOE_VXAPL;CBOE_VIX;CBOE_VIX9D
2014-12-30,25.30698395,25.3693381,24.9662619,25.05756569,119526000,30.3,30.41,29.85,30.08,15.9,16.2,15.48,15.92,13.98,14.28,13.18,13.86,0,,,,,AAPL_YF_GITHUB;CBOE_VXAPL;CBOE_VIX;CBOE_VIX9D
2014-12-31,25.12437213,25.19340682,24.54313984,24.58099747,165613600,30.26,31.93,29.82,31.87,15.91,19.91,15.86,19.2,13.65,20.12,13.62,18.95,0,,,,,AAPL_YF_GITHUB;CBOE_VXAPL;CBOE_VIX;CBOE_VIX9D
2015-01-02,24.80592739,24.81706279,23.90624188,24.34717751,212818400,32.42,35.9,32.34,34.1,17.76,20.14,17.05,17.79,16.85,20.19,16.01,16.47,0,,,,,AAPL_YF_GITHUB;CBOE_VXAPL;CBOE_VIX;CBOE_VIX9D
2015-01-05,24.11556479,24.19573487,23.47420585,23.66126823,257142000,35.75,38.08,35.49,37.81,19.19,21.29,19.19,19.92,19.34,21.71,19.26,19.45,0,,,,,AAPL_YF_GITHUB;CBOE_VXAPL;CBOE_VIX;CBOE_VIX9D
2015-01-06,23.72585015,23.92404793,23.30050323,23.66349602,263188400,37.8,39.61,37.17,38.25,20.33,22.9,19.52,21.12,19.88,22.96,18.62,20.53,0,,,,,AAPL_YF_GITHUB;CBOE_VXAPL;CBOE_VIX;CBOE_VIX9D
2015-01-07,23.87282919,24.0955235,23.76148203,23.99531174,160423600,38.13,38.32,36.72,36.84,20.15,20.72,19.04,19.31,18.59,19.58,17.52,17.59,0,,,,,AAPL_YF_GITHUB;CBOE_VXAPL;CBOE_VIX;CBOE_VIX9D
2015-01-08,24.32490085,24.97516784,24.20687143,24.91726685,237458000,36.48,36.49,34.76,35.05,17.93,18.09,16.99,17.01,15.97,16.37,15.04,15.04,0,,,,,AAPL_YF_GITHUB;CBOE_VXAPL;CBOE_VIX;CBOE_VIX9D
2015-01-09,25.09096807,25.22013118,24.54314026,24.94399071,214798000,34.94,36.76,34.94,35.73,16.44,18.42,16.44,17.55,13.89,17.26,13.89,15.2,0,,,,,AAPL_YF_GITHUB;CBOE_VXAPL;CBOE_VIX;CBOE_VIX9D
2015-01-12,25.075375,25.08205555,24.22913777,24.32934952,198603200,39.15,41.41,38.91,40.75,18.02,20.44,18.02,19.6,16.86,20.1,16.81,18.2,0,,,,,AAPL_YF_GITHUB;CBOE_VXAPL;CBOE_VIX;CBOE_VIX9D
2015-01-13,24.81482812,25.11991995,24.25363918,24.54536819,268367600,40.19,40.36,38.41,39.98,18.21,21.58,17.65,20.56,16.45,21.18,15.65,19.63,0,,,,,AAPL_YF_GITHUB;CBOE_VXAPL;CBOE_VIX;CBOE_VIX9D
2015-01-14,24.28258938,24.60549547,24.16233424,24.45183754,195826400,40.63,42.74,40.56,41.53,22.87,23.34,21.32,21.48,23.55,23.77,21.2,21.23,0,,,,,AAPL_YF_GITHUB;CBOE_VXAPL;CBOE_VIX;CBOE_VIX9D
2015-01-15,24.49637407,24.50973519,23.75257589,23.7882061,240056000,41.49,45.6,41.48,44.44,21.23,23.31,20.86,22.39,21.69,25.23,21.2,23.73,0,,,,,AAPL_YF_GITHUB;CBOE_VXAPL;CBOE_VIX;CBOE_VIX9D
2015-01-16,23.83496911,23.95745165,23.42743816,23.60336685,314053200,44.53,44.55,40.88,41.81,22.8,23.43,20.95,20.95,23.98,24.91,21.48,21.48,0,,,,,AAPL_YF_GITHUB;CBOE_VXAPL;CBOE_VIX;CBOE_VIX9D
2015-01-20,24.0153583,24.267004,23.71694868,24.21133041,199599600,41.67,41.72,37.85,38.01,20.07,21.37,19.58,19.89,22.56,24.84,21.87,21.94,0,,,,,AAPL_YF_GITHUB;CBOE_VXAPL;CBOE_VIX;CBOE_VIX9D
2015-01-21,24.26254219,24.73242728,24.11111001,24.39616013,194303600,37.98,38.37,36.85,38.07,20.92,21.28,18.64,18.85,22.62,23.39,20.19,20.36,0,,,,,AAPL_YF_GITHUB;CBOE_VXAPL;CBOE_VIX;CBOE_VIX9D
2015-01-22,24.55428173,25.04643609,24.43402657,25.03084755,215185600,37.5,37.5,35.4,35.67,17.98,19.23,16.07,16.4,19.0,20.77,15.2,15.58,0,,,,,AAPL_YF_GITHUB;CBOE_VXAPL;CBOE_VIX;CBOE_VIX9D
2015-01-23,25.00857715,25.33148329,24.83710154,25.16000938,185859200,35.88,36.52,35.65,35.91,16.79,17.09,15.81,16.66,16.34,16.89,14.47,16.08,0,,,,,AAPL_YF_GITHUB;CBOE_VXAPL;CBOE_VIX;CBOE_VIX9D
2015-01-26,25.32925175,25.46732285,25.11992025,25.18672752,222460000,36.76,40.16,36.76,39.98,16.96,17.43,15.52,15.52,17.47,18.2,14.89,14.89,0,,,,,AAPL_YF_GITHUB;CBOE_VXAPL;CBOE_VIX;CBOE_VIX9D
2015-01-27,25.0352963,25.04865911,24.28036265,24.30485916,382274800,41.36,45.76,38.85,42.25,17.6,18.41,16.67,17.22,18.22,19.12,16.39,17.56,1,2014-12-31,0.65,0.76,0.16923077,AAPL_YF_GITHUB;CBOE_VXAPL;CBOE_VIX;CBOE_VIX9D;ALPHAQUERY_ZACKS_EARNINGS
2015-01-28,26.19553338,26.30465482,25.6788826,25.6788826,585908400,28.86,30.88,28.42,30.83,16.97,20.44,16.92,20.44,17.11,27.85,17.0,21.78,0,,,,,AAPL_YF_GITHUB;CBOE_VXAPL;CBOE_VIX;CBOE_VIX9D
2015-01-29,25.90381111,26.54294461,25.7345629,26.47836304,337745600,30.46,30.46,28.36,29.26,20.46,21.56,18.66,18.76,21.59,22.97,18.78,18.78,0,,,,,AAPL_YF_GITHUB;CBOE_VXAPL;CBOE_VIX;CBOE_VIX9D
2015-01-30,26.36700848,26.72331907,26.0218316,26.090868,334982000,29.43,31.59,29.28,31.57,20.23,22.18,19.24,20.97,20.69,22.76,19.54,21.17,0,,,,,AAPL_YF_GITHUB;CBOE_VXAPL;CBOE_VIX;CBOE_VIX9D
2015-02-02,26.28907432,26.53849096,25.85036608,26.41823578,250956400,31.92,32.26,29.12,29.13,20.89,22.81,19.35,19.43,21.47,24.12,19.14,19.39,0,,,,,AAPL_YF_GITHUB;CBOE_VXAPL;CBOE_VIX;CBOE_VIX9D
2015-02-03,26.38927161,26.52066041,26.19107384,26.42267609,207662800,29.21,29.37,27.54,27.59,18.41,18.89,17.2,17.33,18.17,18.9,16.45,16.54,0,,,,,AAPL_YF_GITHUB;CBOE_VXAPL;CBOE_VIX;CBOE_VIX9D
2015-02-04,26.38927456,26.83689058,26.3469621,26.62532997,280598800,27.79,28.45,27.45,28.41,17.82,18.38,16.82,18.33,17.22,17.49,15.41,17.48,0,,,,,AAPL_YF_GITHUB;CBOE_VXAPL;CBOE_VIX;CBOE_VIX9D
2015-02-05,26.83325512,26.88020699,26.6611045,26.81537056,168984800,28.33,28.57,27.35,27.36,17.29,17.43,16.67,16.85,16.28,16.48,15.31,15.31,0,,,,,AAPL_YF_GITHUB;CBOE_VXAPL;CBOE_VIX;CBOE_VIX9D
2015-02-06,26.83326121,26.88468381,26.48225127,26.58956718,174826400,27.31,28.78,26.84,28.73,16.29,18.74,16.06,17.29,14.69,16.97,13.79,14.93,0,,,,,AAPL_YF_GITHUB;CBOE_VXAPL;CBOE_VIX;CBOE_VIX9D
2015-02-09,26.5046074,26.79301536,26.47777799,26.76618767,155559200,29.81,29.81,27.38,27.58,19.16,19.28,18.21,18.55,18.13,18.14,16.37,16.88,0,,,,,AAPL_YF_GITHUB;CBOE_VXAPL;CBOE_VIX;CBOE_VIX9D
2015-02-10,26.86678927,27.30946493,26.86455477,27.28039932,248034000,27.28,27.29,25.9,25.91,17.72,18.36,16.97,17.23,15.62,16.54,14.66,15.2,0,,,,,AAPL_YF_GITHUB;CBOE_VXAPL;CBOE_VIX;CBOE_VIX9D
2015-02-11,27.44807932,27.92876201,27.38771531,27.91981888,294247200,26.11,26.53,25.87,26.16,17.43,17.81,16.82,16.96,15.19,15.87,14.28,14.28,0,,,,,AAPL_YF_GITHUB;CBOE_VXAPL;CBOE_VIX;CBOE_VIX9D
2015-02-12,28.18363405,28.50110925,28.07408367,28.27306366,297898000,26.37,27.49,26.04,26.05,16.39,16.47,15.28,15.34,13.36,13.93,12.36,12.36,0,,,,,AAPL_YF_GITHUB;CBOE_VXAPL;CBOE_VIX;CBOE_VIX9D
2015-02-13,28.45639609,28.45639609,28.09197239,28.41168213,217088800,26.36,26.66,25.67,25.87,15.11,15.64,14.69,14.69,12.61,12.8,11.76,11.76,0,,,,,AAPL_YF_GITHUB;CBOE_VXAPL;CBOE_VIX;CBOE_VIX9D
2015-02-17,28.5033509,28.81411926,28.37591422,28.57936668,252609600,27.37,27.74,26.78,26.78,15.86,16.33,15.53,15.8,14.11,14.86,12.95,13.55,0,,,,,AAPL_YF_GITHUB;CBOE_VXAPL;CBOE_VIX;CBOE_VIX9D
2015-02-18,28.53464752,28.79175705,28.49440428,28.7783432,179566800,27.07,27.12,25.17,25.21,16.74,16.74,15.44,15.45,14.18,14.25,12.39,12.4,0,,,,,AAPL_YF_GITHUB;CBOE_VXAPL;CBOE_VIX;CBOE_VIX9D
2015-02-19,28.72468254,28.84764848,28.69114793,28.71797562,149449600,25.39,25.54,24.91,25.11,16.11,16.22,15.1,15.29,13.18,13.47,12.2,12.34,0,,,,,AAPL_YF_GITHUB;CBOE_VXAPL;CBOE_VIX;CBOE_VIX9D
2015-02-20,28.75598277,28.95272827,28.62854783,28.95272827,195793600,25.14,25.64,25.01,25.14,15.73,16.29,14.27,14.3,13.01,13.66,11.74,11.74,0,,,,,AAPL_YF_GITHUB;CBOE_VXAPL;CBOE_VIX;CBOE_VIX9D
2015-02-23,29.0689955,29.73524284,28.98850899,29.73524284,283896400,25.45,26.95,25.13,26.76,15.05,15.48,14.49,14.56,13.43,13.68,12.15,12.16,0,,,,,AAPL_YF_GITHUB;CBOE_VXAPL;CBOE_VIX;CBOE_VIX9D
2015-02-24,29.72182158,29.86938071,29.32609607,29.54966927,276912400,26.98,27.53,26.18,26.27,14.5,14.63,13.53,13.69,12.2,12.54,10.6,10.94,0,,,,,AAPL_YF_GITHUB;CBOE_VXAPL;CBOE_VIX;CBOE_VIX9D
2015-02-25,29.41328591,29.42223075,28.65090058,28.79398727,298846800,26.36,29.12,26.02,28.04,13.64,14.06,12.86,13.84,11.1,12.18,10.44,11.64,0,,,,,AAPL_YF_GITHUB;CBOE_VXAPL;CBOE_VIX;CBOE_VIX9D
2015-02-26,28.7939951,29.25902784,28.30660709,29.15842056,365150000,27.94,30.98,27.93,28.7,13.55,14.57,13.55,13.91,11.56,12.37,11.18,11.38,0,,,,,AAPL_YF_GITHUB;CBOE_VXAPL;CBOE_VIX;CBOE_VIX9D
2015-02-27,29.06451993,29.19195831,28.67103227,28.72021866,248059200,28.9,29.65,28.69,29.32,14.07,14.17,13.29,13.34,11.67,11.88,10.6,10.6,0,,,,,AAPL_YF_GITHUB;CBOE_VXAPL;CBOE_VIX;CBOE_VIX9D
2015-03-02,28.89684317,29.12712335,28.68444926,28.86107063,192386800,30.17,30.17,28.3,28.3,13.9,13.9,12.87,13.04,11.86,11.9,10.71,10.85,0,,,,,AAPL_YF_GITHUB;CBOE_VXAPL;CBOE_VIX;CBOE_VIX9D
2015-03-03,28.83200837,28.95720885,28.63749732,28.92143631,151265200,28.5,28.78,27.86,27.86,13.35,14.69,13.25,13.86,11.35,12.99,11.21,11.81,0,,,,,AAPL_YF_GITHUB;CBOE_VXAPL;CBOE_VIX;CBOE_VIX9D
2015-03-04,28.86330392,28.96614569,28.68891708,28.73810005,126665200,28.13,28.77,27.98,28.0,14.31,15.33,14.13,14.23,12.54,14.02,12.12,12.28,0,,,,,AAPL_YF_GITHUB;CBOE_VXAPL;CBOE_VIX;CBOE_VIX9D
2015-03-05,28.74704775,28.78505479,28.11657128,28.26189423,226068400,28.08,30.27,28.08,28.77,14.01,14.58,13.88,14.04,12.24,12.87,11.97,12.16,0,,,,,AAPL_YF_GITHUB;CBOE_VXAPL;CBOE_VIX;CBOE_VIX9D
2015-03-06,28.70680168,28.92366798,28.2283568,28.30437088,291368400,28.41,29.95,28.41,29.8,14.61,15.83,14.18,15.2,13.16,15.16,12.64,14.31,0,,,,,AAPL_YF_GITHUB;CBOE_VXAPL;CBOE_VIX;CBOE_VIX9D
2015-03-09,28.60842839,28.96838311,27.96006572,28.42509842,354114000,30.63,30.74,27.0,27.02,15.72,15.76,14.71,15.06,15.64,15.64,13.95,14.2,0,,,,,AAPL_YF_GITHUB;CBOE_VXAPL;CBOE_VIX;CBOE_VIX9D
2015-03-10,28.26189042,28.44298418,27.67836421,27.83710098,275426400,27.5,28.7,27.36,28.1,16.47,16.91,16.03,16.69,16.34,16.95,15.62,16.72,0,,,,,AAPL_YF_GITHUB;CBOE_VXAPL;CBOE_VIX;CBOE_VIX9D
2015-03-11,27.89075521,27.89522592,27.30052213,27.32958603,275756000,28.28,29.82,28.25,28.79,16.44,17.19,16.29,16.87,16.39,17.13,16.12,16.78,0,,,,,AAPL_YF_GITHUB;CBOE_VXAPL;CBOE_VIX;CBOE_VIX9D
2015-03-12,27.34523817,27.92429366,27.19320832,27.82368469,193450800,28.82,29.04,26.77,27.08,16.45,16.45,15.3,15.42,16.28,16.28,14.95,15.04,0,,,,,AAPL_YF_GITHUB;CBOE_VXAPL;CBOE_VIX;CBOE_VIX9D
2015-03-13,27.81250797,28.03608118,27.40560479,27.63141251,207309200,27.15,28.52,26.97,27.7,15.47,16.74,15.32,16.0,14.93,16.9,14.92,15.25,0,,,,,AAPL_YF_GITHUB;CBOE_VXAPL;CBOE_VIX;CBOE_VIX9D
2015-03-16,27.69625489,27.93547821,27.47044713,27.93547821,143497200,27.65,28.03,25.71,25.72,15.78,15.89,15.36,15.61,15.78,16.3,15.53,16.15,0,,,,,AAPL_YF_GITHUB;CBOE_VXAPL;CBOE_VIX;CBOE_VIX9D
2015-03-17,28.14786905,28.46534262,28.09197574,28.40274239,204092400,26.04,26.21,25.48,26.11,16.31,16.37,15.66,15.66,16.95,17.48,16.22,16.72,0,,,,,AAPL_YF_GITHUB;CBOE_VXAPL;CBOE_VIX;CBOE_VIX9D
2015-03-18,28.39379925,28.87671823,28.25294874,28.72245216,261083600,26.61,27.18,24.47,24.67,14.6,16.29,13.38,13.97,17.74,18.4,13.36,13.85,0,,,,,AAPL_YF_GITHUB;CBOE_VXAPL;CBOE_VIX;CBOE_VIX9D
2015-03-19,28.78505509,28.89684171,28.48323155,28.50558853,183238000,25.06,25.3,24.87,25.26,14.68,14.97,13.84,14.07,14.16,14.58,12.66,12.89,0,,,,,AAPL_YF_GITHUB;CBOE_VXAPL;CBOE_VIX;CBOE_VIX9D
2015-03-20,28.67326779,28.70680241,27.9824273,28.14787102,274780400,25.33,25.35,24.38,24.94,13.52,13.53,12.54,13.02,12.2,12.21,10.55,10.73,0,,,,,AAPL_YF_GITHUB;CBOE_VXAPL;CBOE_VIX;CBOE_VIX9D
2015-03-23,28.42063126,28.58383877,28.28648595,28.44075203,150838800,26.59,26.78,26.13,26.38,13.52,13.53,12.89,13.41,12.0,12.03,11.33,12.03,0,,,,,AAPL_YF_GITHUB;CBOE_VXAPL;CBOE_VIX;CBOE_VIX9D
2015-03-24,28.44522316,28.62631523,28.2954278,28.32449341,131369200,26.87,27.14,26.3,26.63,13.36,13.68,12.59,13.62,11.99,12.37,10.67,12.24,0,,,,,AAPL_YF_GITHUB;CBOE_VXAPL;CBOE_VIX;CBOE_VIX9D
2015-03-25,28.29095727,28.3535575,27.58446503,27.58446503,206620800,27.03,30.44,27.01,30.43,13.26,15.55,13.2,15.44,12.13,15.43,12.05,15.28,0,,,,,AAPL_YF_GITHUB;CBOE_VXAPL;CBOE_VIX;CBOE_VIX9D
2015-03-26,27.44584979,27.91982394,27.41007726,27.77673721,190291600,31.19,31.76,30.36,30.46,16.64,17.19,15.23,15.8,17.04,18.01,15.43,15.92,0,,,,,AAPL_YF_GITHUB;CBOE_VXAPL;CBOE_VIX;CBOE_VIX9D
2015-03-27,27.85051552,27.87957942,27.47938487,27.55539894,158184800,30.83,32.17,30.77,32.17,15.73,15.83,14.19,15.07,15.89,16.04,14.64,14.69,0,,,,,AAPL_YF_GITHUB;CBOE_VXAPL;CBOE_VIX;CBOE_VIX9D
2015-03-30,27.73425334,28.25964996,27.72307399,28.25294304,188398800,33.12,33.16,29.95,29.95,14.76,14.76,14.08,14.51,14.98,14.98,14.01,14.31,0,,,,,AAPL_YF_GITHUB;CBOE_VXAPL;CBOE_VIX;CBOE_VIX9D
2015-03-31,28.19034643,28.27977606,27.80356572,27.81921577,168362400,30.41,31.32,30.34,31.23,14.97,15.74,14.33,15.29,15.31,15.89,13.51,15.5,0,,,,,AAPL_YF_GITHUB;CBOE_VXAPL;CBOE_VIX;CBOE_VIX9D
2015-04-01,27.90641313,27.97348578,27.52186686,27.77897644,162485600,31.43,32.78,31.32,31.95,15.32,16.66,15.08,15.11,15.22,17.26,14.18,14.29,0,,,,,AAPL_YF_GITHUB;CBOE_VXAPL;CBOE_VIX;CBOE_VIX9D
2015-04-02,27.95335967,28.0718532,27.76555898,28.01819611,128880400,31.95,32.11,30.84,30.88,15.3,15.51,14.27,14.67,14.54,14.75,13.11,13.91,0,,,,,AAPL_YF_GITHUB;CBOE_VXAPL;CBOE_VIX;CBOE_VIX9D
2015-04-06,27.82815944,28.50782225,27.79685933,28.47204971,148776000,33.48,33.48,31.55,31.59,15.75,15.76,14.04,14.74,15.99,16.06,13.68,14.16,0,,,,,AAPL_YF_GITHUB;CBOE_VXAPL;CBOE_VIX;CBOE_VIX9D
2015-04-07,28.5368862,28.6442004,28.16575554,28.17246246,140049200,32.03,32.7,31.74,32.59,14.57,14.81,14.01,14.78,13.88,14.05,12.96,13.9,0,,,,,AAPL_YF_GITHUB;CBOE_VXAPL;CBOE_VIX;CBOE_VIX9D
2015-04-08,28.13668286,28.25964878,27.93993908,28.08078957,149316800,32.94,33.59,32.82,33.42,14.59,14.77,13.75,13.98,13.81,14.02,12.8,12.8,0,,,,,AAPL_YF_GITHUB;CBOE_VXAPL;CBOE_VIX;CBOE_VIX9D
2015-04-09,28.13669053,28.29989974,27.87063955,28.29542732,129936000,33.61,34.45,33.48,33.54,14.14,14.59,13.09,13.09,13.04,13.56,11.41,11.41,0,,,,,AAPL_YF_GITHUB;CBOE_VXAPL;CBOE_VIX;CBOE_VIX9D
2015-04-10,28.15904722,28.44074996,28.00478285,28.41615677,160752000,34.0,34.76,33.75,33.75,13.2,13.26,12.51,12.58,11.5,11.56,9.91,9.91,0,,,,,AAPL_YF_GITHUB;CBOE_VXAPL;CBOE_VIX;CBOE_VIX9D
2015-04-13,28.70008666,28.74480403,28.30659911,28.3602562,145460400,35.71,36.03,35.28,35.82,13.17,14.31,12.71,13.94,11.28,12.79,10.95,12.49,0,,,,,AAPL_YF_GITHUB;CBOE_VXAPL;CBOE_VIX;CBOE_VIX9D
2015-04-14,28.3937957,28.45863214,28.15010174,28.23729515,102098400,35.87,36.23,35.47,35.58,14.34,14.74,13.64,13.67,12.6,13.44,11.64,11.72,0,,,,,AAPL_YF_GITHUB;CBOE_VXAPL;CBOE_VIX;CBOE_VIX9D
2015-04-15,28.26189302,28.42286432,28.17246339,28.34461403,115881600,35.53,35.85,34.72,34.91,13.58,13.58,12.83,12.84,11.56,11.59,10.51,10.59,0,,,,,AAPL_YF_GITHUB;CBOE_VXAPL;CBOE_VIX;CBOE_VIX9D
2015-04-16,28.23282225,28.4161522,28.19481522,28.20822906,113476000,35.06,35.36,34.04,34.34,13.27,13.35,12.5,12.6,11.21,11.65,10.45,10.74,0,,,,,AAPL_YF_GITHUB;CBOE_VXAPL;CBOE_VIX;CBOE_VIX9D
2015-04-17,28.06961969,28.20152707,27.82592398,27.89076042,207828000,34.5,36.7,34.49,36.65,13.97,15.02,13.73,13.89,12.6,14.44,12.21,12.91,0,,,,,AAPL_YF_GITHUB;CBOE_VXAPL;CBOE_VIX;CBOE_VIX9D
2015-04-20,28.07408741,28.64419807,27.98465779,28.52794075,188217200,36.62,36.68,32.37,32.47,13.67,13.67,12.83,13.3,13.2,13.2,11.83,12.62,0,,,,,AAPL_YF_GITHUB;CBOE_VXAPL;CBOE_VIX;CBOE_VIX9D
2015-04-21,28.63973089,28.66208616,28.32001941,28.37367821,129740400,32.36,33.41,32.36,33.06,12.75,13.51,12.66,13.25,11.99,12.96,11.9,12.58,0,,,,,AAPL_YF_GITHUB;CBOE_VXAPL;CBOE_VIX;CBOE_VIX9D
2015-04-22,28.39156719,28.8118843,28.24177352,28.75599098,150618000,33.22,33.66,32.28,32.35,12.97,13.8,12.57,12.71,12.3,13.5,11.8,11.83,0,,,,,AAPL_YF_GITHUB;CBOE_VXAPL;CBOE_VIX;CBOE_VIX9D
2015-04-23,28.68445314,29.15842742,28.6486806,28.99074745,183083600,32.88,33.02,31.91,32.17,12.96,12.96,12.12,12.48,12.49,12.49,11.28,11.84,0,,,,,AAPL_YF_GITHUB;CBOE_VXAPL;CBOE_VIX;CBOE_VIX9D
2015-04-24,29.17407476,29.20537488,28.89237028,29.12712288,178103600,32.01,34.79,32.0,34.27,12.21,13.02,12.16,12.29,11.52,12.11,10.83,10.86,0,,,,,AAPL_YF_GITHUB;CBOE_VXAPL;CBOE_VIX;CBOE_VIX9D
2015-04-27,29.58098358,29.76431532,29.32163772,29.65699768,387816800,34.49,35.23,33.81,34.34,12.34,13.4,12.33,13.12,11.75,13.07,11.75,12.72,1,2015-03-31,0.55,0.58,0.05454545,AAPL_YF_GITHUB;CBOE_VXAPL;CBOE_VIX;CBOE_VIX9D;ALPHAQUERY_ZACKS_EARNINGS
2015-04-28,30.06166172,30.07954458,28.96838863,29.18972397,475696000,26.9,27.98,25.47,27.63,13.26,14.23,12.41,12.41,12.9,14.19,11.81,11.87,0,,,,,AAPL_YF_GITHUB;CBOE_VXAPL;CBOE_VIX;CBOE_VIX9D
2015-04-29,29.1002883,29.41999634,28.68444202,28.76045609,253544400,27.62,28.68,26.97,27.74,13.44,14.34,12.61,13.39,13.54,14.99,12.49,13.26,0,,,,,AAPL_YF_GITHUB;CBOE_VXAPL;CBOE_VIX;CBOE_VIX9D
2015-04-30,28.76046038,28.76046038,27.8527536,27.98019028,332781600,27.92,31.07,27.86,30.32,13.89,15.29,12.49,14.55,13.87,16.07,12.94,15.06,0,,,,,AAPL_YF_GITHUB;CBOE_VXAPL;CBOE_VIX;CBOE_VIX9D
2015-05-01,28.19258573,29.09358734,28.01372816,28.82976913,234050400,30.03,30.07,27.56,28.06,13.98,13.98,12.68,12.7,13.98,14.09,11.75,11.77,0,,,,,AAPL_YF_GITHUB;CBOE_VXAPL;CBOE_VIX;CBOE_VIX9D
2015-05-04,28.95273739,29.19196242,28.67550532,28.7738781,203953200,28.59,28.63,25.79,25.87,13.12,13.18,12.1,12.85,12.84,13.37,11.9,12.01,0,,,,,AAPL_YF_GITHUB;CBOE_VXAPL;CBOE_VIX;CBOE_VIX9D
2015-05-05,28.65090812,28.71798077,28.12104066,28.12551308,197085600,26.26,27.62,26.26,27.44,13.21,14.41,12.97,14.31,12.74,14.75,12.04,14.64,0,,,,,AAPL_YF_GITHUB;CBOE_VXAPL;CBOE_VIX;CBOE_VIX9D
2015-05-06,28.29542818,28.33790764,27.57999451,27.94889069,288564000,27.46,30.5,27.31,29.43,13.93,16.36,13.89,15.15,14.11,17.8,14.01,16.05,0,,,,,AAPL_YF_GITHUB;CBOE_VXAPL;CBOE_VIX;CBOE_VIX9D
2015-05-07,28.011744,28.30584941,27.84336372,28.12175369,175763600,29.46,29.88,27.1,27.16,15.48,15.97,14.81,15.13,16.48,17.09,15.27,15.59,0,,,,,AAPL_YF_GITHUB;CBOE_VXAPL;CBOE_VIX;CBOE_VIX9D
2015-05-08,28.44055696,28.65159416,28.31258799,28.65159416,222201600,26.62,26.62,24.74,24.8,13.36,13.42,12.7,12.86,12.54,12.54,11.13,11.32,0,,,,,AAPL_YF_GITHUB;CBOE_VXAPL;CBOE_VIX;CBOE_VIX9D
2015-05-11,28.59996955,28.63813536,28.20483643,28.35974693,168143200,25.88,26.38,24.95,25.18,13.35,13.85,13.0,13.85,12.82,13.41,12.11,13.41,0,,,,,AAPL_YF_GITHUB;CBOE_VXAPL;CBOE_VIX;CBOE_VIX9D
2015-05-12,28.19809298,28.48546181,28.02297771,28.25871086,192640000,25.36,26.28,24.66,25.24,14.73,15.13,13.73,13.86,14.93,15.67,13.41,13.82,0,,,,,AAPL_YF_GITHUB;CBOE_VXAPL;CBOE_VIX;CBOE_VIX9D
2015-05-13,28.32157101,28.5550586,28.2587093,28.29014015,138776800,25.04,25.26,24.54,24.77,13.63,14.04,13.06,13.76,13.28,14.06,12.43,13.49,0,,,,,AAPL_YF_GITHUB;CBOE_VXAPL;CBOE_VIX;CBOE_VIX9D
2015-05-14,28.60445205,28.9501915,28.54832527,28.9501915,180814000,24.47,24.51,23.89,23.96,13.14,13.29,12.72,12.74,12.41,12.74,11.48,11.59,0,,,,,AAPL_YF_GITHUB;CBOE_VXAPL;CBOE_VIX;CBOE_VIX9D
2015-05-15,28.97713523,29.07142781,28.78405897,28.90978241,152832000,24.1,24.89,23.08,23.2,12.46,13.09,12.35,12.38,11.12,12.11,10.68,10.77,0,,,,,AAPL_YF_GITHUB;CBOE_VXAPL;CBOE_VIX;CBOE_VIX9D
2015-05-18,28.82222128,29.34756705,28.81773018,29.22857857,203531600,23.36,23.36,21.0,21.24,13.08,13.22,12.55,12.73,11.74,11.99,10.7,11.01,0,,,,,AAPL_YF_GITHUB;CBOE_VXAPL;CBOE_VIX;CBOE_VIX9D
2015-05-19,29.34083248,29.38348937,29.10509934,29.20163918,178532800,21.54,21.83,20.7,21.0,12.95,13.13,12.55,12.85,11.22,11.74,10.49,11.15,0,,,,,AAPL_YF_GITHUB;CBOE_VXAPL;CBOE_VIX;CBOE_VIX9D
2015-05-20,29.18592435,29.40594036,29.03774883,29.19939423,145819600,21.14,21.44,20.07,20.48,12.9,13.27,12.62,12.88,11.17,11.65,10.24,10.48,0,,,,,AAPL_YF_GITHUB;CBOE_VXAPL;CBOE_VIX;CBOE_VIX9D
2015-05-21,29.20164582,29.55187642,29.14776287,29.49799347,158921600,20.73,20.76,19.63,19.76,13.03,13.09,12.09,12.11,11.04,11.05,9.8,9.95,0,,,,,AAPL_YF_GITHUB;CBOE_VXAPL;CBOE_VIX;CBOE_VIX9D
2015-05-22,29.54514026,29.85271394,29.50023609,29.75617409,182384000,19.78,20.16,19.48,19.52,12.37,12.37,11.82,12.13,10.44,10.51,9.46,9.6,0,,,,,AAPL_YF_GITHUB;CBOE_VXAPL;CBOE_VIX;CBOE_VIX9D
2015-05-26,29.7696483,29.83924496,28.98836098,29.10061455,282790400,21.08,23.38,21.04,22.76,13.45,14.63,13.34,14.06,12.47,14.27,12.13,13.32,0,,,,,AAPL_YF_GITHUB;CBOE_VXAPL;CBOE_VIX;CBOE_VIX9D
2015-05-27,29.26225568,29.69330892,29.19715013,29.64391708,183332800,22.52,22.59,21.06,21.31,14.16,14.41,13.05,13.27,13.51,13.86,11.62,11.93,0,,,,,AAPL_YF_GITHUB;CBOE_VXAPL;CBOE_VIX;CBOE_VIX9D
2015-05-28,29.60349984,29.62370465,29.43287571,29.58553886,122933200,21.53,21.81,20.97,21.0,13.49,13.99,13.31,13.31,12.39,13.63,12.22,12.23,0,,,,,AAPL_YF_GITHUB;CBOE_VXAPL;CBOE_VIX;CBOE_VIX9D
2015-05-29,29.46206224,29.51145407,29.16346742,29.2487812,203538000,21.25,21.89,21.02,21.22,13.59,14.43,13.4,13.84,12.73,14.42,12.65,13.67,0,,,,,AAPL_YF_GITHUB;CBOE_VXAPL;CBOE_VIX;CBOE_VIX9D
2015-06-01,29.24878309,29.4979861,29.19714742,29.3071537,128451200,21.83,22.37,20.84,21.03,13.92,14.86,13.47,13.97,14.05,15.66,12.96,13.85,0,,,,,AAPL_YF_GITHUB;CBOE_VXAPL;CBOE_VIX;CBOE_VIX9D
2015-06-02,29.15448884,29.33409519,29.03325653,29.17694092,134670400,21.41,22.17,20.98,21.1,14.72,15.05,13.59,14.24,14.74,15.54,12.89,13.99,0,,,,,AAPL_YF_GITHUB;CBOE_VXAPL;CBOE_VIX;CBOE_VIX9D
2015-06-03,29.33409968,29.3969614,29.16347208,29.21286392,123934000,21.13,21.46,20.81,21.07,13.73,14.2,13.4,13.66,13.04,13.9,12.34,12.7,0,,,,,AAPL_YF_GITHUB;CBOE_VXAPL;CBOE_VIX;CBOE_VIX9D
2015-06-04,29.09163389,29.31614102,28.94121453,29.04224205,153800400,21.52,22.71,20.86,22.24,14.57,15.49,13.99,14.71,14.65,16.28,13.61,15.02,0,,,,,AAPL_YF_GITHUB;CBOE_VXAPL;CBOE_VIX;CBOE_VIX9D
2015-06-05,29.07366778,29.11632468,28.81772984,28.88283539,142507200,22.25,22.93,22.01,22.18,15.01,15.65,14.21,14.21,15.24,16.29,13.68,13.7,0,,,,,AAPL_YF_GITHUB;CBOE_VXAPL;CBOE_VIX;CBOE_VIX9D
2015-06-08,28.93896666,29.00856674,28.4742387,28.69201088,210699200,22.91,23.87,22.41,22.89,14.84,15.5,14.67,15.29,15.78,16.24,15.39,15.89,0,,,,,AAPL_YF_GITHUB;CBOE_VXAPL;CBOE_VIX;CBOE_VIX9D
2015-06-09,28.44504599,28.75486685,28.20257965,28.60669136,224301600,23.57,24.31,22.42,22.7,15.18,15.74,14.47,14.47,15.93,16.39,14.77,15.05,0,,,,,AAPL_YF_GITHUB;CBOE_VXAPL;CBOE_VIX;CBOE_VIX9D
2015-06-10,28.71894663,29.03774629,28.7032312,28.93447495,156349200,22.73,22.87,20.89,20.95,14.24,14.37,12.96,13.22,14.69,14.8,12.92,13.32,0,,,,,AAPL_YF_GITHUB;CBOE_VXAPL;CBOE_VIX;CBOE_VIX9D
2015-06-11,29.00183172,29.22633886,28.8446774,28.86937332,141563600,20.97,21.41,20.7,21.19,13.04,13.22,12.56,12.85,12.96,13.04,12.14,12.38,0,,,,,AAPL_YF_GITHUB;CBOE_VXAPL;CBOE_VIX;CBOE_VIX9D
2015-06-12,28.77956967,28.81100054,28.53710156,28.55057144,147544800,21.61,21.88,21.11,21.48,13.31,14.02,13.3,13.78,13.05,14.36,13.01,14.16,0,,,,,AAPL_YF_GITHUB;CBOE_VXAPL;CBOE_VIX;CBOE_VIX9D
2015-06-15,28.31035001,28.56628802,28.22279237,28.4944458,175955600,22.37,23.03,21.33,21.5,15.48,15.57,14.91,15.39,17.09,17.47,16.08,16.68,0,,,,,AAPL_YF_GITHUB;CBOE_VXAPL;CBOE_VIX;CBOE_VIX9D
2015-06-16,28.51913529,28.70323104,28.3709615,28.64710426,125976400,21.89,22.26,21.16,21.32,15.62,15.62,14.81,14.81,16.97,17.19,16.26,16.29,0,,,,,AAPL_YF_GITHUB;CBOE_VXAPL;CBOE_VIX;CBOE_VIX9D
2015-06-17,28.67404262,28.70996286,28.45402494,28.57975006,131672400,21.48,22.51,21.24,21.38,14.66,15.49,14.07,14.5,16.06,17.27,14.26,15.22,0,,,,,AAPL_YF_GITHUB;CBOE_VXAPL;CBOE_VIX;CBOE_VIX9D
2015-06-18,28.56403462,28.80650095,28.56178907,28.70996284,141628800,21.46,21.57,20.58,20.84,14.03,14.03,12.54,13.19,14.33,14.33,12.37,13.11,0,,,,,AAPL_YF_GITHUB;CBOE_VXAPL;CBOE_VIX;CBOE_VIX9D
2015-06-19,28.67180475,28.69650067,28.37770096,28.4226017,218867600,21.26,21.48,20.99,21.27,13.35,14.0,12.96,13.96,13.03,14.32,12.67,14.32,0,,,,,AAPL_YF_GITHUB;CBOE_VXAPL;CBOE_VIX;CBOE_VIX9D
2015-06-22,28.62240965,28.75037863,28.53036263,28.64935112,136157200,21.79,21.79,20.17,20.17,13.42,13.46,12.43,12.74,14.33,14.33,12.53,13.15,0,,,,,AAPL_YF_GITHUB;CBOE_VXAPL;CBOE_VIX;CBOE_VIX9D
2015-06-23,28.62016374,28.64934904,28.48545812,28.51913452,121075600,20.49,20.97,20.35,20.45,12.5,12.68,11.93,12.11,12.64,12.95,11.9,12.17,0,,,,,AAPL_YF_GITHUB;CBOE_VXAPL;CBOE_VIX;CBOE_VIX9D
2015-06-24,28.55954947,29.14102378,28.53934466,28.76160622,221123600,20.75,21.67,20.65,21.3,12.57,13.33,12.01,13.26,12.95,14.81,12.1,14.81,0,,,,,AAPL_YF_GITHUB;CBOE_VXAPL;CBOE_VIX;CBOE_VIX9D
2015-06-25,28.92998649,29.00631808,28.62465668,28.62465668,127752400,21.53,21.99,21.15,21.62,12.96,14.16,12.92,14.01,13.75,15.34,13.67,15.13,0,,,,,AAPL_YF_GITHUB;CBOE_VXAPL;CBOE_VIX;CBOE_VIX9D
2015-06-26,28.66281823,28.73466042,28.40239091,28.45627213,176267200,21.91,22.65,21.56,22.59,14.13,14.91,13.64,14.02,15.26,16.81,14.43,15.49,0,,,,,AAPL_YF_GITHUB;CBOE_VXAPL;CBOE_VIX;CBOE_VIX9D
2015-06-29,28.16666025,28.39341289,27.94664425,27.95786858,196645600,24.19,26.77,23.74,26.77,16.7,19.5,15.82,18.85,19.34,23.54,17.78,22.56,0,,,,,AAPL_YF_GITHUB;CBOE_VXAPL;CBOE_VIX;CBOE_VIX9D
2015-06-30,28.19135823,28.31483782,28.03195838,28.15992737,177482800,26.51,26.53,24.55,24.93,17.6,19.8,17.49,18.23,20.84,23.31,20.44,20.93,0,,,,,AAPL_YF_GITHUB;CBOE_VXAPL;CBOE_VIX;CBOE_VIX9D
2015-07-01,28.48995452,28.49893501,28.28565222,28.4226017,120955200,24.93,24.93,23.53,23.57,16.63,17.26,15.65,16.09,18.93,19.2,17.17,17.23,0,,,,,AAPL_YF_GITHUB;CBOE_VXAPL;CBOE_VIX;CBOE_VIX9D
2015-07-02,28.38444077,28.44281312,28.23626522,28.38668633,108844000,23.63,23.94,23.48,23.72,15.43,17.48,15.39,16.79,16.19,18.9,16.15,17.97,0,,,,,AAPL_YF_GITHUB;CBOE_VXAPL;CBOE_VIX;CBOE_VIX9D
2015-07-06,28.04991822,28.33953259,28.02971169,28.2878952,112241600,25.67,25.73,24.69,24.75,18.65,18.95,16.57,17.01,20.0,20.07,16.65,16.65,0,,,,,AAPL_YF_GITHUB;CBOE_VXAPL;CBOE_VIX;CBOE_VIX9D
2015-07-07,28.26319487,28.32156719,27.78723927,28.21829414,187787200,25.02,27.79,24.96,25.66,17.22,19.2,15.93,16.09,17.06,19.68,15.57,15.91,0,,,,,AAPL_YF_GITHUB;CBOE_VXAPL;CBOE_VIX;CBOE_VIX9D
2015-07-08,27.94664694,27.98256719,27.51110258,27.51783752,243046400,26.6,30.07,26.58,30.07,17.38,19.76,16.94,19.66,17.66,21.64,17.57,20.96,0,,,,,AAPL_YF_GITHUB;CBOE_VXAPL;CBOE_VIX;CBOE_VIX9D
2015-07-09,27.80520434,27.85235062,26.76573707,26.95656776,314380000,29.15,33.53,28.17,33.53,17.46,20.05,17.2,19.97,18.12,22.06,17.9,22.06,0,,,,,AAPL_YF_GITHUB;CBOE_VXAPL;CBOE_VIX;CBOE_VIX9D
2015-07-10,27.37639596,27.80520363,27.21250503,27.67723465,245418000,32.13,32.13,29.49,29.63,17.45,18.17,16.6,16.83,18.33,19.11,17.11,17.24,0,,,,,AAPL_YF_GITHUB;CBOE_VXAPL;CBOE_VIX;CBOE_VIX9D
2015-07-13,28.07012444,28.23401539,27.91072459,28.21156502,165762000,30.78,30.97,28.25,28.36,15.29,15.36,13.82,13.9,15.62,15.63,13.23,13.32,0,,,,,AAPL_YF_GITHUB;CBOE_VXAPL;CBOE_VIX;CBOE_VIX9D
2015-07-14,28.29687649,28.37096425,28.07236938,28.20033836,127072400,28.13,28.57,27.38,27.54,13.91,13.95,12.9,13.37,13.15,13.28,11.46,12.18,0,,,,,AAPL_YF_GITHUB;CBOE_VXAPL;CBOE_VIX;CBOE_VIX9D
2015-07-15,28.22504068,28.54608599,28.19360981,28.47199821,134596800,27.57,27.71,27.01,27.4,13.35,13.97,12.81,13.23,12.26,13.51,11.04,12.4,0,,,,,AAPL_YF_GITHUB;CBOE_VXAPL;CBOE_VIX;CBOE_VIX9D
2015-07-16,28.67853259,28.86487558,28.59097497,28.85140228,144889600,26.89,27.17,26.37,26.46,12.59,12.61,11.87,12.11,10.91,10.93,10.01,10.35,0,,,,,AAPL_YF_GITHUB;CBOE_VXAPL;CBOE_VIX;CBOE_VIX9D
2015-07-17,28.9793822,29.10061455,28.80651074,29.10061455,184658800,26.39,30.54,26.39,29.67,11.77,12.22,11.77,11.95,10.02,10.32,9.58,9.72,0,,,,,AAPL_YF_GITHUB;CBOE_VXAPL;CBOE_VIX;CBOE_VIX9D
2015-07-20,29.40369845,29.8527127,29.34308056,29.65065765,235600800,29.47,31.83,29.47,30.18,12.25,12.37,11.71,12.25,10.75,11.35,10.04,11.1,0,,,,,AAPL_YF_GITHUB;CBOE_VXAPL;CBOE_VIX;CBOE_VIX9D
2015-07-21,29.82577545,29.84148917,29.25777265,29.35430908,307025600,30.47,32.33,28.4,29.26,12.42,12.79,12.21,12.22,11.23,12.01,11.0,11.32,1,2015-06-30,0.45,0.46,0.02222222,AAPL_YF_GITHUB;CBOE_VXAPL;CBOE_VIX;CBOE_VIX9D;ALPHAQUERY_ZACKS_EARNINGS
2015-07-22,27.38762464,28.17564516,27.38762464,28.11278343,461802400,23.57,23.57,21.77,22.27,12.77,12.83,12.05,12.12,12.01,12.07,11.18,11.2,0,,,,,AAPL_YF_GITHUB;CBOE_VXAPL;CBOE_VIX;CBOE_VIX9D
2015-07-23,28.33279003,28.53260118,28.07685212,28.0993042,203998000,22.32,23.19,21.53,23.01,12.06,13.08,11.73,12.64,11.29,12.84,11.0,11.95,0,,,,,AAPL_YF_GITHUB;CBOE_VXAPL;CBOE_VIX;CBOE_VIX9D
2015-07-24,28.1352314,28.22952398,27.81643171,27.95113564,168649200,22.98,23.89,22.12,23.53,12.87,14.73,12.86,13.74,12.04,15.55,12.04,13.05,0,,,,,AAPL_YF_GITHUB;CBOE_VXAPL;CBOE_VIX;CBOE_VIX9D
2015-07-27,27.6345768,27.75132145,27.41680637,27.5627346,177822000,25.31,26.27,25.08,25.61,15.6,16.27,15.03,15.6,16.53,17.74,15.66,16.61,0,,,,,AAPL_YF_GITHUB;CBOE_VXAPL;CBOE_VIX;CBOE_VIX9D
2015-07-28,27.69968605,27.81867626,27.51334645,27.69968605,134472400,25.22,25.58,22.53,22.75,14.87,15.62,13.32,13.44,15.66,16.59,13.46,13.62,0,,,,,AAPL_YF_GITHUB;CBOE_VXAPL;CBOE_VIX;CBOE_VIX9D
2015-07-29,27.64805117,27.72662832,27.45048382,27.61212921,148046800,23.15,23.38,22.45,22.45,13.57,13.59,11.85,12.5,14.06,14.12,11.8,12.18,0,,,,,AAPL_YF_GITHUB;CBOE_VXAPL;CBOE_VIX;CBOE_VIX9D
2015-07-30,27.46171059,27.51783737,27.32476111,27.47293663,134513200,22.81,24.1,22.71,24.07,12.72,13.42,12.09,12.13,12.62,13.75,11.06,11.06,0,,,,,AAPL_YF_GITHUB;CBOE_VXAPL;CBOE_VIX;CBOE_VIX9D
2015-07-31,27.52456614,27.53354663,27.14515036,27.23270798,171540000,24.32,27.75,24.31,27.74,12.03,12.63,11.82,12.12,10.94,11.83,10.49,10.67,0,,,,,AAPL_YF_GITHUB;CBOE_VXAPL;CBOE_VIX;CBOE_VIX9D
2015-08-03,27.2776151,27.51783765,26.384076,26.59062386,279904000,28.37,32.87,27.19,31.06,12.85,13.55,12.32,12.56,12.19,13.75,11.61,12.12,0,,,,,AAPL_YF_GITHUB;CBOE_VXAPL;CBOE_VIX;CBOE_VIX9D
2015-08-04,26.36162493,26.42448664,25.42543067,25.73749542,496554400,31.55,47.13,31.55,34.32,12.66,13.22,12.29,13.0,12.21,12.82,11.72,12.42,0,,,,,AAPL_YF_GITHUB;CBOE_VXAPL;CBOE_VIX;CBOE_VIX9D
2015-08-05,25.35807952,26.36611776,25.16724881,25.90812302,397250400,35.9,36.98,29.41,31.71,12.02,12.72,10.88,12.51,10.87,12.0,10.24,11.51,0,,,,,AAPL_YF_GITHUB;CBOE_VXAPL;CBOE_VIX;CBOE_VIX9D
2015-08-06,26.15393708,26.27346415,25.73671932,25.96449661,211612000,30.9,32.49,30.62,31.3,12.2,14.25,12.16,13.77,11.42,14.44,11.33,13.66,0,,,,,AAPL_YF_GITHUB;CBOE_VXAPL;CBOE_VIX;CBOE_VIX9D
2015-08-07,25.84045756,26.21708102,25.82241529,26.05244827,154681600,31.57,31.72,30.64,31.17,13.57,14.58,13.29,13.39,13.39,14.65,13.04,13.04,0,,,,,AAPL_YF_GITHUB;CBOE_VXAPL;CBOE_VIX;CBOE_VIX9D
2015-08-10,26.2802329,27.0605434,26.2802329,26.99965286,219806400,31.5,31.5,28.25,28.37,12.73,12.78,12.18,12.23,12.76,12.76,11.35,11.44,0,,,,,AAPL_YF_GITHUB;CBOE_VXAPL;CBOE_VIX;CBOE_VIX9D
2015-08-11,26.56890535,26.65234961,25.55856171,25.59464455,388331200,30.03,36.51,29.9,35.87,13.24,14.33,13.02,13.71,13.3,15.1,12.56,14.13,0,,,,,AAPL_YF_GITHUB;CBOE_VXAPL;CBOE_VIX;CBOE_VIX9D
2015-08-12,25.3781394,26.02990167,24.72412142,25.9893074,404870000,37.12,52.42,34.27,34.35,15.19,16.28,13.45,13.61,16.61,18.53,13.88,14.27,0,,,,,AAPL_YF_GITHUB;CBOE_VXAPL;CBOE_VIX;CBOE_VIX9D
2015-08-13,26.16972693,26.25091546,25.83144194,25.96901131,194143200,33.88,34.55,30.63,31.3,13.87,14.33,13.06,13.49,14.02,14.98,12.66,13.63,0,,,,,AAPL_YF_GITHUB;CBOE_VXAPL;CBOE_VIX;CBOE_VIX9D
2015-08-14,25.7818257,26.23061662,25.71191402,26.15168381,171718000,32.15,32.25,30.04,30.15,13.69,13.87,12.8,12.83,13.52,13.88,11.77,11.77,0,,,,,AAPL_YF_GITHUB;CBOE_VXAPL;CBOE_VIX;CBOE_VIX9D
2015-08-17,26.16972506,26.53281772,26.04794226,26.42231178,163538800,31.21,31.73,29.17,29.74,14.32,14.52,13.01,13.02,14.07,14.49,11.17,11.29,0,,,,,AAPL_YF_GITHUB;CBOE_VXAPL;CBOE_VIX;CBOE_VIX9D
2015-08-18,26.25767764,26.48545665,26.16295827,26.2734642,138242800,30.17,30.49,28.86,29.24,13.41,13.94,13.17,13.79,11.68,12.52,11.23,12.14,0,,,,,AAPL_YF_GITHUB;CBOE_VXAPL;CBOE_VIX;CBOE_VIX9D
2015-08-19,26.18325472,26.27797409,25.86301205,25.93743515,193146000,29.66,31.1,29.19,29.74,14.84,15.96,13.73,15.25,13.71,15.68,12.08,14.34,0,,,,,AAPL_YF_GITHUB;CBOE_VXAPL;CBOE_VIX;CBOE_VIX9D
2015-08-20,25.72769936,25.78858989,25.17516622,25.40520096,274006400,30.89,35.02,30.58,34.47,16.55,19.24,16.13,19.14,16.71,21.44,15.96,20.88,0,,,,,AAPL_YF_GITHUB;CBOE_VXAPL;CBOE_VIX;CBOE_VIX9D
2015-08-21,24.90454246,25.23606204,23.82654117,23.85134888,513102000,36.39,52.7,36.39,52.7,22.55,28.38,20.8,28.03,25.78,39.3,23.23,38.96,0,,,,,AAPL_YF_GITHUB;CBOE_VXAPL;CBOE_VIX;CBOE_VIX9D
2015-08-24,21.39539873,24.53693876,20.74814616,23.25596619,648825200,52.7,90.11,38.24,62.6,28.03,53.29,28.03,40.74,38.96,81.94,36.5,54.61,0,,,,,AAPL_YF_GITHUB;CBOE_VXAPL;CBOE_VIX;CBOE_VIX9D
2015-08-25,25.0578936,25.0578936,23.34166118,23.39578629,414406400,47.62,59.63,46.38,59.63,31.13,38.06,28.08,36.02,39.5,47.51,32.98,44.92,0,,,,,AAPL_YF_GITHUB;CBOE_VXAPL;CBOE_VIX;CBOE_VIX9D
2015-08-26,24.15129172,24.78275771,23.69122566,24.73765373,387098400,54.15,55.45,44.42,44.5,31.13,35.62,28.67,30.32,38.53,45.75,35.48,37.88,0,,,,,AAPL_YF_GITHUB;CBOE_VXAPL;CBOE_VIX;CBOE_VIX9D
2015-08-27,25.31048125,25.53825854,24.81207323,25.46609116,338464400,41.31,44.78,38.65,39.69,27.11,29.9,24.49,26.1,32.27,34.61,27.29,28.89,0,,,,,AAPL_YF_GITHUB;CBOE_VXAPL;CBOE_VIX;CBOE_VIX9D
2015-08-28,25.29695469,25.55405118,25.1548756,25.54954147,212657600,40.81,41.91,39.14,39.49,26.69,29.2,25.77,26.05,29.51,32.65,27.11,27.11,0,,,,,AAPL_YF_GITHUB;CBOE_VXAPL;CBOE_VIX;CBOE_VIX9D
2015-08-31,25.26537706,25.82918536,25.25861164,25.43000984,224917200,41.59,42.45,39.05,40.39,27.03,29.37,26.63,28.43,29.5,31.83,26.18,28.26,0,,,,,AAPL_YF_GITHUB;CBOE_VXAPL;CBOE_VIX;CBOE_VIX9D
2015-09-01,24.84139486,25.23154926,24.21218457,24.29337311,307383600,44.41,52.0,43.8,50.49,31.91,33.82,29.91,31.4,33.06,34.37,29.31,31.21,0,,,,,AAPL_YF_GITHUB;CBOE_VXAPL;CBOE_VIX;CBOE_VIX9D
2015-09-02,24.85943638,25.335289,24.61135935,25.335289,247555200,47.79,47.89,41.62,41.62,29.14,30.45,24.77,26.09,28.37,29.41,23.15,24.26,0,,,,,AAPL_YF_GITHUB;CBOE_VXAPL;CBOE_VIX;CBOE_VIX9D
2015-09-03,25.36911864,25.43452061,24.81658717,24.89101028,212935600,41.62,43.51,40.38,42.87,25.21,26.31,23.45,25.61,23.75,25.06,21.55,23.99,0,,,,,AAPL_YF_GITHUB;CBOE_VXAPL;CBOE_VIX;CBOE_VIX9D
2015-09-04,24.57527693,24.90905048,24.4715364,24.64293289,199985200,44.51,46.92,43.44,45.31,27.43,29.47,25.68,27.8,26.67,29.4,24.9,26.88,0,,,,,AAPL_YF_GITHUB;CBOE_VXAPL;CBOE_VIX;CBOE_VIX9D
2015-09-08,25.20222923,25.38490255,24.87973084,25.32852173,219374400,45.28,45.31,42.17,42.19,25.05,26.25,24.13,24.9,25.55,27.48,24.36,24.42,0,,,,,AAPL_YF_GITHUB;CBOE_VXAPL;CBOE_VIX;CBOE_VIX9D
2015-09-09,25.65553573,25.71417056,24.75569636,24.84139633,340043200,41.41,43.47,39.73,42.52,22.39,26.82,21.51,26.23,24.3,29.1,24.3,27.9,0,,,,,AAPL_YF_GITHUB;CBOE_VXAPL;CBOE_VIX;CBOE_VIX9D
2015-09-10,24.86845504,25.54728069,24.78501251,25.38715935,251571200,42.8,43.08,38.4,38.58,26.87,27.22,23.53,24.37,28.62,30.24,26.11,26.11,0,,,,,AAPL_YF_GITHUB;CBOE_VXAPL;CBOE_VIX;CBOE_VIX9D
2015-09-11,25.211253,25.75701904,25.20448758,25.75701904,199662000,39.51,40.83,36.75,36.77,25.38,25.81,23.15,23.2,27.31,28.02,23.28,23.43,0,,,,,AAPL_YF_GITHUB;CBOE_VXAPL;CBOE_VIX;CBOE_VIX9D
2015-09-14,26.29151012,26.3614218,25.90360972,26.00509453,233453600,36.75,37.83,35.44,36.78,24.03,25.32,23.64,24.25,26.41,27.48,25.26,25.52,0,,,,,AAPL_YF_GITHUB;CBOE_VXAPL;CBOE_VIX;CBOE_VIX9D
2015-09-15,26.14491553,26.28022917,25.80437488,26.22384834,173364800,37.0,38.02,33.9,34.25,23.28,23.77,22.13,22.54,25.38,25.87,23.49,24.62,0,,,,,AAPL_YF_GITHUB;CBOE_VXAPL;CBOE_VIX;CBOE_VIX9D
2015-09-16,26.21708355,26.28248552,26.03441023,26.25316811,148694000,34.8,35.13,33.12,33.12,22.57,22.94,21.09,21.35,24.82,25.23,23.12,23.75,0,,,,,AAPL_YF_GITHUB;CBOE_VXAPL;CBOE_VIX;CBOE_VIX9D
2015-09-17,26.08402787,26.27121092,25.64651208,25.69161606,256450400,34.27,35.54,31.39,34.55,21.54,23.33,17.87,21.14,24.68,26.04,17.5,22.25,0,,,,,AAPL_YF_GITHUB;CBOE_VXAPL;CBOE_VIX;CBOE_VIX9D
2015-09-18,25.30597621,25.77732093,25.22929909,25.58562469,297141200,36.55,36.56,34.55,35.28,23.07,23.99,20.98,22.28,23.95,24.61,21.2,21.78,0,,,,,AAPL_YF_GITHUB;CBOE_VXAPL;CBOE_VIX;CBOE_VIX9D
2015-09-21,25.63524156,26.01863233,25.63298756,25.98254776,200888000,35.64,35.83,32.2,32.29,21.97,22.48,20.05,20.14,22.69,23.06,19.6,19.61,0,,,,,AAPL_YF_GITHUB;CBOE_VXAPL;CBOE_VIX;CBOE_VIX9D
2015-09-22,25.56983511,25.75025447,25.37588491,25.57434654,201384800,34.68,36.92,34.24,35.79,22.97,26.29,22.25,22.44,24.21,25.69,23.12,23.45,0,,,,,AAPL_YF_GITHUB;CBOE_VXAPL;CBOE_VIX;CBOE_VIX9D
2015-09-23,25.62622006,25.87204143,25.55179866,25.78183174,143026800,35.84,35.94,34.01,34.18,22.09,23.2,21.14,22.13,23.49,24.0,21.45,22.46,0,,,,,AAPL_YF_GITHUB;CBOE_VXAPL;CBOE_VIX;CBOE_VIX9D
2015-09-24,25.54051675,26.04794423,25.34205684,25.93518257,200878000,35.75,38.84,35.58,35.87,23.53,25.3,21.81,23.47,25.03,26.83,22.63,24.22,0,,,,,AAPL_YF_GITHUB;CBOE_VXAPL;CBOE_VIX;CBOE_VIX9D
2015-09-25,26.25992988,26.31631069,25.71416226,25.86977386,224607600,34.75,36.41,34.31,35.96,21.12,24.29,20.81,23.62,21.31,24.78,21.23,22.89,0,,,,,AAPL_YF_GITHUB;CBOE_VXAPL;CBOE_VIX;CBOE_VIX9D
2015-09-28,25.67582846,25.83820552,25.35784149,25.35784149,208436000,38.97,43.66,38.22,43.63,25.02,28.33,24.94,27.63,26.69,31.13,25.61,30.26,0,,,,,AAPL_YF_GITHUB;CBOE_VXAPL;CBOE_VIX;CBOE_VIX9D
2015-09-29,25.4457993,25.59915525,24.32494801,24.59557533,293461600,43.4,47.12,41.06,45.25,26.57,28.2,25.76,26.83,29.55,31.06,27.96,28.56,0,,,,,AAPL_YF_GITHUB;CBOE_VXAPL;CBOE_VIX;CBOE_VIX9D
2015-09-30,24.84590022,25.15486774,24.52114785,24.87521935,265892000,43.85,44.06,40.07,40.23,24.64,25.88,23.25,24.5,26.24,27.37,24.48,25.7,0,,,,,AAPL_YF_GITHUB;CBOE_VXAPL;CBOE_VIX;CBOE_VIX9D
2015-10-01,24.59782558,24.72186408,24.2009041,24.71284294,255716400,41.4,46.45,40.85,40.95,23.14,25.23,22.55,22.55,22.84,24.94,21.91,21.93,0,,,,,AAPL_YF_GITHUB;CBOE_VXAPL;CBOE_VIX;CBOE_VIX9D
2015-10-02,24.35877557,25.03534557,24.25503505,24.89326477,232079200,42.57,44.18,38.99,39.7,23.99,24.47,20.35,20.94,24.14,24.51,19.21,19.35,0,,,,,AAPL_YF_GITHUB;CBOE_VXAPL;CBOE_VIX;CBOE_VIX9D
2015-10-05,24.78050339,25.11653439,24.59783004,24.98347473,208258800,41.18,42.1,38.39,38.84,20.31,20.42,19.14,19.54,19.88,20.61,18.56,19.02,0,,,,,AAPL_YF_GITHUB;CBOE_VXAPL;CBOE_VIX;CBOE_VIX9D
2015-10-06,24.9496504,25.19998148,24.75570016,25.10300636,192787200,38.98,40.05,38.04,38.27,19.54,20.32,18.82,19.4,18.82,19.8,17.74,18.19,0,,,,,AAPL_YF_GITHUB;CBOE_VXAPL;CBOE_VIX;CBOE_VIX9D
2015-10-07,25.19997693,25.20674235,24.67450886,24.98347473,187062400,38.36,40.41,38.19,38.71,18.96,19.73,18.33,18.4,17.19,18.54,16.32,16.39,0,,,,,AAPL_YF_GITHUB;CBOE_VXAPL;CBOE_VIX;CBOE_VIX9D
2015-10-08,24.85042064,24.85042064,24.40388361,24.69480896,247918400,39.37,41.45,39.31,39.67,18.62,19.02,16.34,17.42,16.96,17.49,15.06,15.47,0,,,,,AAPL_YF_GITHUB;CBOE_VXAPL;CBOE_VIX;CBOE_VIX9D
2015-10-09,24.80757061,25.32176362,24.69255321,25.28568077,211064400,39.34,40.04,37.22,37.48,17.15,18.2,16.89,17.08,14.89,16.58,14.2,14.27,0,,,,,AAPL_YF_GITHUB;CBOE_VXAPL;CBOE_VIX;CBOE_VIX9D
2015-10-12,25.42324417,25.42775388,25.13231888,25.16840172,121868800,41.19,41.72,39.23,39.65,17.68,17.81,16.15,16.17,16.17,16.43,14.51,14.73,0,,,,,AAPL_YF_GITHUB;CBOE_VXAPL;CBOE_VIX;CBOE_VIX9D
2015-10-13,24.99249621,25.36009863,24.96092308,25.21125412,132197200,40.16,40.3,38.29,38.42,17.08,17.7,16.14,17.67,15.99,16.66,14.48,16.53,0,,,,,AAPL_YF_GITHUB;CBOE_VXAPL;CBOE_VIX;CBOE_VIX9D
2015-10-14,25.09849268,25.15036209,24.70833655,24.85492706,177849600,38.87,41.0,38.48,40.32,17.67,18.78,17.3,18.03,16.45,18.19,15.93,16.9,0,,,,,AAPL_YF_GITHUB;CBOE_VXAPL;CBOE_VIX;CBOE_VIX9D
2015-10-15,25.01730447,25.28116636,24.91807365,25.22704124,150694000,39.83,39.98,37.72,37.75,17.62,17.85,16.04,16.05,16.72,17.22,13.84,13.85,0,,,,,AAPL_YF_GITHUB;CBOE_VXAPL;CBOE_VIX;CBOE_VIX9D
2015-10-16,25.2089953,25.25861071,24.92709117,25.04210854,156930400,37.9,39.33,37.78,38.73,15.64,16.86,15.05,15.05,13.7,14.55,12.86,12.89,0,,,,,AAPL_YF_GITHUB;CBOE_VXAPL;CBOE_VIX;CBOE_VIX9D
2015-10-19,24.98798851,25.20223501,24.83237684,25.1977253,119036800,38.55,39.49,36.44,36.45,15.68,16.23,14.82,14.98,14.88,15.26,13.64,13.87,0,,,,,AAPL_YF_GITHUB;CBOE_VXAPL;CBOE_VIX;CBOE_VIX9D
2015-10-20,25.10976745,25.74799891,24.99249608,25.65778923,195871200,36.77,37.91,35.6,35.75,15.17,16.34,14.72,15.75,14.79,15.68,13.94,15.01,0,,,,,AAPL_YF_GITHUB;CBOE_VXAPL;CBOE_VIX;CBOE_VIX9D
2015-10-21,25.70965795,26.0659852,25.64200027,25.65553284,167180800,35.98,37.19,35.0,36.17,14.98,16.7,14.41,16.7,14.58,16.7,14.18,16.67,0,,,,,AAPL_YF_GITHUB;CBOE_VXAPL;CBOE_VIX;CBOE_VIX9D
2015-10-22,25.78408314,26.04794502,25.73221201,26.04794502,166616400,35.66,36.12,32.88,32.88,15.02,15.92,14.45,14.45,15.19,15.72,13.1,13.1,0,,,,,AAPL_YF_GITHUB;CBOE_VXAPL;CBOE_VIX;CBOE_VIX9D
2015-10-23,26.31856958,26.889145,26.23512706,26.85531616,237467600,33.01,34.11,32.18,33.68,13.46,15.12,13.24,14.46,13.57,14.57,12.79,13.15,0,,,,,AAPL_YF_GITHUB;CBOE_VXAPL;CBOE_VIX;CBOE_VIX9D
2015-10-26,26.62979322,26.64106835,25.91713872,25.99832726,265335200,35.33,41.57,35.33,41.37,14.76,15.43,14.68,15.29,14.61,15.64,14.53,15.2,0,,,,,AAPL_YF_GITHUB;CBOE_VXAPL;CBOE_VIX;CBOE_VIX9D
2015-10-27,26.02539276,26.28248922,25.70740404,25.83369827,279537600,41.13,41.32,39.37,40.09,15.75,15.99,14.78,15.43,16.28,16.75,15.39,16.31,1,2015-09-30,0.47,0.49,0.04255319,AAPL_YF_GITHUB;CBOE_VXAPL;CBOE_VIX;CBOE_VIX9D;ALPHAQUERY_ZACKS_EARNINGS
2015-10-28,26.37043728,26.90492808,26.17423141,26.89816093,342205600,28.08,28.23,25.88,26.78,15.14,15.73,12.8,14.33,16.12,21.12,14.02,14.57,0,,,,,AAPL_YF_GITHUB;CBOE_VXAPL;CBOE_VIX;CBOE_VIX9D
2015-10-29,26.7696154,27.21840801,26.67264031,27.18232346,204909200,27.17,27.68,26.3,26.55,14.8,15.46,14.33,14.61,15.26,16.15,14.26,14.54,0,,,,,AAPL_YF_GITHUB;CBOE_VXAPL;CBOE_VIX;CBOE_VIX9D
2015-10-30,27.28606627,27.33793739,26.93876015,26.950037,197461200,26.53,27.65,25.95,26.32,14.6,15.39,14.0,15.07,14.55,15.28,13.31,14.31,0,,,,,AAPL_YF_GITHUB;CBOE_VXAPL;CBOE_VIX;CBOE_VIX9D
2015-11-02,27.2432164,27.36950891,26.97484312,27.32891464,128813200,27.41,27.47,25.24,25.3,15.41,15.51,13.67,14.15,15.38,15.38,12.94,13.68,0,,,,,AAPL_YF_GITHUB;CBOE_VXAPL;CBOE_VIX;CBOE_VIX9D
2015-11-03,27.24096376,27.84987607,27.22066576,27.64239502,182076000,25.59,25.99,25.02,25.03,14.33,14.73,13.81,14.54,13.92,14.08,12.84,13.81,0,,,,,AAPL_YF_GITHUB;CBOE_VXAPL;CBOE_VIX;CBOE_VIX9D
2015-11-04,27.76867848,27.92429008,27.42813959,27.51383781,179544400,24.97,26.32,24.82,25.23,14.04,15.88,13.96,15.51,12.96,15.75,12.87,14.76,0,,,,,AAPL_YF_GITHUB;CBOE_VXAPL;CBOE_VIX;CBOE_VIX9D
2015-11-05,27.59764511,27.7878965,27.21940944,27.38701057,158210800,25.34,26.69,25.33,25.57,15.39,16.39,15.0,15.05,14.81,16.33,14.2,14.22,0,,,,,AAPL_YF_GITHUB;CBOE_VXAPL;CBOE_VIX;CBOE_VIX9D
2015-11-06,27.43004346,27.58858484,27.3190645,27.41871834,132169200,25.47,26.8,25.46,26.69,14.91,16.0,14.32,14.33,13.59,15.4,12.54,12.6,0,,,,,AAPL_YF_GITHUB;CBOE_VXAPL;CBOE_VIX;CBOE_VIX9D
2015-11-09,27.39607544,27.58859051,27.18997161,27.30774498,135485600,27.59,28.65,27.08,27.19,15.34,17.09,15.14,16.52,14.88,17.87,14.75,16.39,0,,,,,AAPL_YF_GITHUB;CBOE_VXAPL;CBOE_VIX;CBOE_VIX9D
2015-11-10,26.47651952,26.74151078,26.28626818,26.44707489,236511600,29.48,31.08,28.65,30.57,16.69,16.96,15.24,15.29,16.74,17.2,14.1,14.29,0,,,,,AAPL_YF_GITHUB;CBOE_VXAPL;CBOE_VIX;CBOE_VIX9D
2015-11-11,26.35649115,26.59430326,26.09376343,26.29760361,180872000,30.54,32.44,29.03,29.51,15.07,16.15,15.02,16.06,14.16,15.68,14.08,15.6,0,,,,,AAPL_YF_GITHUB;CBOE_VXAPL;CBOE_VIX;CBOE_VIX9D
2015-11-12,26.33157266,26.45840576,26.19341443,26.20926857,130102400,29.76,29.95,28.9,29.32,17.06,18.5,16.65,18.37,16.77,18.39,15.87,18.39,0,,,,,AAPL_YF_GITHUB;CBOE_VXAPL;CBOE_VIX;CBOE_VIX9D
2015-11-13,26.09149283,26.17529425,25.42788099,25.44373512,183249600,29.65,32.84,29.6,32.26,18.68,20.67,18.2,20.08,18.77,21.34,18.2,20.43,0,,,,,AAPL_YF_GITHUB;CBOE_VXAPL;CBOE_VIX;CBOE_VIX9D
2015-11-16,25.22630659,25.87406431,25.14024152,25.86047554,152426800,34.27,34.31,30.64,30.71,20.51,20.55,17.25,18.16,21.11,21.2,16.29,16.81,0,,,,,AAPL_YF_GITHUB;CBOE_VXAPL;CBOE_VIX;CBOE_VIX9D
2015-11-17,26.02807076,26.05751539,25.66568933,25.74949074,110467600,30.5,31.66,29.7,30.42,17.82,19.59,16.86,18.84,16.5,18.32,15.32,17.02,0,,,,,AAPL_YF_GITHUB;CBOE_VXAPL;CBOE_VIX;CBOE_VIX9D
2015-11-18,26.21833196,26.61015644,26.15944442,26.56485939,186698800,29.15,30.3,28.3,28.39,19.01,19.45,16.8,16.85,16.56,16.58,13.33,13.33,0,,,,,AAPL_YF_GITHUB;CBOE_VXAPL;CBOE_VIX;CBOE_VIX9D
2015-11-19,26.64412395,27.12201512,26.44481456,26.90232086,173183200,28.68,29.44,27.17,27.53,16.25,18.26,16.0,16.99,13.37,14.28,13.16,13.62,0,,,,,AAPL_YF_GITHUB;CBOE_VXAPL;CBOE_VIX;CBOE_VIX9D
2015-11-20,26.9974513,27.16052343,26.9181806,27.02010155,137148400,27.75,27.9,25.48,25.89,16.13,16.38,15.47,15.47,12.98,13.44,12.4,12.4,0,,,,,AAPL_YF_GITHUB;CBOE_VXAPL;CBOE_VIX;CBOE_VIX9D
2015-11-23,27.01329883,27.11748512,26.5761757,26.66903687,129930000,26.6,26.85,25.69,25.71,16.15,16.74,15.38,15.62,14.83,15.1,13.45,14.07,0,,,,,AAPL_YF_GITHUB;CBOE_VXAPL;CBOE_VIX;CBOE_VIX9D
2015-11-24,26.57391801,27.0314244,26.5263556,26.92497444,171212800,26.22,26.42,25.04,25.38,16.53,17.21,15.48,15.93,16.06,17.06,14.39,14.54,0,,,,,AAPL_YF_GITHUB;CBOE_VXAPL;CBOE_VIX;CBOE_VIX9D
2015-11-25,26.99971675,27.00424749,26.70754613,26.73246002,85553200,25.44,25.84,25.14,25.33,15.55,15.89,15.05,15.19,14.49,15.05,14.14,14.35,0,,,,,AAPL_YF_GITHUB;CBOE_VXAPL;CBOE_VIX;CBOE_VIX9D
2015-11-27,26.79134778,26.81852704,26.63507003,26.68263245,52185600,25.86,26.18,24.99,25.1,15.31,16.09,15.12,15.12,14.75,15.8,13.94,14.21,0,,,,,AAPL_YF_GITHUB;CBOE_VXAPL;CBOE_VIX;CBOE_VIX9D
2015-11-30,26.72339886,27.0450141,26.66904206,26.79361153,156721200,26.16,26.35,24.69,24.69,15.55,16.57,15.52,16.13,15.19,17.37,15.15,16.6,0,,,,,AAPL_YF_GITHUB;CBOE_VXAPL;CBOE_VIX;CBOE_VIX9D
2015-12-01,26.8955255,26.90911426,26.46746211,26.57617569,139409600,24.71,25.76,24.1,25.05,15.61,16.34,14.63,14.67,15.57,16.78,13.95,13.99,0,,,,,AAPL_YF_GITHUB;CBOE_VXAPL;CBOE_VIX;CBOE_VIX9D
2015-12-02,26.57617704,26.75057426,26.29080259,26.33609962,133546400,25.06,25.75,24.19,25.42,15.04,16.49,14.71,15.91,14.54,17.1,13.96,15.97,0,,,,,AAPL_YF_GITHUB;CBOE_VXAPL;CBOE_VIX;CBOE_VIX9D
2015-12-03,26.39725469,26.45161148,25.86953568,26.09149361,166278000,25.57,28.41,24.83,27.46,15.87,19.35,15.86,18.11,16.01,20.57,15.97,18.71,0,,,,,AAPL_YF_GITHUB;CBOE_VXAPL;CBOE_VIX;CBOE_VIX9D
2015-12-04,26.11188278,27.00877783,26.07111474,26.95895004,231108000,26.83,26.87,23.05,23.36,17.43,17.65,14.69,14.81,17.42,17.81,13.64,13.65,0,,,,,AAPL_YF_GITHUB;CBOE_VXAPL;CBOE_VIX;CBOE_VIX9D
2015-12-07,26.94762661,27.14693605,26.68263351,26.78908348,128336800,24.22,25.69,24.21,24.94,15.65,17.18,15.58,15.84,15.94,18.07,15.88,16.0,0,,,,,AAPL_YF_GITHUB;CBOE_VXAPL;CBOE_VIX;CBOE_VIX9D
2015-12-08,26.61695295,26.86156118,26.4674713,26.77776146,137238000,25.54,26.55,25.01,25.25,17.69,18.33,16.52,17.6,19.02,20.09,17.52,18.81,0,,,,,AAPL_YF_GITHUB;CBOE_VXAPL;CBOE_VIX;CBOE_VIX9D
2015-12-09,26.64412901,26.65545413,26.06431852,26.18662262,185445600,25.85,29.5,25.8,28.54,18.05,20.13,15.72,19.61,19.77,22.99,18.08,22.07,0,,,,,AAPL_YF_GITHUB;CBOE_VXAPL;CBOE_VIX;CBOE_VIX9D
2015-12-10,26.28174293,26.48558306,26.16170423,26.31118584,116850800,28.55,29.48,26.43,27.06,19.25,19.72,18.13,19.34,21.48,22.08,19.16,20.42,0,,,,,AAPL_YF_GITHUB;CBOE_VXAPL;CBOE_VIX;CBOE_VIX9D
2015-12-11,26.08923207,26.13452912,25.55924765,25.63398933,187544800,28.46,34.21,28.36,33.38,21.36,25.27,20.88,24.39,23.34,29.88,22.94,28.0,0,,,,,AAPL_YF_GITHUB;CBOE_VXAPL;CBOE_VIX;CBOE_VIX9D
2015-12-14,25.40750131,25.52074566,24.86619348,25.47544861,257274800,34.83,38.34,32.16,32.16,24.7,26.81,21.47,22.73,30.71,34.18,25.28,25.78,0,,,,,AAPL_YF_GITHUB;CBOE_VXAPL;CBOE_VIX;CBOE_VIX9D
2015-12-15,25.35314413,25.54792454,24.99302622,25.0247345,213292400,32.89,33.83,25.12,33.11,20.76,21.62,20.02,20.95,24.04,24.04,22.29,23.05,0,,,,,AAPL_YF_GITHUB;CBOE_VXAPL;CBOE_VIX;CBOE_VIX9D
2015-12-16,25.15609964,25.36446882,24.64197105,25.21725082,224954000,32.08,35.18,28.77,29.18,19.25,20.24,17.12,17.86,22.38,24.7,17.87,18.81,0,,,,,AAPL_YF_GITHUB;CBOE_VXAPL;CBOE_VIX;CBOE_VIX9D
2015-12-17,25.37125946,25.42335262,24.68273544,24.68273544,179091200,28.35,32.04,28.14,30.53,16.18,19.05,16.13,18.94,15.9,19.5,15.85,18.88,0,,,,,AAPL_YF_GITHUB;CBOE_VXAPL;CBOE_VIX;CBOE_VIX9D
2015-12-18,24.66688355,24.80504006,23.96476724,24.01459503,385813200,31.35,35.14,30.77,34.17,19.34,23.3,18.75,20.7,18.91,20.16,18.22,19.38,0,,,,,AAPL_YF_GITHUB;CBOE_VXAPL;CBOE_VIX;CBOE_VIX9D
2015-12-21,24.29770922,24.3180941,23.91041372,24.30903435,190362400,34.1,34.18,30.27,30.27,19.64,20.21,18.7,18.7,19.16,19.53,17.55,17.55,0,,,,,AAPL_YF_GITHUB;CBOE_VXAPL;CBOE_VIX;CBOE_VIX9D
2015-12-22,24.32488534,24.39736165,24.10972005,24.28638268,131157600,30.14,30.61,28.84,28.88,17.61,18.22,16.6,16.6,16.34,17.07,14.73,15.06,0,,,,,AAPL_YF_GITHUB;CBOE_VXAPL;CBOE_VIX;CBOE_VIX9D
2015-12-23,24.29543658,24.65328906,24.27958244,24.59893227,130629600,28.93,28.99,26.91,27.04,15.86,16.25,15.33,15.57,14.39,14.95,13.2,13.64,0,,,,,AAPL_YF_GITHUB;CBOE_VXAPL;CBOE_VIX;CBOE_VIX9D
2015-12-24,24.68727325,24.68727325,24.44945937,24.46757889,54281600,27.25,28.04,27.12,27.74,15.44,15.88,14.45,15.74,13.55,13.75,12.97,13.47,0,,,,,AAPL_YF_GITHUB;CBOE_VXAPL;CBOE_VIX;CBOE_VIX9D
2015-12-28,24.36791319,24.39056343,24.04856509,24.19351768,106816800,29.98,31.07,29.55,29.7,17.65,18.13,16.88,16.91,16.76,17.42,15.76,15.79,0,,,,,AAPL_YF_GITHUB;CBOE_VXAPL;CBOE_VIX;CBOE_VIX9D
2015-12-29,24.22522648,24.78465373,24.20257796,24.62837601,123724800,30.0,30.0,27.88,28.22,15.91,16.48,15.63,16.08,14.73,16.33,14.35,14.74,0,,,,,AAPL_YF_GITHUB;CBOE_VXAPL;CBOE_VIX;CBOE_VIX9D
2015-12-30,24.59214082,24.61931835,24.27505633,24.3067646,100855200,28.57,29.35,28.5,29.17,16.5,17.42,16.5,17.29,15.01,16.22,15.01,15.96,0,,,,,AAPL_YF_GITHUB;CBOE_VXAPL;CBOE_VIX;CBOE_VIX9D
2015-12-31,24.23656146,24.24109047,23.74055054,23.84020615,163649200,29.8,31.95,29.6,31.82,17.97,20.39,17.51,18.21,16.94,18.1,16.19,17.52,0,,,,,AAPL_YF_GITHUB;CBOE_VXAPL;CBOE_VIX;CBOE_VIX9D
2016-01-04,23.24000199,23.86511119,23.10184376,23.86058044,270597600,35.82,38.73,34.42,34.42,22.48,23.36,20.67,20.7,24.72,25.79,21.34,21.93,0,,,,,AAPL_YF_GITHUB;CBOE_VXAPL;CBOE_VIX;CBOE_VIX9D
2016-01-05,23.95117722,23.97382574,23.19470588,23.26265144,223164000,35.29,38.0,34.37,36.38,20.75,21.06,19.25,19.34,21.73,22.09,19.08,19.37,0,,,,,AAPL_YF_GITHUB;CBOE_VXAPL;CBOE_VIX;CBOE_VIX9D
2016-01-06,22.77570672,23.18565251,22.61943067,22.80741501,273829600,37.76,39.24,36.79,37.84,21.67,21.86,19.8,20.59,22.37,22.77,20.11,20.6,0,,,,,AAPL_YF_GITHUB;CBOE_VXAPL;CBOE_VIX;CBOE_VIX9D
2016-01-07,22.34990391,22.67831182,21.84030436,21.84483337,324377600,40.16,42.86,38.83,42.36,23.22,25.86,22.4,24.99,24.16,27.58,23.63,26.19,0,,,,,AAPL_YF_GITHUB;CBOE_VXAPL;CBOE_VIX;CBOE_VIX9D
2016-01-08,22.32046419,22.44729732,21.91504917,21.96034622,283192000,40.72,40.72,37.61,40.24,22.96,27.08,22.48,27.01,23.0,28.3,22.58,27.98,0,,,,,AAPL_YF_GITHUB;CBOE_VXAPL;CBOE_VIX;CBOE_VIX9D
2016-01-11,22.41558499,22.43596814,22.04640733,22.31592941,198957600,42.26,43.2,40.69,40.77,25.58,27.39,23.83,24.3,26.68,28.34,23.47,24.21,0,,,,,AAPL_YF_GITHUB;CBOE_VXAPL;CBOE_VIX;CBOE_VIX9D
2016-01-12,22.77343596,22.80514423,22.38613882,22.63980675,196616800,39.36,39.8,37.89,38.11,22.97,23.93,21.91,22.47,23.06,23.75,21.42,22.3,0,,,,,AAPL_YF_GITHUB;CBOE_VXAPL;CBOE_VIX;CBOE_VIX9D
2016-01-13,22.72133761,22.91838333,22.03734276,22.05772591,249758400,38.07,41.21,36.9,41.21,21.72,26.11,21.44,25.22,21.48,26.87,21.08,25.57,0,,,,,AAPL_YF_GITHUB;CBOE_VXAPL;CBOE_VIX;CBOE_VIX9D
2016-01-14,22.1868317,22.75758416,21.68402654,22.5401535,252680400,40.71,43.37,37.05,38.27,24.75,26.28,23.07,23.95,25.21,27.53,23.68,24.63,0,,,,,AAPL_YF_GITHUB;CBOE_VXAPL;CBOE_VIX;CBOE_VIX9D
2016-01-15,21.78820583,22.13020415,21.59795621,21.99884033,319335600,41.09,46.41,40.75,43.01,28.96,30.95,26.67,27.02,32.1,35.47,28.96,29.6,0,,,,,AAPL_YF_GITHUB;CBOE_VXAPL;CBOE_VIX;CBOE_VIX9D
2016-01-19,22.28875406,22.34311087,21.62967111,21.89239883,212350800,41.59,42.49,39.41,40.11,25.4,27.59,25.21,26.05,28.83,32.52,28.43,30.43,0,,,,,AAPL_YF_GITHUB;CBOE_VXAPL;CBOE_VIX;CBOE_VIX9D
2016-01-20,21.53907235,22.23892325,21.15857131,21.92183876,289337600,41.28,45.45,40.96,43.43,27.78,32.09,26.59,27.59,34.12,38.55,31.27,32.85,0,,,,,AAPL_YF_GITHUB;CBOE_VXAPL;CBOE_VIX;CBOE_VIX9D
2016-01-21,21.9829879,22.16870853,21.50283307,21.81085777,208646000,43.5,44.01,39.44,39.63,27.79,28.43,25.01,26.69,32.4,33.67,28.2,29.99,0,,,,,AAPL_YF_GITHUB;CBOE_VXAPL;CBOE_VIX;CBOE_VIX9D
2016-01-22,22.33857638,22.97953972,22.27969057,22.97047997,263202000,38.38,38.87,36.48,37.96,24.21,24.55,22.22,22.34,26.17,26.29,22.55,22.59,0,,,,,AAPL_YF_GITHUB;CBOE_VXAPL;CBOE_VIX;CBOE_VIX9D
2016-01-25,22.99313075,22.99539613,22.46994244,22.5220356,207178000,39.03,42.3,38.7,41.44,23.3,24.31,22.38,24.15,25.03,26.32,23.48,26.04,0,,,,,AAPL_YF_GITHUB;CBOE_VXAPL;CBOE_VIX;CBOE_VIX9D
2016-01-26,22.63301386,22.84817742,22.21174478,22.64660263,300308000,41.84,45.11,37.94,40.36,23.75,24.02,22.33,22.5,25.75,26.0,24.06,24.25,1,2015-12-31,0.81,0.82,0.01234568,AAPL_YF_GITHUB;CBOE_VXAPL;CBOE_VIX;CBOE_VIX9D;ALPHAQUERY_ZACKS_EARNINGS
2016-01-27,21.75197611,21.88560362,21.14045555,21.15857506,533478800,33.82,34.51,29.83,32.72,22.88,27.22,20.42,23.11,25.22,26.85,23.51,24.51,0,,,,,AAPL_YF_GITHUB;CBOE_VXAPL;CBOE_VIX;CBOE_VIX9D
2016-01-28,21.24237623,21.40771202,20.92529169,21.31032181,222715200,33.28,34.04,31.44,31.45,22.15,23.81,21.9,22.42,23.4,25.26,22.79,23.4,0,,,,,AAPL_YF_GITHUB;CBOE_VXAPL;CBOE_VIX;CBOE_VIX9D
2016-01-29,21.46886259,22.0464077,21.36920702,22.0464077,257666000,31.44,31.44,27.05,27.4,21.59,21.74,19.5,20.2,22.47,22.48,18.85,19.37,0,,,,,AAPL_YF_GITHUB;CBOE_VXAPL;CBOE_VIX;CBOE_VIX9D
2016-02-01,21.84935745,21.90371424,21.6070147,21.8402977,163774000,29.1,29.45,28.12,28.78,21.32,23.66,19.61,19.98,21.62,22.3,19.25,19.68,0,,,,,AAPL_YF_GITHUB;CBOE_VXAPL;CBOE_VIX;CBOE_VIX9D
2016-02-02,21.61155123,21.75197485,21.35335425,21.39865303,149428800,29.42,30.57,29.22,30.42,21.34,22.42,21.06,21.98,21.59,23.06,21.35,22.19,0,,,,,AAPL_YF_GITHUB;CBOE_VXAPL;CBOE_VIX;CBOE_VIX9D
2016-02-03,21.51642236,21.93316066,21.30805321,21.8221817,183857200,30.36,32.64,28.97,29.12,21.49,27.7,21.42,21.65,21.71,25.2,21.67,22.35,0,,,,,AAPL_YF_GITHUB;CBOE_VXAPL;CBOE_VIX;CBOE_VIX9D
2016-02-04,21.82902315,22.16376852,21.67645268,21.9975338,185886800,29.32,30.34,29.1,29.29,22.29,23.14,21.24,21.84,23.21,23.97,21.56,21.75,0,,,,,AAPL_YF_GITHUB;CBOE_VXAPL;CBOE_VIX;CBOE_VIX9D
2016-02-05,21.97930146,22.07038885,21.33486199,21.41000748,185672400,29.41,33.14,29.41,32.49,22.09,24.11,21.91,23.38,21.7,23.87,21.56,22.96,0,,,,,AAPL_YF_GITHUB;CBOE_VXAPL;CBOE_VIX;CBOE_VIX9D
2016-02-08,21.20734763,21.79258202,21.18685387,21.63545799,216085600,34.3,35.49,32.6,33.13,25.89,27.72,25.56,26.0,26.57,28.88,25.99,26.4,0,,,,,AAPL_YF_GITHUB;CBOE_VXAPL;CBOE_VIX;CBOE_VIX9D
2016-02-09,21.47149209,21.84722646,21.38951361,21.63089371,177324800,34.26,35.32,33.65,34.18,28.3,28.31,25.99,26.54,29.78,30.28,26.01,26.84,0,,,,,AAPL_YF_GITHUB;CBOE_VXAPL;CBOE_VIX;CBOE_VIX9D
2016-02-10,21.84268018,21.94059886,21.42823406,21.46694565,169374400,33.6,34.44,33.05,34.04,25.75,26.6,24.47,26.29,25.64,26.25,23.96,25.53,0,,,,,AAPL_YF_GITHUB;CBOE_VXAPL;CBOE_VIX;CBOE_VIX9D
2016-02-11,21.35764035,21.56941785,21.0843781,21.33714485,200298800,35.04,37.87,34.38,34.99,29.01,30.9,26.67,28.14,29.57,30.04,27.16,27.36,0,,,,,AAPL_YF_GITHUB;CBOE_VXAPL;CBOE_VIX;CBOE_VIX9D
2016-02-12,21.44872756,21.51931948,21.18002064,21.40318298,161405600,34.7,35.92,32.76,32.76,27.16,27.57,24.92,25.4,26.0,26.49,22.15,22.71,0,,,,,AAPL_YF_GITHUB;CBOE_VXAPL;CBOE_VIX;CBOE_VIX9D
2016-02-16,21.63772304,22.05444661,21.54435973,22.00662613,196231600,33.32,33.45,30.42,31.01,24.96,25.52,23.32,24.11,23.96,24.61,21.56,21.81,0,,,,,AAPL_YF_GITHUB;CBOE_VXAPL;CBOE_VIX;CBOE_VIX9D
2016-02-17,22.01346866,22.36415411,21.89505623,22.34366035,179452800,31.22,31.27,29.32,30.03,23.4,24.16,21.83,22.31,20.98,21.54,20.07,20.27,0,,,,,AAPL_YF_GITHUB;CBOE_VXAPL;CBOE_VIX;CBOE_VIX9D
2016-02-18,22.50760942,22.51899599,21.88138594,21.92009926,156084000,29.96,31.28,29.56,30.58,22.16,22.53,21.29,21.64,20.25,20.7,18.71,19.53,0,,,,,AAPL_YF_GITHUB;CBOE_VXAPL;CBOE_VIX;CBOE_VIX9D
2016-02-19,21.86090337,22.03396934,21.81536051,21.87001228,141496800,30.93,30.98,28.93,29.13,22.39,23.44,20.52,20.53,20.57,21.15,18.18,18.22,0,,,,,AAPL_YF_GITHUB;CBOE_VXAPL;CBOE_VIX;CBOE_VIX9D
2016-02-22,21.93148413,22.06583844,21.8426744,22.06128311,137123200,29.12,29.41,26.09,26.11,20.14,20.35,19.02,19.38,19.54,19.7,17.8,18.39,0,,,,,AAPL_YF_GITHUB;CBOE_VXAPL;CBOE_VIX;CBOE_VIX9D
2016-02-23,21.95198282,21.97475424,21.5307055,21.56258583,127770400,26.97,28.85,26.82,28.73,19.75,21.16,19.54,20.98,19.04,21.16,18.66,20.69,0,,,,,AAPL_YF_GITHUB;CBOE_VXAPL;CBOE_VIX;CBOE_VIX9D
2016-02-24,21.40090106,21.94742192,21.25060661,21.88366127,145022800,29.63,30.97,27.06,27.26,22.28,22.87,20.26,20.72,22.59,23.34,20.47,20.72,0,,,,,AAPL_YF_GITHUB;CBOE_VXAPL;CBOE_VIX;CBOE_VIX9D
2016-02-25,21.87228291,22.03396225,21.69010808,22.03396225,110330800,27.36,28.67,26.63,26.63,20.54,21.26,19.1,19.11,20.47,21.37,17.79,17.79,0,,,,,AAPL_YF_GITHUB;CBOE_VXAPL;CBOE_VIX;CBOE_VIX9D
2016-02-26,22.13415564,22.32088405,21.99297181,22.06811905,115964400,25.97,27.36,25.59,26.65,18.89,20.13,18.46,19.81,17.69,19.22,17.69,18.56,0,,,,,AAPL_YF_GITHUB;CBOE_VXAPL;CBOE_VIX;CBOE_VIX9D
2016-02-29,22.05673221,22.36870603,22.00891172,22.01802063,140865200,27.38,27.58,26.31,27.23,20.49,20.81,18.38,20.55,20.57,20.78,18.77,20.36,0,,,,,AAPL_YF_GITHUB;CBOE_VXAPL;CBOE_VIX;CBOE_VIX9D
2016-03-01,22.23663538,22.94711354,22.18425954,22.89246178,201628400,26.45,26.82,24.42,25.03,19.84,20.17,17.66,17.7,19.6,20.0,16.92,17.04,0,,,,,AAPL_YF_GITHUB;CBOE_VXAPL;CBOE_VIX;CBOE_VIX9D
2016-03-02,22.88790653,22.97443863,22.6897915,22.94255829,132678400,24.79,25.93,24.33,24.36,17.98,18.41,16.78,17.09,17.55,18.18,15.03,15.78,0,,,,,AAPL_YF_GITHUB;CBOE_VXAPL;CBOE_VIX;CBOE_VIX9D
2016-03-03,22.90384246,23.16116278,22.87423805,23.11334229,147822800,24.72,25.13,24.1,24.6,17.25,17.56,16.32,16.7,16.24,16.74,15.53,15.91,0,,,,,AAPL_YF_GITHUB;CBOE_VXAPL;CBOE_VIX;CBOE_VIX9D
2016-03-04,23.31145613,23.62570585,23.08373848,23.45719528,184220400,24.43,24.99,23.39,23.6,16.48,17.35,16.05,16.86,15.83,16.72,14.86,15.86,0,,,,,AAPL_YF_GITHUB;CBOE_VXAPL;CBOE_VIX;CBOE_VIX9D
2016-03-07,23.31601183,23.41620816,22.9903755,23.19759941,143315600,24.86,26.32,24.81,25.72,17.98,18.04,16.87,17.35,18.6,18.74,17.14,17.66,0,,,,,AAPL_YF_GITHUB;CBOE_VXAPL;CBOE_VIX;CBOE_VIX9D
2016-03-08,22.94938391,23.17254797,22.86285183,23.00631332,126247600,26.25,26.85,25.22,25.22,18.38,18.89,17.82,18.67,19.33,19.73,18.45,19.17,0,,,,,AAPL_YF_GITHUB;CBOE_VXAPL;CBOE_VIX;CBOE_VIX9D
2016-03-09,23.07007678,23.13156152,22.83325019,23.0268116,108806800,25.08,26.01,24.63,24.67,18.56,19.11,18.31,18.34,19.2,19.95,18.72,18.79,0,,,,,AAPL_YF_GITHUB;CBOE_VXAPL;CBOE_VIX;CBOE_VIX9D
2016-03-10,23.09285197,23.28185633,22.80592719,23.03819847,134054400,24.69,26.2,24.1,25.48,18.17,19.59,17.06,18.05,18.33,19.86,16.98,17.66,0,,,,,AAPL_YF_GITHUB;CBOE_VXAPL;CBOE_VIX;CBOE_VIX9D
2016-03-11,23.28185024,23.29095915,23.11333968,23.28640556,109632800,24.83,25.34,23.83,23.88,17.09,17.27,16.28,16.5,16.37,16.72,15.18,15.2,0,,,,,AAPL_YF_GITHUB;CBOE_VXAPL;CBOE_VIX;CBOE_VIX9D
2016-03-14,23.20670731,23.43442496,23.1771029,23.34561348,100304400,24.47,24.51,22.98,23.09,17.01,17.67,16.69,16.92,16.54,17.19,15.66,15.99,0,,,,,AAPL_YF_GITHUB;CBOE_VXAPL;CBOE_VIX;CBOE_VIX9D
2016-03-15,23.67352127,23.95133701,23.64847219,23.8147068,160270800,23.18,24.57,22.27,23.04,17.6,17.85,16.84,16.84,16.97,17.25,16.21,16.46,0,,,,,AAPL_YF_GITHUB;CBOE_VXAPL;CBOE_VIX;CBOE_VIX9D
2016-03-16,23.82154657,24.20866593,23.81699124,24.13124275,153214000,23.53,25.28,23.24,24.1,15.96,16.33,14.89,14.99,17.2,17.2,14.02,14.07,0,,,,,AAPL_YF_GITHUB;CBOE_VXAPL;CBOE_VIX;CBOE_VIX9D
2016-03-17,24.02876689,24.24509971,23.90124556,24.0925293,137682800,24.58,25.15,24.37,24.44,15.34,15.38,13.82,14.44,14.4,14.4,12.44,13.05,0,,,,,AAPL_YF_GITHUB;CBOE_VXAPL;CBOE_VIX;CBOE_VIX9D
2016-03-18,24.21550072,24.25193639,23.95362674,24.1198597,176820800,24.84,25.08,23.08,23.49,14.05,14.36,13.75,14.02,12.76,13.0,12.32,12.47,0,,,,,AAPL_YF_GITHUB;CBOE_VXAPL;CBOE_VIX;CBOE_VIX9D
2016-03-21,24.12213019,24.51380481,23.94223304,24.1175766,142010800,24.09,24.39,22.99,22.99,14.57,14.73,13.79,13.79,14.01,14.27,12.47,12.77,0,,,,,AAPL_YF_GITHUB;CBOE_VXAPL;CBOE_VIX;CBOE_VIX9D
2016-03-22,23.96728342,24.43182765,23.95817451,24.30202866,129777600,23.52,23.63,22.75,23.4,14.57,14.76,13.75,14.17,13.89,14.12,12.64,13.14,0,,,,,AAPL_YF_GITHUB;CBOE_VXAPL;CBOE_VIX;CBOE_VIX9D
2016-03-23,24.24738142,24.38173403,24.11530474,24.16767883,102814000,23.87,23.96,23.07,23.72,14.57,15.03,14.33,14.94,13.47,13.9,13.17,13.36,0,,,,,AAPL_YF_GITHUB;CBOE_VXAPL;CBOE_VIX;CBOE_VIX9D
2016-03-24,24.01737679,24.19499625,23.88530016,24.06291962,104532000,24.51,24.62,23.83,24.24,16.3,16.44,14.71,14.74,15.27,15.42,12.33,12.35,0,,,,,AAPL_YF_GITHUB;CBOE_VXAPL;CBOE_VIX;CBOE_VIX9D
2016-03-28,24.13806973,24.18133664,23.9240146,23.953619,77645600,26.05,26.6,25.18,25.3,15.65,16.04,14.89,15.24,14.59,15.08,13.5,14.07,0,,,,,AAPL_YF_GITHUB;CBOE_VXAPL;CBOE_VIX;CBOE_VIX9D
2016-03-29,23.8853069,24.5456885,23.88302923,24.52063942,124760400,25.66,26.15,25.17,25.4,15.74,15.89,13.79,13.82,14.7,14.94,12.06,12.17,0,,,,,AAPL_YF_GITHUB;CBOE_VXAPL;CBOE_VIX;CBOE_VIX9D
2016-03-30,24.74152356,25.14458305,24.73013699,24.94874573,182404400,25.3,26.43,25.18,26.17,13.69,13.89,13.06,13.56,12.15,12.34,11.39,11.87,0,,,,,AAPL_YF_GITHUB;CBOE_VXAPL;CBOE_VIX;CBOE_VIX9D
2016-03-31,24.98517765,25.02616689,24.79389395,24.81894302,103553600,26.57,27.01,26.25,26.71,13.73,14.28,13.49,13.95,12.09,12.79,11.67,12.25,0,,,,,AAPL_YF_GITHUB;CBOE_VXAPL;CBOE_VIX;CBOE_VIX9D
2016-04-01,24.77112892,25.04894476,24.63905224,25.0466671,103496000,27.34,27.5,26.02,26.02,15.23,15.28,13.0,13.1,13.82,13.84,10.72,10.92,0,,,,,AAPL_YF_GITHUB;CBOE_VXAPL;CBOE_VIX;CBOE_VIX9D
2016-04-04,25.1445841,25.54764533,25.1104261,25.3039875,149424800,27.08,28.59,27.08,28.49,13.88,14.24,13.66,14.12,12.4,12.89,11.82,12.5,0,,,,,AAPL_YF_GITHUB;CBOE_VXAPL;CBOE_VIX;CBOE_VIX9D
2016-04-05,24.9373544,25.21517015,24.91685892,25.00566864,106314800,29.42,29.79,28.96,29.62,15.39,15.72,14.93,15.42,14.23,14.53,13.48,13.96,0,,,,,AAPL_YF_GITHUB;CBOE_VXAPL;CBOE_VIX;CBOE_VIX9D
2016-04-06,25.1013204,25.27210866,24.86676973,25.26755333,105616400,29.56,30.53,29.52,29.52,15.61,15.98,14.0,14.09,14.43,14.69,12.15,12.56,0,,,,,AAPL_YF_GITHUB;CBOE_VXAPL;CBOE_VIX;CBOE_VIX9D
2016-04-07,25.03755166,25.14457922,24.62082973,24.71647072,127207600,30.24,32.37,29.98,32.03,15.14,16.77,14.68,16.16,14.09,16.15,13.4,15.2,0,,,,,AAPL_YF_GITHUB;CBOE_VXAPL;CBOE_VIX;CBOE_VIX9D
2016-04-08,24.80073053,24.99656611,24.63221822,24.74380112,94326800,32.0,32.22,30.49,30.78,15.34,15.93,14.84,15.36,14.09,14.53,12.97,13.59,0,,,,,AAPL_YF_GITHUB;CBOE_VXAPL;CBOE_VIX;CBOE_VIX9D
2016-04-11,24.81439603,25.18785289,24.78251569,24.82578087,117630000,34.03,34.09,32.23,32.83,15.34,16.26,14.83,16.26,14.28,15.6,13.64,15.59,0,,,,,AAPL_YF_GITHUB;CBOE_VXAPL;CBOE_VIX;CBOE_VIX9D
2016-04-12,24.89864858,25.16280191,24.74380224,25.1491394,108929200,33.0,33.65,31.44,31.44,15.98,16.57,14.84,14.85,15.2,16.02,13.71,13.71,0,,,,,AAPL_YF_GITHUB;CBOE_VXAPL;CBOE_VIX;CBOE_VIX9D
2016-04-13,25.23111556,25.58179921,25.23111556,25.51348495,133029200,31.69,31.98,31.47,31.67,14.49,14.53,13.6,13.84,13.59,13.59,12.3,12.45,0,,,,,AAPL_YF_GITHUB;CBOE_VXAPL;CBOE_VIX;CBOE_VIX9D
2016-04-14,25.4178419,25.59318371,25.35180358,25.52714539,101895600,31.96,32.65,30.6,30.75,13.9,14.12,13.38,13.72,12.76,12.91,11.84,12.32,0,,,,,AAPL_YF_GITHUB;CBOE_VXAPL;CBOE_VIX;CBOE_VIX9D
2016-04-15,25.52943208,25.572699,24.98746457,25.01478958,187756000,30.72,32.98,30.25,32.16,13.77,14.19,13.58,13.62,12.52,12.98,12.18,12.2,0,,,,,AAPL_YF_GITHUB;CBOE_VXAPL;CBOE_VIX;CBOE_VIX9D
2016-04-18,24.79617676,24.80983926,24.352128,24.47509575,243286000,32.0,32.19,31.02,31.57,14.87,14.94,13.23,13.35,14.5,14.5,12.7,12.86,0,,,,,AAPL_YF_GITHUB;CBOE_VXAPL;CBOE_VIX;CBOE_VIX9D
2016-04-19,24.56618346,24.59351021,24.19045067,24.34529877,129539600,32.08,32.7,30.76,30.87,13.18,13.88,12.98,13.24,12.96,13.76,12.69,12.86,0,,,,,AAPL_YF_GITHUB;CBOE_VXAPL;CBOE_VIX;CBOE_VIX9D
2016-04-20,24.2838103,24.6140002,24.15173365,24.39539146,122444000,31.18,31.39,27.55,28.6,13.39,13.5,12.5,13.28,12.41,13.04,12.19,12.8,0,,,,,AAPL_YF_GITHUB;CBOE_VXAPL;CBOE_VIX;CBOE_VIX9D
2016-04-21,24.34985152,24.34985152,24.02876875,24.13124275,126210000,28.89,29.98,28.89,29.64,13.2,14.14,13.16,13.95,12.9,13.63,12.78,13.18,0,,,,,AAPL_YF_GITHUB;CBOE_VXAPL;CBOE_VIX;CBOE_VIX9D
2016-04-22,23.91263419,24.24737946,23.82382443,24.06520462,134732400,30.1,30.36,28.41,28.71,13.7,14.19,13.15,13.22,13.29,13.43,11.73,11.93,0,,,,,AAPL_YF_GITHUB;CBOE_VXAPL;CBOE_VIX;CBOE_VIX9D
2016-04-25,23.91035387,24.0583707,23.79877271,23.9285717,112126400,29.49,30.11,28.65,28.96,14.07,14.76,13.86,14.08,14.07,14.49,13.53,13.62,0,,,,,AAPL_YF_GITHUB;CBOE_VXAPL;CBOE_VIX;CBOE_VIX9D
2016-04-26,23.66214594,23.97867339,23.66214594,23.76234055,224064800,29.31,30.53,28.35,30.53,14.01,14.43,13.66,13.96,13.54,14.06,13.14,13.5,1,2016-03-31,0.49,0.47,-0.04081633,AAPL_YF_GITHUB;CBOE_VXAPL;CBOE_VIX;CBOE_VIX9D;ALPHAQUERY_ZACKS_EARNINGS
2016-04-27,21.86090059,22.47801538,21.78803099,22.27534676,458408400,24.92,24.92,22.86,24.25,14.15,14.95,13.5,13.77,14.12,14.64,12.42,12.81,0,,,,,AAPL_YF_GITHUB;CBOE_VXAPL;CBOE_VIX;CBOE_VIX9D
2016-04-28,22.22752201,22.28900502,21.4623905,21.59446716,328970800,24.32,28.38,23.49,26.59,14.53,15.61,13.3,15.22,13.76,15.05,12.18,14.55,0,,,,,AAPL_YF_GITHUB;CBOE_VXAPL;CBOE_VIX;CBOE_VIX9D
2016-04-29,21.40317994,21.56941458,21.06615882,21.34625053,274126000,27.93,29.46,27.4,27.7,15.21,17.09,14.91,15.7,15.33,17.07,14.77,14.79,0,,,,,AAPL_YF_GITHUB;CBOE_VXAPL;CBOE_VIX;CBOE_VIX9D
2016-05-02,21.39863168,21.42368076,21.04111497,21.32348442,192640400,27.96,29.32,26.26,26.74,16.33,16.5,14.48,14.68,15.85,15.9,13.59,13.77,0,,,,,AAPL_YF_GITHUB;CBOE_VXAPL;CBOE_VIX;CBOE_VIX9D
2016-05-03,21.45100355,21.80168897,21.33259113,21.67416763,227325200,27.08,27.22,25.1,25.16,14.92,16.42,14.91,15.6,15.48,16.37,14.6,15.17,0,,,,,AAPL_YF_GITHUB;CBOE_VXAPL;CBOE_VIX;CBOE_VIX9D
2016-05-04,21.67872024,21.83812364,21.3644705,21.44872665,164102000,25.41,26.47,24.9,25.46,15.47,16.85,15.39,16.05,16.28,16.72,15.32,15.47,0,,,,,AAPL_YF_GITHUB;CBOE_VXAPL;CBOE_VIX;CBOE_VIX9D
2016-05-05,21.53578341,21.55182062,21.23336609,21.36166382,143562000,25.47,26.81,25.47,26.17,15.54,16.45,15.22,15.91,15.4,16.16,15.02,15.37,0,,,,,AAPL_YF_GITHUB;CBOE_VXAPL;CBOE_VIX;CBOE_VIX9D
2016-05-06,21.39145267,21.40977967,21.04321342,21.24253464,174799600,26.43,27.96,25.87,25.87,16.2,16.58,14.71,14.72,15.67,15.74,13.2,13.38,0,,,,,AAPL_YF_GITHUB;CBOE_VXAPL;CBOE_VIX;CBOE_VIX9D
2016-05-09,21.30667946,21.48308883,21.21274595,21.25856781,131745600,26.63,26.68,25.22,25.4,15.2,15.39,14.17,14.57,14.85,14.98,13.51,13.86,0,,,,,AAPL_YF_GITHUB;CBOE_VXAPL;CBOE_VIX;CBOE_VIX9D
2016-05-10,21.38228598,21.43727047,21.1027787,21.40290451,134747200,25.24,26.06,24.25,24.29,13.98,14.35,13.55,13.63,13.19,13.32,12.75,12.8,0,,,,,AAPL_YF_GITHUB;CBOE_VXAPL;CBOE_VIX;CBOE_VIX9D
2016-05-11,21.41665496,21.4372735,21.18296777,21.19442368,114876400,24.43,24.91,24.15,24.49,13.92,14.69,13.29,14.69,12.71,13.75,12.55,13.75,0,,,,,AAPL_YF_GITHUB;CBOE_VXAPL;CBOE_VIX;CBOE_VIX9D
2016-05-12,21.24253651,21.2562822,20.49794805,20.69726753,305258800,24.69,28.44,24.64,25.97,14.55,15.42,13.95,14.41,13.01,15.16,12.91,13.46,0,,,,,AAPL_YF_GITHUB;CBOE_VXAPL;CBOE_VIX;CBOE_VIX9D
2016-05-13,20.61936724,21.00197064,20.61936724,20.7385006,177571200,26.17,26.22,25.2,25.87,15.15,15.47,13.97,15.04,13.75,14.68,12.66,14.15,0,,,,,AAPL_YF_GITHUB;CBOE_VXAPL;CBOE_VIX;CBOE_VIX9D
2016-05-16,21.16692852,21.62513674,20.99739197,21.50829315,245039200,26.2,26.2,23.67,23.97,15.72,15.98,14.28,14.68,15.91,15.91,13.24,13.59,0,,,,,AAPL_YF_GITHUB;CBOE_VXAPL;CBOE_VIX;CBOE_VIX9D
2016-05-17,21.6617911,21.69615531,21.30897061,21.41893959,187667600,24.04,24.91,23.68,23.81,14.57,16.12,14.48,15.57,14.0,15.93,13.5,15.11,0,,,,,AAPL_YF_GITHUB;CBOE_VXAPL;CBOE_VIX;CBOE_VIX9D
2016-05-18,21.57244514,21.81300342,21.51058604,21.66408539,168249600,23.78,24.34,23.29,23.6,15.72,16.47,14.86,15.95,15.45,16.5,14.15,15.34,0,,,,,AAPL_YF_GITHUB;CBOE_VXAPL;CBOE_VIX;CBOE_VIX9D
2016-05-19,21.68241228,21.68241228,21.43727095,21.58160591,121768400,24.41,24.56,23.55,23.57,16.37,17.65,16.28,16.33,16.32,17.48,15.28,15.28,0,,,,,AAPL_YF_GITHUB;CBOE_VXAPL;CBOE_VIX;CBOE_VIX9D
2016-05-20,21.68241156,21.86340401,21.65491844,21.81529236,128104000,23.45,23.66,22.77,23.0,16.13,16.3,15.11,15.2,14.66,14.66,12.62,12.73,0,,,,,AAPL_YF_GITHUB;CBOE_VXAPL;CBOE_VIX;CBOE_VIX9D
2016-05-23,21.96420489,22.26662215,21.91838303,22.09250259,152074400,23.27,23.96,22.53,22.68,16.33,16.47,15.4,15.82,14.49,14.49,13.15,13.6,0,,,,,AAPL_YF_GITHUB;CBOE_VXAPL;CBOE_VIX;CBOE_VIX9D
2016-05-24,22.27349803,22.47281745,22.18643736,22.42928886,140560800,22.72,22.92,21.89,21.94,16.03,16.06,14.36,14.42,13.17,13.22,11.75,11.91,0,,,,,AAPL_YF_GITHUB;CBOE_VXAPL;CBOE_VIX;CBOE_VIX9D
2016-05-25,22.60569908,22.85084037,22.47740135,22.823349,152675200,22.0,22.52,21.94,22.09,14.19,14.33,13.64,13.9,11.73,11.75,11.24,11.41,0,,,,,AAPL_YF_GITHUB;CBOE_VXAPL;CBOE_VIX;CBOE_VIX9D
2016-05-26,22.83709817,23.07765819,22.59882968,23.00434494,225324800,22.23,23.1,21.7,22.18,13.8,14.11,13.43,13.43,11.41,11.83,10.46,10.46,0,,,,,AAPL_YF_GITHUB;CBOE_VXAPL;CBOE_VIX;CBOE_VIX9D
2016-05-27,22.78211672,23.01809371,22.73858638,22.99060059,145364800,22.52,22.64,21.93,22.04,13.49,13.76,13.04,13.12,10.69,11.16,9.73,9.77,0,,,,,AAPL_YF_GITHUB;CBOE_VXAPL;CBOE_VIX;CBOE_VIX9D
2016-05-31,22.81876269,23.00204663,22.64006181,22.87833023,169228800,23.28,23.46,22.08,22.09,13.94,15.0,13.45,14.19,11.66,13.05,11.45,11.85,0,,,,,AAPL_YF_GITHUB;CBOE_VXAPL;CBOE_VIX;CBOE_VIX9D
2016-06-01,22.68589398,22.80502913,22.52781329,22.55759621,116693200,22.43,22.6,21.94,22.29,14.45,15.25,14.18,14.2,12.86,13.26,11.6,11.61,0,,,,,AAPL_YF_GITHUB;CBOE_VXAPL;CBOE_VIX;CBOE_VIX9D
2016-06-02,22.36056268,22.41554718,22.13833139,22.3880558,160766400,22.71,22.99,22.06,22.39,14.42,14.92,13.62,13.63,12.51,12.73,10.99,11.01,0,,,,,AAPL_YF_GITHUB;CBOE_VXAPL;CBOE_VIX;CBOE_VIX9D
2016-06-03,22.40409503,22.51406405,22.32619871,22.43387794,114019600,22.51,22.54,21.41,21.43,13.78,14.66,12.9,13.47,11.47,12.27,9.97,10.11,0,,,,,AAPL_YF_GITHUB;CBOE_VXAPL;CBOE_VIX;CBOE_VIX9D
2016-06-06,22.44991394,23.34342043,22.34910931,22.59654045,93170000,22.48,22.57,21.64,21.7,13.84,14.27,13.42,13.65,11.68,12.01,11.03,11.26,0,,,,,AAPL_YF_GITHUB;CBOE_VXAPL;CBOE_VIX;CBOE_VIX9D
2016-06-07,22.73858029,22.88062545,22.67213989,22.68817711,89638000,21.73,22.04,21.31,21.43,12.77,14.05,12.72,14.05,11.27,11.65,10.98,11.56,0,,,,,AAPL_YF_GITHUB;CBOE_VXAPL;CBOE_VIX;CBOE_VIX9D
2016-06-08,22.68588949,22.80960592,22.60799492,22.66756248,83392400,21.52,21.69,20.9,20.9,13.84,14.27,13.7,14.08,11.54,11.68,10.61,10.89,0,,,,,AAPL_YF_GITHUB;CBOE_VXAPL;CBOE_VIX;CBOE_VIX9D
2016-06-09,22.56675114,22.90811572,22.55758677,22.83022118,106405600,21.05,21.46,20.82,21.02,14.01,14.85,13.99,14.64,12.05,12.42,11.9,12.23,0,,,,,AAPL_YF_GITHUB;CBOE_VXAPL;CBOE_VIX;CBOE_VIX9D
2016-06-10,22.57362495,22.76149023,22.56217079,22.64235687,126851600,21.53,23.15,21.53,23.13,14.89,17.33,14.85,17.03,14.22,16.37,14.11,15.83,0,,,,,AAPL_YF_GITHUB;CBOE_VXAPL;CBOE_VIX;CBOE_VIX9D
2016-06-13,22.61028104,22.70879586,22.24600466,22.30098915,152082000,23.39,25.0,23.36,24.37,18.24,21.01,17.89,20.97,19.94,23.13,19.17,22.94,0,,,,,AAPL_YF_GITHUB;CBOE_VXAPL;CBOE_VIX;CBOE_VIX9D
2016-06-14,22.29641296,22.56217458,22.16582368,22.3284874,127727600,24.51,26.35,24.03,24.77,21.28,22.16,20.27,20.5,24.91,25.46,21.97,23.35,0,,,,,AAPL_YF_GITHUB;CBOE_VXAPL;CBOE_VIX;CBOE_VIX9D
2016-06-15,22.41096551,22.54613786,22.22997304,22.25517464,117780800,24.82,24.91,23.53,24.22,20.25,20.45,18.63,20.14,23.45,23.72,18.71,22.6,0,,,,,AAPL_YF_GITHUB;CBOE_VXAPL;CBOE_VIX;CBOE_VIX9D
2016-06-16,22.0970937,22.39492978,22.01003475,22.34910965,125307200,25.19,26.08,24.14,24.17,20.8,22.89,19.24,19.37,24.86,26.94,21.48,21.89,0,,,,,AAPL_YF_GITHUB;CBOE_VXAPL;CBOE_VIX;CBOE_VIX9D
2016-06-17,22.13604059,22.14291343,21.83362322,21.84049606,244032800,25.21,26.16,24.58,25.66,19.42,20.03,18.71,19.41,22.16,22.81,21.21,22.0,0,,,,,AAPL_YF_GITHUB;CBOE_VXAPL;CBOE_VIX;CBOE_VIX9D
2016-06-20,21.99399195,22.12458121,21.77176071,21.78779793,137647600,25.26,25.26,23.52,24.89,17.42,18.55,16.59,18.37,20.51,22.59,19.61,22.21,0,,,,,AAPL_YF_GITHUB;CBOE_VXAPL;CBOE_VIX;CBOE_VIX9D
2016-06-21,21.75114784,22.07418377,21.69158027,21.97337914,142185600,24.9,24.94,23.19,24.09,17.67,18.96,16.91,18.48,21.9,23.13,21.45,22.47,0,,,,,AAPL_YF_GITHUB;CBOE_VXAPL;CBOE_VIX;CBOE_VIX9D
2016-06-22,22.05127569,22.19790221,21.84508159,21.89090347,116876400,24.09,25.47,23.32,25.23,18.26,21.22,17.83,21.17,22.97,27.93,22.19,27.86,0,,,,,AAPL_YF_GITHUB;CBOE_VXAPL;CBOE_VIX;CBOE_VIX9D
2016-06-23,21.98024337,22.06042944,21.82216101,22.01689911,128960800,24.41,25.0,23.45,23.47,19.54,19.79,17.25,17.25,22.96,23.56,20.89,21.13,0,,,,,AAPL_YF_GITHUB;CBOE_VXAPL;CBOE_VIX;CBOE_VIX9D
2016-06-24,21.28606254,21.68699471,21.22649499,21.39832306,301245600,25.87,28.09,25.46,26.83,26.06,26.24,19.48,25.76,29.89,31.34,23.34,30.71,0,,,,,AAPL_YF_GITHUB;CBOE_VXAPL;CBOE_VIX;CBOE_VIX9D
2016-06-27,21.30667828,21.31813418,20.96302218,21.08673859,181958400,28.5,30.18,28.15,28.15,24.38,26.72,22.93,23.85,30.04,30.86,24.08,25.06,0,,,,,AAPL_YF_GITHUB;CBOE_VXAPL;CBOE_VIX;CBOE_VIX9D
2016-06-28,21.28377382,21.45789344,21.10965419,21.44185448,161779600,27.4,27.53,24.95,25.02,21.76,22.07,18.75,18.75,22.12,22.12,18.74,19.08,0,,,,,AAPL_YF_GITHUB;CBOE_VXAPL;CBOE_VIX;CBOE_VIX9D
2016-06-29,21.52891702,21.66179784,21.4510207,21.62743187,146124000,25.0,25.06,24.14,24.55,18.12,18.27,16.48,16.64,17.64,17.73,14.97,15.86,0,,,,,AAPL_YF_GITHUB;CBOE_VXAPL;CBOE_VIX;CBOE_VIX9D
2016-06-30,21.63659342,21.94130057,21.60451898,21.90235329,143345600,24.65,24.81,23.16,23.16,16.91,16.99,15.29,15.63,15.22,15.5,12.86,14.05,0,,,,,AAPL_YF_GITHUB;CBOE_VXAPL;CBOE_VIX;CBOE_VIX9D
2016-07-01,21.87714617,22.10166892,21.84049043,21.96878815,104106000,23.37,23.71,22.54,22.8,15.59,15.86,14.61,14.77,13.11,13.17,11.82,11.85,0,,,,,AAPL_YF_GITHUB;CBOE_VXAPL;CBOE_VIX;CBOE_VIX9D
2016-07-05,21.85424194,21.85653347,21.64117504,21.76259995,110820800,24.72,25.27,24.58,24.74,16.05,16.62,15.49,15.58,14.73,15.33,14.02,14.19,0,,,,,AAPL_YF_GITHUB;CBOE_VXAPL;CBOE_VIX;CBOE_VIX9D
2016-07-06,21.67324751,21.91609904,21.62055455,21.88631439,123796400,25.13,25.8,24.47,24.72,15.87,17.04,14.96,14.96,15.44,16.19,13.15,13.18,0,,,,,AAPL_YF_GITHUB;CBOE_VXAPL;CBOE_VIX;CBOE_VIX9D
2016-07-07,21.92526126,22.10854523,21.90693426,21.9802475,100558400,24.57,25.68,24.48,24.51,14.8,15.98,14.33,14.76,13.21,14.37,12.49,13.11,0,,,,,AAPL_YF_GITHUB;CBOE_VXAPL;CBOE_VIX;CBOE_VIX9D
2016-07-08,22.10625756,22.19789956,22.00545293,22.1497879,115648400,24.34,24.74,23.6,23.79,14.64,14.75,13.19,13.2,11.74,12.07,11.15,11.43,0,,,,,AAPL_YF_GITHUB;CBOE_VXAPL;CBOE_VIX;CBOE_VIX9D
2016-07-11,22.16582069,22.37201472,22.16123937,22.2185154,95179600,25.23,25.28,24.25,24.93,13.25,13.67,13.0,13.54,12.21,12.76,11.98,12.23,0,,,,,AAPL_YF_GITHUB;CBOE_VXAPL;CBOE_VIX;CBOE_VIX9D
2016-07-12,22.26204656,22.38347146,22.2505924,22.31932259,96670000,24.59,25.18,23.92,24.09,12.93,13.93,12.75,13.55,11.6,12.87,11.6,12.25,0,,,,,AAPL_YF_GITHUB;CBOE_VXAPL;CBOE_VIX;CBOE_VIX9D
2016-07-13,22.31703002,22.37659582,22.18643901,22.1933136,103568800,23.72,24.62,23.64,24.42,13.32,13.79,12.92,13.04,12.32,12.61,10.91,11.11,0,,,,,AAPL_YF_GITHUB;CBOE_VXAPL;CBOE_VIX;CBOE_VIX9D
2016-07-14,22.31244788,22.67901409,22.29641067,22.63319397,155676000,24.02,24.6,23.71,24.47,12.5,13.37,12.14,12.82,11.76,11.77,10.61,10.93,0,,,,,AAPL_YF_GITHUB;CBOE_VXAPL;CBOE_VIX;CBOE_VIX9D
2016-07-15,22.66297386,22.75003452,22.56675057,22.63089943,120548000,24.18,24.55,23.68,23.68,13.12,13.22,12.27,12.67,10.66,10.91,9.71,10.26,0,,,,,AAPL_YF_GITHUB;CBOE_VXAPL;CBOE_VIX;CBOE_VIX9D
2016-07-18,22.6125769,22.94019587,22.58966683,22.87146568,145975600,23.45,23.9,22.65,23.17,12.75,13.12,12.33,12.44,11.68,11.73,10.93,10.99,0,,,,,AAPL_YF_GITHUB;CBOE_VXAPL;CBOE_VIX;CBOE_VIX9D
2016-07-19,22.80960702,22.9104134,22.75920383,22.88063049,95119600,23.38,23.87,22.9,23.77,12.53,12.83,11.94,11.97,11.26,11.8,10.96,11.02,0,,,,,AAPL_YF_GITHUB;CBOE_VXAPL;CBOE_VIX;CBOE_VIX9D
2016-07-20,22.91041331,23.015801,22.85084574,22.90124893,105104000,24.07,24.47,23.58,24.47,11.94,11.97,11.4,11.77,10.8,11.09,10.24,10.43,0,,,,,AAPL_YF_GITHUB;CBOE_VXAPL;CBOE_VIX;CBOE_VIX9D
2016-07-21,22.87147105,23.13952252,22.71109707,22.77982903,130808000,24.26,24.93,23.89,24.65,11.8,13.06,11.69,12.74,10.8,12.24,10.41,11.5,0,,,,,AAPL_YF_GITHUB;CBOE_VXAPL;CBOE_VIX;CBOE_VIX9D
2016-07-22,22.74087858,22.75004296,22.52322859,22.60341644,113254800,24.95,25.55,23.67,23.83,12.8,12.88,11.97,12.02,11.33,11.58,10.02,10.22,0,,,,,AAPL_YF_GITHUB;CBOE_VXAPL;CBOE_VIX;CBOE_VIX9D
2016-07-25,22.50947469,22.64464525,22.20476586,22.30098915,161531600,24.74,25.48,24.26,25.37,12.64,13.72,12.39,12.87,12.04,13.09,11.87,11.93,0,,,,,AAPL_YF_GITHUB;CBOE_VXAPL;CBOE_VIX;CBOE_VIX9D
2016-07-26,22.18185933,22.4453294,22.09021734,22.14749336,224959200,25.7,26.39,25.28,26.15,12.88,13.5,12.8,13.05,12.24,12.91,11.83,11.98,1,2016-06-30,0.35,0.35,0.0,AAPL_YF_GITHUB;CBOE_VXAPL;CBOE_VIX;CBOE_VIX9D;ALPHAQUERY_ZACKS_EARNINGS
2016-07-27,23.8886829,23.90701164,23.54044544,23.58626556,369379200,19.98,19.98,18.39,19.19,12.61,13.74,12.5,12.83,11.7,13.09,11.18,11.61,0,,,,,AAPL_YF_GITHUB;CBOE_VXAPL;CBOE_VIX;CBOE_VIX9D
2016-07-28,23.55878002,23.92992762,23.55648849,23.90472603,159479200,19.23,19.5,18.7,19.39,12.51,13.52,12.36,12.72,11.84,12.54,11.32,11.79,0,,,,,AAPL_YF_GITHUB;CBOE_VXAPL;CBOE_VIX;CBOE_VIX9D
2016-07-29,23.87036337,23.95284101,23.75351976,23.87494469,110934800,19.63,19.94,18.77,18.78,12.85,12.9,11.77,11.87,11.14,11.5,9.9,10.01,0,,,,,AAPL_YF_GITHUB;CBOE_VXAPL;CBOE_VIX;CBOE_VIX9D
2016-08-01,23.92076102,24.31940168,23.92076102,24.29649162,152671600,19.7,20.63,19.44,20.3,11.89,12.98,11.86,12.44,11.33,11.97,10.72,11.1,0,,,,,AAPL_YF_GITHUB;CBOE_VXAPL;CBOE_VIX;CBOE_VIX9D
2016-08-02,24.29649148,24.30107279,23.82682735,23.9367981,135266400,20.62,21.17,20.03,20.48,12.39,14.24,12.35,13.37,11.55,13.53,11.47,12.35,0,,,,,AAPL_YF_GITHUB;CBOE_VXAPL;CBOE_VIX;CBOE_VIX9D
2016-08-03,24.0124061,24.2483831,24.00324172,24.23692894,120810400,20.34,21.23,19.67,20.4,13.53,13.91,12.73,12.86,12.65,13.02,11.1,11.29,0,,,,,AAPL_YF_GITHUB;CBOE_VXAPL;CBOE_VIX;CBOE_VIX9D
2016-08-04,24.31984405,24.4165886,24.2507398,24.38664436,109634800,20.57,20.57,19.7,19.97,12.73,12.98,11.79,12.42,11.03,11.46,10.43,10.8,0,,,,,AAPL_YF_GITHUB;CBOE_VXAPL;CBOE_VIX;CBOE_VIX9D
2016-08-05,24.47878238,24.79665986,24.45805215,24.7575016,162213600,19.82,21.23,19.82,21.22,12.08,12.26,11.18,11.39,9.92,9.96,9.0,9.18,0,,,,,AAPL_YF_GITHUB;CBOE_VXAPL;CBOE_VIX;CBOE_VIX9D
2016-08-08,24.76672001,24.96251488,24.68379734,24.96251488,112148800,22.21,22.6,21.61,21.63,11.66,11.78,11.41,11.5,10.65,10.65,10.05,10.1,0,,,,,AAPL_YF_GITHUB;CBOE_VXAPL;CBOE_VIX;CBOE_VIX9D
2016-08-09,24.93025917,25.09380403,24.87958295,25.06385803,105260800,21.86,21.9,20.56,20.69,11.4,11.92,11.02,11.66,9.87,10.78,9.36,10.49,0,,,,,AAPL_YF_GITHUB;CBOE_VXAPL;CBOE_VIX;CBOE_VIX9D
2016-08-10,25.04082607,25.08459222,24.82199883,24.87728119,96034000,20.82,20.85,20.54,20.57,11.55,12.5,11.37,12.05,10.41,11.27,10.28,10.68,0,,,,,AAPL_YF_GITHUB;CBOE_VXAPL;CBOE_VIX;CBOE_VIX9D
2016-08-11,24.99706695,25.09150935,24.84273605,24.86116409,109938000,20.6,20.68,20.28,20.57,11.93,12.11,11.38,11.68,10.32,10.54,9.67,9.74,0,,,,,AAPL_YF_GITHUB;CBOE_VXAPL;CBOE_VIX;CBOE_VIX9D
2016-08-12,24.82661041,24.97863911,24.82661041,24.91874886,74641600,20.95,21.04,20.18,20.23,11.61,12.0,11.28,11.55,10.42,10.42,9.26,9.54,0,,,,,AAPL_YF_GITHUB;CBOE_VXAPL;CBOE_VIX;CBOE_VIX9D
2016-08-15,24.90953523,25.23201893,24.89571507,25.21819878,103472800,21.01,21.14,20.61,20.76,11.81,12.17,11.58,11.81,10.44,10.45,9.62,9.72,0,,,,,AAPL_YF_GITHUB;CBOE_VXAPL;CBOE_VIX;CBOE_VIX9D
2016-08-16,25.25274431,25.39095284,25.15599974,25.195158,135177600,20.83,21.61,20.66,20.9,12.04,12.78,11.87,12.64,10.34,11.21,10.22,10.87,0,,,,,AAPL_YF_GITHUB;CBOE_VXAPL;CBOE_VIX;CBOE_VIX9D
2016-08-17,25.13066597,25.19286017,24.95560309,25.15830803,101424000,21.18,21.66,20.63,20.65,12.57,13.71,12.14,12.19,10.98,13.21,10.57,10.76,0,,,,,AAPL_YF_GITHUB;CBOE_VXAPL;CBOE_VIX;CBOE_VIX9D
2016-08-18,25.16059926,25.24582583,25.11222523,25.12604713,87938800,20.74,20.79,20.14,20.31,12.2,12.53,11.42,11.43,10.85,11.16,9.71,9.9,0,,,,,AAPL_YF_GITHUB;CBOE_VXAPL;CBOE_VIX;CBOE_VIX9D
2016-08-19,25.05464907,25.26656801,24.96020844,25.19055367,101472400,20.67,20.98,19.89,19.93,11.67,12.28,11.33,11.34,10.37,10.99,9.25,9.4,0,,,,,AAPL_YF_GITHUB;CBOE_VXAPL;CBOE_VIX;CBOE_VIX9D
2016-08-22,25.07537908,25.13066143,24.84272993,24.99475861,103280800,20.29,21.08,19.78,19.9,12.53,13.02,11.94,12.27,11.98,12.14,10.71,10.95,0,,,,,AAPL_YF_GITHUB;CBOE_VXAPL;CBOE_VIX;CBOE_VIX9D
2016-08-23,25.0131879,25.1813407,24.99936775,25.07307816,85030800,19.98,19.99,19.39,19.79,12.15,12.44,11.72,12.38,10.39,11.38,10.18,11.37,0,,,,,AAPL_YF_GITHUB;CBOE_VXAPL;CBOE_VIX;CBOE_VIX9D
2016-08-24,25.00858388,25.0500461,24.80357675,24.88419724,94700400,20.02,20.9,19.91,20.69,12.7,14.01,12.3,13.45,11.58,13.81,11.43,12.67,0,,,,,AAPL_YF_GITHUB;CBOE_VXAPL;CBOE_VIX;CBOE_VIX9D
2016-08-25,24.73677799,24.84964667,24.57323306,24.7782402,100344800,20.88,21.71,20.73,21.25,13.62,14.09,13.29,13.63,13.34,13.53,12.21,12.77,0,,,,,AAPL_YF_GITHUB;CBOE_VXAPL;CBOE_VIX;CBOE_VIX9D
2016-08-26,24.74138404,24.86576893,24.48800286,24.63312149,111065200,21.38,22.42,20.3,21.39,13.54,14.93,12.13,13.65,12.66,14.09,10.38,12.1,0,,,,,AAPL_YF_GITHUB;CBOE_VXAPL;CBOE_VIX;CBOE_VIX9D
2016-08-29,24.55940994,24.74829297,24.48339559,24.60547829,99881200,22.16,22.65,21.31,21.92,14.09,14.43,12.9,12.94,13.32,13.34,11.1,11.14,0,,,,,AAPL_YF_GITHUB;CBOE_VXAPL;CBOE_VIX;CBOE_VIX9D
2016-08-30,24.37052331,24.53176425,24.30141904,24.41659164,99455600,22.31,22.99,21.72,21.75,12.94,13.6,12.7,13.12,10.85,11.9,10.85,11.21,0,,,,,AAPL_YF_GITHUB;CBOE_VXAPL;CBOE_VIX;CBOE_VIX9D
2016-08-31,24.33827979,24.54789306,24.33367191,24.43963051,118649600,21.95,22.45,21.58,22.45,13.14,14.34,12.97,13.42,11.3,13.09,11.2,11.64,0,,,,,AAPL_YF_GITHUB;CBOE_VXAPL;CBOE_VIX;CBOE_VIX9D
2016-09-01,24.44884082,24.6008695,24.32906208,24.58474541,106806000,22.66,23.35,22.29,22.31,13.07,14.61,12.99,13.48,11.78,13.79,11.57,11.89,0,,,,,AAPL_YF_GITHUB;CBOE_VXAPL;CBOE_VIX;CBOE_VIX9D
2016-09-02,24.80817263,24.87727688,24.60546952,24.81508446,107210000,22.14,22.14,21.02,21.02,13.47,13.9,11.9,11.98,9.71,10.14,9.02,9.1,0,,,,,AAPL_YF_GITHUB;CBOE_VXAPL;CBOE_VIX;CBOE_VIX9D
2016-09-06,24.85424995,24.9463884,24.76441546,24.80817986,107521600,22.2,22.4,21.73,22.03,12.42,12.93,11.85,12.02,10.47,11.18,9.9,9.98,0,,,,,AAPL_YF_GITHUB;CBOE_VXAPL;CBOE_VIX;CBOE_VIX9D
2016-09-07,24.83812241,25.05234351,24.66305957,24.96020508,169457200,22.0,22.22,20.54,21.16,11.89,12.45,11.77,11.94,10.23,10.53,9.8,9.8,0,,,,,AAPL_YF_GITHUB;CBOE_VXAPL;CBOE_VIX;CBOE_VIX9D
2016-09-08,24.70452446,24.70913059,24.24153008,24.30602646,212008000,21.4,22.14,20.92,22.08,11.74,12.6,11.65,12.51,10.64,11.15,10.48,10.99,0,,,,,AAPL_YF_GITHUB;CBOE_VXAPL;CBOE_VIX;CBOE_VIX9D
2016-09-09,24.10332062,24.35209384,23.75549889,23.75549889,186228000,22.4,23.35,21.0,23.18,12.52,17.54,12.52,17.5,12.94,18.8,12.92,18.78,0,,,,,AAPL_YF_GITHUB;CBOE_VXAPL;CBOE_VIX;CBOE_VIX9D
2016-09-12,23.64493807,24.35209785,23.61729601,24.28760147,181171200,19.81,21.65,18.36,19.73,20.13,20.51,14.76,15.16,23.36,23.51,15.58,16.03,0,,,,,AAPL_YF_GITHUB;CBOE_VXAPL;CBOE_VIX;CBOE_VIX9D
2016-09-13,24.76441012,25.05925166,24.70221594,24.8657608,248704800,20.38,21.96,20.38,20.89,15.98,18.97,15.83,17.85,17.71,21.4,17.53,19.55,0,,,,,AAPL_YF_GITHUB;CBOE_VXAPL;CBOE_VIX;CBOE_VIX9D
2016-09-14,25.04543391,26.0359172,25.01548791,25.74568176,443554800,21.04,25.34,20.81,22.48,17.63,18.14,16.34,18.14,19.58,19.88,17.56,19.38,0,,,,,AAPL_YF_GITHUB;CBOE_VXAPL;CBOE_VIX;CBOE_VIX9D
2016-09-15,26.22710449,26.65785064,26.14187613,26.62099457,359934400,23.7,24.69,22.44,23.26,17.97,18.07,15.74,16.3,18.93,19.13,16.39,17.0,0,,,,,AAPL_YF_GITHUB;CBOE_VXAPL;CBOE_VIX;CBOE_VIX9D
2016-09-16,26.5173397,26.74998708,26.26856647,26.47126961,319547600,23.39,23.77,21.65,22.12,16.41,17.1,15.28,15.37,17.32,17.86,15.27,15.27,0,,,,,AAPL_YF_GITHUB;CBOE_VXAPL;CBOE_VIX;CBOE_VIX9D
2016-09-19,26.53346503,26.76150629,26.08659476,26.1626091,188092000,22.81,22.82,21.5,21.78,15.14,15.96,14.6,15.53,16.03,16.95,15.24,16.31,0,,,,,AAPL_YF_GITHUB;CBOE_VXAPL;CBOE_VIX;CBOE_VIX9D
2016-09-20,26.04052629,26.28699559,25.91613967,26.16030502,138057200,22.05,22.31,21.39,21.55,14.98,16.09,14.69,15.92,15.9,17.38,15.77,17.22,0,,,,,AAPL_YF_GITHUB;CBOE_VXAPL;CBOE_VIX;CBOE_VIX9D
2016-09-21,26.22479937,26.25704756,25.90001357,26.15569687,144012800,21.83,22.2,20.91,21.02,15.07,15.65,12.98,13.3,16.13,17.88,12.63,12.83,0,,,,,AAPL_YF_GITHUB;CBOE_VXAPL;CBOE_VIX;CBOE_VIX9D
2016-09-22,26.33997408,26.47587867,26.25935361,26.40216827,124296000,21.2,21.49,20.38,20.52,13.39,13.39,11.76,12.02,11.45,11.66,10.44,10.79,0,,,,,AAPL_YF_GITHUB;CBOE_VXAPL;CBOE_VIX;CBOE_VIX9D
2016-09-23,26.35609788,26.44132624,25.69500827,25.96220779,209924800,21.0,23.5,20.5,22.29,12.0,12.58,11.93,12.29,11.35,11.96,10.76,11.39,0,,,,,AAPL_YF_GITHUB;CBOE_VXAPL;CBOE_VIX;CBOE_VIX9D
2016-09-26,25.7157381,26.11884221,25.69500788,26.00136566,119477600,24.39,24.53,23.55,23.88,13.26,14.63,13.26,14.5,14.45,15.82,13.96,15.67,0,,,,,AAPL_YF_GITHUB;CBOE_VXAPL;CBOE_VIX;CBOE_VIX9D
2016-09-27,26.02901342,26.07047564,25.87698471,26.04974365,98429600,24.13,24.15,22.92,23.03,13.36,14.76,12.97,13.1,15.92,15.92,12.7,12.8,0,,,,,AAPL_YF_GITHUB;CBOE_VXAPL;CBOE_VIX;CBOE_VIX9D
2016-09-28,26.18794857,26.40677583,26.12805833,26.24783707,118564400,23.17,23.47,22.92,22.96,12.9,13.57,12.24,12.39,12.5,13.5,11.53,11.72,0,,,,,AAPL_YF_GITHUB;CBOE_VXAPL;CBOE_VIX;CBOE_VIX9D
2016-09-29,26.06586512,26.21328591,25.75259549,25.84012604,143548000,23.63,25.6,23.47,24.99,12.53,15.69,12.14,14.02,12.03,16.94,11.21,14.71,0,,,,,AAPL_YF_GITHUB;CBOE_VXAPL;CBOE_VIX;CBOE_VIX9D
2016-09-30,25.90462655,26.11424157,25.7525996,26.04053116,145516400,25.22,25.81,23.68,23.97,14.91,15.2,12.53,13.29,13.37,14.31,11.65,12.37,0,,,,,AAPL_YF_GITHUB;CBOE_VXAPL;CBOE_VIX;CBOE_VIX9D
2016-10-03,25.96221175,26.04053004,25.86316322,25.91844559,86807200,25.61,25.78,25.28,25.31,13.75,14.42,13.42,13.57,13.93,14.27,12.8,13.0,0,,,,,AAPL_YF_GITHUB;CBOE_VXAPL;CBOE_VIX;CBOE_VIX9D
2016-10-04,26.04283283,26.33076439,25.94378431,26.02901268,118947200,25.5,26.07,25.31,25.81,13.4,14.57,12.92,13.63,12.55,14.45,11.95,12.95,0,,,,,AAPL_YF_GITHUB;CBOE_VXAPL;CBOE_VIX;CBOE_VIX9D
2016-10-05,26.12115164,26.1810419,25.95760673,26.04053116,85812400,26.02,26.33,25.69,25.95,13.56,13.68,12.7,12.99,12.38,12.53,11.59,12.03,0,,,,,AAPL_YF_GITHUB;CBOE_VXAPL;CBOE_VIX;CBOE_VIX9D
2016-10-06,26.19025598,26.33767681,26.05895925,26.23402214,115117200,26.07,26.24,25.34,25.74,13.11,13.84,12.8,12.84,12.43,13.04,11.41,11.47,0,,,,,AAPL_YF_GITHUB;CBOE_VXAPL;CBOE_VIX;CBOE_VIX9D
2016-10-07,26.3307625,26.38834881,26.14648737,26.27317619,97433600,25.94,26.24,25.71,25.78,13.52,14.15,12.21,13.48,11.32,13.16,11.23,11.47,0,,,,,AAPL_YF_GITHUB;CBOE_VXAPL;CBOE_VIX;CBOE_VIX9D
2016-10-10,26.49430462,26.8928026,26.42520212,26.73156166,144944000,27.11,27.31,26.39,26.45,14.19,14.36,13.29,13.38,11.28,11.43,10.57,10.81,0,,,,,AAPL_YF_GITHUB;CBOE_VXAPL;CBOE_VIX;CBOE_VIX9D
2016-10-11,27.11163408,27.33967713,26.76611622,26.78915215,256164000,26.92,27.86,26.86,27.62,13.71,16.47,13.69,15.36,11.53,15.34,11.53,13.34,0,,,,,AAPL_YF_GITHUB;CBOE_VXAPL;CBOE_VIX;CBOE_VIX9D
2016-10-12,27.03100191,27.17612047,26.89279518,27.02869797,150347200,27.74,27.74,26.71,27.02,15.53,16.34,15.26,15.91,13.62,14.27,12.61,13.16,0,,,,,AAPL_YF_GITHUB;CBOE_VXAPL;CBOE_VIX;CBOE_VIX9D
2016-10-13,26.90201937,27.05174412,26.65555004,26.94578552,140769600,27.38,28.69,27.33,27.81,16.88,17.95,16.14,16.69,15.2,16.06,13.68,14.07,0,,,,,AAPL_YF_GITHUB;CBOE_VXAPL;CBOE_VIX;CBOE_VIX9D
2016-10-14,27.15309679,27.21989713,26.98033786,27.09551048,142608800,27.76,27.92,26.69,26.8,16.49,16.5,15.25,16.12,12.52,13.38,11.89,12.94,0,,,,,AAPL_YF_GITHUB;CBOE_VXAPL;CBOE_VIX;CBOE_VIX9D
2016-10-17,27.02640735,27.14388216,26.89971677,27.07708359,94499600,28.42,28.76,27.92,27.95,17.01,17.11,16.13,16.21,14.38,14.99,13.69,13.81,0,,,,,AAPL_YF_GITHUB;CBOE_VXAPL;CBOE_VIX;CBOE_VIX9D
2016-10-18,27.22219777,27.22910785,27.05404499,27.05865288,98214000,28.23,28.33,27.8,27.88,15.82,15.85,15.03,15.28,12.86,13.3,12.13,12.45,0,,,,,AAPL_YF_GITHUB;CBOE_VXAPL;CBOE_VIX;CBOE_VIX9D
2016-10-19,27.0079754,27.12545195,26.21328514,26.97803116,80138400,28.05,28.21,27.35,27.49,15.45,15.68,13.87,14.41,11.77,12.26,11.36,11.97,0,,,,,AAPL_YF_GITHUB;CBOE_VXAPL;CBOE_VIX;CBOE_VIX9D
2016-10-20,26.91813646,27.03791517,26.7960538,26.96420479,96503200,27.76,27.76,26.92,26.93,14.43,14.72,13.74,13.75,12.09,12.3,11.03,11.07,0,,,,,AAPL_YF_GITHUB;CBOE_VXAPL;CBOE_VIX;CBOE_VIX9D
2016-10-21,26.90662577,26.9296617,26.78454308,26.85825348,92770800,27.26,27.55,26.94,27.54,14.04,14.53,13.27,13.34,11.94,12.1,10.56,10.68,0,,,,,AAPL_YF_GITHUB;CBOE_VXAPL;CBOE_VIX;CBOE_VIX9D
2016-10-24,26.97341856,27.12083932,26.95038439,27.1001091,94154800,27.53,27.66,26.79,27.12,13.19,13.26,12.83,13.02,11.08,11.57,11.0,11.35,0,,,,,AAPL_YF_GITHUB;CBOE_VXAPL;CBOE_VIX;CBOE_VIX9D
2016-10-25,27.16922084,27.26366324,27.02180003,27.23832512,192516000,27.37,29.01,26.33,26.33,12.91,13.86,12.73,13.46,11.73,12.52,11.57,11.9,1,2016-09-30,0.41,0.42,0.02439024,AAPL_YF_GITHUB;CBOE_VXAPL;CBOE_VIX;CBOE_VIX9D;ALPHAQUERY_ZACKS_EARNINGS
2016-10-26,26.33075924,26.65093893,26.10041404,26.62560081,264536800,21.03,21.39,20.16,20.4,13.66,14.8,13.66,14.24,13.11,13.61,12.23,12.58,0,,,,,AAPL_YF_GITHUB;CBOE_VXAPL;CBOE_VIX;CBOE_VIX9D
2016-10-27,26.57952819,26.6877907,26.28238272,26.36991501,138248000,20.51,21.31,20.51,21.05,14.37,15.43,13.6,15.36,12.56,14.62,12.56,14.59,0,,,,,AAPL_YF_GITHUB;CBOE_VXAPL;CBOE_VIX;CBOE_VIX9D
2016-10-28,26.2294126,26.53807437,26.13266626,26.19486046,151446800,21.11,22.16,20.22,21.27,15.67,17.35,14.65,16.19,14.87,18.64,13.8,16.69,0,,,,,AAPL_YF_GITHUB;CBOE_VXAPL;CBOE_VIX;CBOE_VIX9D
2016-10-31,26.17873281,26.31233345,26.07507642,26.1533947,105677600,22.04,22.04,20.96,21.09,16.31,17.63,16.25,17.06,19.23,20.91,18.92,20.19,0,,,,,AAPL_YF_GITHUB;CBOE_VXAPL;CBOE_VIX;CBOE_VIX9D
2016-11-01,26.13496702,26.20637347,25.46005549,25.68118668,175303200,21.22,25.14,21.14,23.61,16.54,20.43,16.51,18.56,20.74,25.76,20.73,22.86,0,,,,,AAPL_YF_GITHUB;CBOE_VXAPL;CBOE_VIX;CBOE_VIX9D
2016-11-02,25.66045543,25.87928266,25.62129716,25.70421982,113326800,23.76,23.95,23.39,23.85,19.09,19.82,18.56,19.32,24.15,24.88,23.25,24.16,0,,,,,AAPL_YF_GITHUB;CBOE_VXAPL;CBOE_VIX;CBOE_VIX9D
2016-11-03,25.69495875,25.80609112,25.36387389,25.4287014,107730400,23.95,25.64,23.55,25.47,19.85,22.57,18.84,22.08,24.12,28.77,24.0,27.9,0,,,,,AAPL_YF_GITHUB;CBOE_VXAPL;CBOE_VIX;CBOE_VIX9D
2016-11-04,25.12772033,25.52594856,25.03047905,25.19949341,123348000,25.95,27.12,25.46,26.94,21.86,23.01,19.2,22.51,27.95,29.79,27.21,28.82,0,,,,,AAPL_YF_GITHUB;CBOE_VXAPL;CBOE_VIX;CBOE_VIX9D
2016-11-07,25.48658367,25.58614071,25.34303579,25.56298828,130240000,26.29,26.63,24.3,24.49,19.78,19.86,18.39,18.71,25.99,25.99,23.42,24.67,0,,,,,AAPL_YF_GITHUB;CBOE_VXAPL;CBOE_VIX;CBOE_VIX9D
2016-11-08,25.53983791,25.86629305,25.39860578,25.71348381,97016800,24.56,24.98,23.44,24.37,18.92,19.91,17.7,18.74,26.36,26.72,22.54,25.31,0,,,,,AAPL_YF_GITHUB;CBOE_VXAPL;CBOE_VIX;CBOE_VIX9D
2016-11-09,25.44028228,25.77368298,25.01658761,25.67181015,236705600,23.51,25.04,23.03,23.12,20.7,21.48,14.33,14.38,20.18,20.28,15.36,15.36,0,,,,,AAPL_YF_GITHUB;CBOE_VXAPL;CBOE_VIX;CBOE_VIX9D
2016-11-10,25.72042739,25.72042739,24.5025922,24.95638657,228538000,22.98,27.68,22.82,25.73,14.01,16.3,13.26,14.74,14.12,17.32,13.1,14.12,0,,,,,AAPL_YF_GITHUB;CBOE_VXAPL;CBOE_VIX;CBOE_VIX9D
2016-11-11,24.80126375,25.20643749,24.66929295,25.10456467,136575600,26.31,26.54,24.39,24.62,14.83,16.0,14.15,14.17,14.54,15.7,12.68,12.84,0,,,,,AAPL_YF_GITHUB;CBOE_VXAPL;CBOE_VIX;CBOE_VIX9D
2016-11-14,24.93786148,24.9610139,24.09741612,24.47480583,204702000,25.42,30.29,25.42,27.81,14.69,15.56,14.39,14.48,13.93,14.38,12.3,12.51,0,,,,,AAPL_YF_GITHUB;CBOE_VXAPL;CBOE_VIX;CBOE_VIX9D
2016-11-15,24.67392304,24.93091909,24.57899754,24.79894829,129058000,27.49,27.8,24.96,25.07,14.16,14.65,13.3,13.37,12.18,12.19,10.16,10.64,0,,,,,AAPL_YF_GITHUB;CBOE_VXAPL;CBOE_VIX;CBOE_VIX9D
2016-11-16,24.70401914,25.52131388,24.68086671,25.46574593,235362000,25.33,25.33,23.14,23.74,13.51,14.49,13.51,13.72,11.44,11.51,9.3,9.52,0,,,,,AAPL_YF_GITHUB;CBOE_VXAPL;CBOE_VIX;CBOE_VIX9D
2016-11-17,25.42407009,25.54909532,25.19717381,25.45648384,110528000,24.02,24.34,23.39,23.58,13.37,13.55,12.97,13.35,9.47,9.75,8.98,9.38,0,,,,,AAPL_YF_GITHUB;CBOE_VXAPL;CBOE_VIX;CBOE_VIX9D
2016-11-18,25.40323976,25.59309255,25.38934865,25.48195839,113715600,23.64,23.77,22.49,22.79,13.56,13.74,12.85,12.85,9.6,9.62,8.61,8.63,0,,,,,AAPL_YF_GITHUB;CBOE_VXAPL;CBOE_VIX;CBOE_VIX9D
2016-11-21,25.49584848,25.92880445,25.47038027,25.86860847,117058400,22.49,22.49,19.78,20.06,13.27,13.44,12.16,12.42,10.19,10.39,9.47,10.0,0,,,,,AAPL_YF_GITHUB;CBOE_VXAPL;CBOE_VIX;CBOE_VIX9D
2016-11-22,25.91954298,26.02836136,25.79220372,25.88481522,103862000,20.23,20.39,19.63,19.67,12.26,12.83,12.2,12.41,10.04,10.73,9.97,10.2,0,,,,,AAPL_YF_GITHUB;CBOE_VXAPL;CBOE_VIX;CBOE_VIX9D
2016-11-23,25.78294566,25.8176752,25.54447222,25.75284767,109705600,20.01,20.29,19.63,19.65,12.34,13.01,12.19,12.43,10.44,10.87,9.88,10.06,0,,,,,AAPL_YF_GITHUB;CBOE_VXAPL;CBOE_VIX;CBOE_VIX9D
2016-11-25,25.72968856,25.90102044,25.68801348,25.88249779,45903600,20.13,20.23,19.83,19.84,12.52,12.74,12.31,12.34,10.92,11.09,10.33,10.43,0,,,,,AAPL_YF_GITHUB;CBOE_VXAPL;CBOE_VIX;CBOE_VIX9D
2016-11-28,25.79915209,26.03994131,25.78989077,25.83156586,108776000,20.82,20.95,20.42,20.93,13.4,13.5,12.74,13.15,12.76,12.89,12.19,12.86,0,,,,,AAPL_YF_GITHUB;CBOE_VXAPL;CBOE_VIX;CBOE_VIX9D
2016-11-29,25.64865421,25.93806402,25.48426965,25.80609322,114115200,21.34,21.57,20.39,20.51,13.07,13.55,12.62,12.9,13.05,13.67,12.21,12.64,0,,,,,AAPL_YF_GITHUB;CBOE_VXAPL;CBOE_VIX;CBOE_VIX9D
2016-11-30,25.83850568,25.97742203,25.53057324,25.5884552,144649200,20.63,20.85,20.24,20.72,12.6,13.42,12.23,13.33,12.26,13.51,12.05,13.23,0,,,,,AAPL_YF_GITHUB;CBOE_VXAPL;CBOE_VIX;CBOE_VIX9D
2016-12-01,25.55372308,25.68569385,25.24347492,25.34997749,148347600,20.91,22.17,20.59,21.98,13.4,14.72,13.05,14.07,13.25,15.13,13.21,13.96,0,,,,,AAPL_YF_GITHUB;CBOE_VXAPL;CBOE_VIX;CBOE_VIX9D
2016-12-02,25.27589584,25.48890105,25.201807,25.44491196,106112000,21.96,22.06,20.44,20.51,14.16,14.48,12.39,14.12,14.14,14.21,12.8,13.64,0,,,,,AAPL_YF_GITHUB;CBOE_VXAPL;CBOE_VIX;CBOE_VIX9D
2016-12-05,25.46807027,25.47501583,25.06289643,25.26201057,137298000,21.26,22.02,20.26,20.26,13.75,13.77,12.14,12.14,12.97,13.03,11.41,11.41,0,,,,,AAPL_YF_GITHUB;CBOE_VXAPL;CBOE_VIX;CBOE_VIX9D
2016-12-06,25.35229703,25.5514111,25.28052396,25.45648384,104782000,20.43,20.43,19.44,19.51,12.19,12.3,11.54,11.79,10.91,11.43,10.42,10.84,0,,,,,AAPL_YF_GITHUB;CBOE_VXAPL;CBOE_VIX;CBOE_VIX9D
2016-12-07,25.2967356,25.74358446,25.27358317,25.70653915,119994800,19.83,19.92,19.05,19.2,11.59,12.24,11.33,12.22,10.61,11.89,9.95,11.79,0,,,,,AAPL_YF_GITHUB;CBOE_VXAPL;CBOE_VIX;CBOE_VIX9D
2016-12-08,25.66718055,26.03067925,25.60698281,25.95890617,108273200,19.38,19.92,19.22,19.43,12.1,13.4,11.3,12.64,11.14,13.05,10.89,12.92,0,,,,,AAPL_YF_GITHUB;CBOE_VXAPL;CBOE_VIX;CBOE_VIX9D
2016-12-09,26.00289333,26.55624477,26.00289333,26.38259888,137610400,19.27,20.66,19.16,20.09,12.59,12.72,11.67,11.75,12.46,12.77,10.96,11.1,0,,,,,AAPL_YF_GITHUB;CBOE_VXAPL;CBOE_VIX;CBOE_VIX9D
2016-12-12,26.22979139,26.62570382,26.0445684,26.23210716,105497600,16.35,17.02,16.26,16.64,12.23,12.78,12.07,12.64,12.19,12.61,12.14,12.25,0,,,,,AAPL_YF_GITHUB;CBOE_VXAPL;CBOE_VIX;CBOE_VIX9D
2016-12-13,26.35713464,26.83871309,26.33629798,26.66969872,174935200,16.79,17.91,16.53,17.52,12.46,13.42,12.34,12.72,12.02,13.45,12.02,12.25,0,,,,,AAPL_YF_GITHUB;CBOE_VXAPL;CBOE_VIX;CBOE_VIX9D
2016-12-14,26.63496918,26.90354062,26.62107807,26.66969872,136127200,18.17,19.01,17.62,18.93,12.88,13.39,12.48,13.19,12.65,13.09,11.59,12.84,0,,,,,AAPL_YF_GITHUB;CBOE_VXAPL;CBOE_VIX;CBOE_VIX9D
2016-12-15,26.71368275,27.02624676,26.67895499,26.81555557,186098000,19.19,19.22,18.19,18.31,13.07,13.24,12.46,12.79,12.5,12.91,11.53,11.85,0,,,,,AAPL_YF_GITHUB;CBOE_VXAPL;CBOE_VIX;CBOE_VIX9D
2016-12-16,26.96605041,26.97299597,26.77619764,26.85028648,177404400,19.09,19.09,18.06,18.23,12.88,12.95,12.15,12.2,11.78,11.99,10.62,10.67,0,,,,,AAPL_YF_GITHUB;CBOE_VXAPL;CBOE_VIX;CBOE_VIX9D
2016-12-19,26.81092858,27.17674128,26.79935148,27.00541115,111117600,18.73,18.73,17.47,17.8,12.5,12.52,11.67,11.71,11.38,11.41,9.91,9.95,0,,,,,AAPL_YF_GITHUB;CBOE_VXAPL;CBOE_VIX;CBOE_VIX9D
2016-12-20,27.02856784,27.20452955,27.01467673,27.07718849,85700000,18.17,18.25,17.37,17.58,11.65,11.75,11.38,11.45,9.98,9.99,9.64,9.85,0,,,,,AAPL_YF_GITHUB;CBOE_VXAPL;CBOE_VIX;CBOE_VIX9D
2016-12-21,27.04244801,27.18136434,27.03781646,27.10264397,95132800,17.97,18.04,17.48,17.59,11.44,11.49,10.93,11.27,9.42,9.8,9.31,9.33,0,,,,,AAPL_YF_GITHUB;CBOE_VXAPL;CBOE_VIX;CBOE_VIX9D
2016-12-22,26.93826092,26.97530621,26.77387638,26.92436981,104343600,18.18,18.98,18.1,18.63,11.32,11.67,11.14,11.43,9.37,9.87,9.12,9.34,0,,,,,AAPL_YF_GITHUB;CBOE_VXAPL;CBOE_VIX;CBOE_VIX9D
2016-12-23,26.76230581,26.9776268,26.76230581,26.9776268,56998000,18.79,19.03,17.86,17.95,11.38,11.81,11.35,11.44,9.6,9.64,8.89,8.98,0,,,,,AAPL_YF_GITHUB;CBOE_VXAPL;CBOE_VIX;CBOE_VIX9D
2016-12-27,26.97762442,27.27398155,26.97067886,27.1489563,73187600,20.22,20.7,19.92,20.43,12.26,12.33,11.84,11.99,10.07,10.31,9.94,10.22,0,,,,,AAPL_YF_GITHUB;CBOE_VXAPL;CBOE_VIX;CBOE_VIX9D
2016-12-28,27.20915157,27.32491549,26.90353489,27.03319168,83623600,20.65,21.75,20.62,21.75,11.89,13.04,11.85,12.95,10.16,11.53,10.08,11.22,0,,,,,AAPL_YF_GITHUB;CBOE_VXAPL;CBOE_VIX;CBOE_VIX9D
2016-12-29,26.96142345,27.11423271,26.94984812,27.02625275,60158000,22.04,22.33,21.78,21.97,13.15,13.71,12.95,13.37,11.65,12.21,11.22,11.64,0,,,,,AAPL_YF_GITHUB;CBOE_VXAPL;CBOE_VIX;CBOE_VIX9D
2016-12-30,27.00772411,27.13506337,26.72525985,26.81555557,122345200,21.96,23.02,21.91,22.5,13.2,14.68,13.05,14.04,11.73,14.12,11.56,12.68,0,,,,,AAPL_YF_GITHUB;CBOE_VXAPL;CBOE_VIX;CBOE_VIX9D
2017-01-03,26.81092765,26.93363714,26.57013846,26.89196205,115127600,24.38,24.42,23.02,23.1,14.07,14.07,12.85,12.85,13.63,13.69,11.97,11.99,0,,,,,AAPL_YF_GITHUB;CBOE_VXAPL;CBOE_VIX;CBOE_VIX9D
2017-01-04,26.82250096,26.97531019,26.79934853,26.86186028,84472400,23.34,23.35,21.95,22.06,12.78,12.8,11.63,11.85,11.49,11.67,10.38,10.68,0,,,,,AAPL_YF_GITHUB;CBOE_VXAPL;CBOE_VIX;CBOE_VIX9D
2017-01-05,26.8387079,27.05634464,26.81323969,26.99846268,88774400,22.15,22.62,21.96,22.18,11.96,12.09,11.4,11.67,10.89,10.94,9.66,9.95,0,,,,,AAPL_YF_GITHUB;CBOE_VXAPL;CBOE_VIX;CBOE_VIX9D
2017-01-06,27.03781854,27.35732806,26.96604548,27.29944611,127007600,22.52,22.6,21.94,22.17,11.7,11.74,10.98,11.32,9.7,9.94,9.06,9.19,0,,,,,AAPL_YF_GITHUB;CBOE_VXAPL;CBOE_VIX;CBOE_VIX9D
2017-01-09,27.30871222,27.65137425,27.30639821,27.54950142,134247600,23.37,23.91,23.26,23.61,11.71,12.08,11.46,11.56,10.34,10.51,9.44,9.44,0,,,,,AAPL_YF_GITHUB;CBOE_VXAPL;CBOE_VIX;CBOE_VIX9D
2017-01-10,27.49856157,27.63979369,27.38974496,27.57728195,97848400,24.02,24.38,23.67,23.73,11.59,11.79,11.31,11.49,9.43,9.56,8.88,8.88,0,,,,,AAPL_YF_GITHUB;CBOE_VXAPL;CBOE_VIX;CBOE_VIX9D
2017-01-11,27.49161832,27.76713705,27.45920456,27.72546196,110354400,23.61,24.41,23.58,23.91,11.56,12.23,11.21,11.26,9.5,10.07,8.86,8.88,0,,,,,AAPL_YF_GITHUB;CBOE_VXAPL;CBOE_VIX;CBOE_VIX9D
2017-01-12,27.52866294,27.62127444,27.36890816,27.60969734,108344800,24.24,24.85,23.95,23.96,11.48,12.6,11.32,11.54,9.57,11.27,9.17,9.32,0,,,,,AAPL_YF_GITHUB;CBOE_VXAPL;CBOE_VIX;CBOE_VIX9D
2017-01-13,27.57728209,27.69536179,27.50782303,27.56107521,104447600,24.12,24.12,23.24,23.85,11.45,11.62,10.94,11.23,9.26,9.27,8.44,8.99,0,,,,,AAPL_YF_GITHUB;CBOE_VXAPL;CBOE_VIX;CBOE_VIX9D
2017-01-17,27.3990034,27.83890664,27.37122119,27.78334045,137759200,25.42,25.53,24.64,24.8,12.2,12.75,11.79,11.87,10.97,11.55,10.55,10.85,0,,,,,AAPL_YF_GITHUB;CBOE_VXAPL;CBOE_VIX;CBOE_VIX9D
2017-01-18,27.78333498,27.89909888,27.71619171,27.78101921,94852000,24.64,25.01,23.84,24.1,11.79,12.81,11.69,12.48,11.2,11.69,10.63,11.29,0,,,,,AAPL_YF_GITHUB;CBOE_VXAPL;CBOE_VIX;CBOE_VIX9D
2017-01-19,27.64442667,27.80417969,27.63748111,27.73240662,102389200,24.3,24.79,23.91,24.54,12.58,13.28,12.17,12.78,10.91,12.68,10.85,11.5,0,,,,,AAPL_YF_GITHUB;CBOE_VXAPL;CBOE_VIX;CBOE_VIX9D
2017-01-20,27.88752727,27.88752727,27.72082872,27.78334045,130391600,24.36,24.53,23.05,23.32,12.58,12.59,11.53,11.54,11.02,11.71,9.69,9.72,0,,,,,AAPL_YF_GITHUB;CBOE_VXAPL;CBOE_VIX;CBOE_VIX9D
2017-01-23,27.78334578,27.9708828,27.73009359,27.80186844,88200800,22.75,23.1,22.13,22.48,12.3,12.62,11.59,11.77,11.31,12.49,10.75,10.92,0,,,,,AAPL_YF_GITHUB;CBOE_VXAPL;CBOE_VIX;CBOE_VIX9D
2017-01-24,27.67915453,27.80649378,27.66757743,27.7763958,92844000,22.74,22.84,22.07,22.29,11.82,11.89,11.04,11.07,10.8,10.89,10.01,10.08,0,,,,,AAPL_YF_GITHUB;CBOE_VXAPL;CBOE_VIX;CBOE_VIX9D
2017-01-25,27.88058412,28.26955099,27.84817036,28.21861458,129510400,22.29,22.29,21.56,21.67,10.79,11.05,10.51,10.81,10.08,10.44,9.74,10.06,0,,,,,AAPL_YF_GITHUB;CBOE_VXAPL;CBOE_VIX;CBOE_VIX9D
2017-01-26,28.169998,28.34827547,28.15379112,28.23251152,105350400,21.63,22.3,21.52,21.8,10.61,11.01,10.6,10.63,10.23,10.48,9.58,9.71,0,,,,,AAPL_YF_GITHUB;CBOE_VXAPL;CBOE_VIX;CBOE_VIX9D
2017-01-27,28.27881027,28.3274309,28.15378502,28.23481941,82251600,21.83,21.89,20.99,21.42,10.57,10.82,10.3,10.58,9.88,9.94,9.11,9.36,0,,,,,AAPL_YF_GITHUB;CBOE_VXAPL;CBOE_VIX;CBOE_VIX9D
2017-01-30,27.99866537,28.16073418,27.93615363,28.16073418,121510000,21.98,23.08,21.81,22.81,11.1,12.9,11.1,11.88,10.99,13.15,10.99,11.66,0,,,,,AAPL_YF_GITHUB;CBOE_VXAPL;CBOE_VIX;CBOE_VIX9D
2017-01-31,28.04960234,28.10516854,27.92689285,28.09590721,196804000,22.85,23.85,22.79,22.97,12.29,12.99,11.79,11.99,12.27,13.22,11.7,11.77,1,2016-12-31,0.81,0.84,0.03703704,AAPL_YF_GITHUB;CBOE_VXAPL;CBOE_VIX;CBOE_VIX9D;ALPHAQUERY_ZACKS_EARNINGS
2017-02-01,29.41097789,30.21206568,29.40634811,29.80920601,447940000,17.14,19.25,16.11,18.67,11.79,12.05,9.97,11.81,11.13,12.09,10.83,12.04,0,,,,,AAPL_YF_GITHUB;CBOE_VXAPL;CBOE_VIX;CBOE_VIX9D
2017-02-02,29.63094052,29.95739393,29.58463388,29.7582798,134841600,18.74,18.74,17.26,17.35,12.37,12.47,11.62,11.93,12.4,12.84,10.85,11.16,0,,,,,AAPL_YF_GITHUB;CBOE_VXAPL;CBOE_VIX;CBOE_VIX9D
2017-02-03,29.70733886,29.91108451,29.6726111,29.8856163,98029200,17.38,17.57,16.89,16.94,11.84,11.84,10.72,10.97,9.88,10.16,9.09,9.19,0,,,,,AAPL_YF_GITHUB;CBOE_VXAPL;CBOE_VIX;CBOE_VIX9D
2017-02-06,29.89719233,30.21438435,29.84393838,30.16576195,107383600,17.46,17.83,17.24,17.54,11.37,11.84,11.09,11.37,10.89,10.89,9.82,10.17,0,,,,,AAPL_YF_GITHUB;CBOE_VXAPL;CBOE_VIX;CBOE_VIX9D
2017-02-07,30.22364413,30.582513,30.20280747,30.45285797,152735200,17.57,18.4,17.23,17.24,11.39,11.67,11.06,11.29,9.98,10.02,9.25,9.47,0,,,,,AAPL_YF_GITHUB;CBOE_VXAPL;CBOE_VIX;CBOE_VIX9D
2017-02-08,30.41118685,30.61261496,30.3810871,30.57093811,92016400,17.25,17.58,16.99,17.34,11.19,11.82,11.15,11.45,9.86,10.09,9.33,9.6,0,,,,,AAPL_YF_GITHUB;CBOE_VXAPL;CBOE_VIX;CBOE_VIX9D
2017-02-09,30.61278924,30.79881527,30.48954776,30.7918396,113399600,17.54,17.86,16.94,17.01,11.44,11.53,10.74,10.88,9.35,9.35,8.84,8.85,0,,,,,AAPL_YF_GITHUB;CBOE_VXAPL;CBOE_VIX;CBOE_VIX9D
2017-02-10,30.8011456,30.9127598,30.70580677,30.72208214,80262000,17.09,17.29,16.75,17.12,10.85,10.95,10.55,10.85,8.83,9.25,8.67,9.02,0,,,,,AAPL_YF_GITHUB;CBOE_VXAPL;CBOE_VIX;CBOE_VIX9D
2017-02-13,30.94531097,31.11738566,30.8685751,30.99414063,92141600,17.69,17.81,17.13,17.57,11.36,11.4,11.07,11.07,9.63,9.8,9.27,9.32,0,,,,,AAPL_YF_GITHUB;CBOE_VXAPL;CBOE_VIX;CBOE_VIX9D
2017-02-14,31.03599293,31.41269298,30.98483569,31.39641762,132904800,17.85,18.45,17.67,18.37,11.17,11.34,10.73,10.74,9.44,9.54,8.85,8.94,0,,,,,AAPL_YF_GITHUB;CBOE_VXAPL;CBOE_VIX;CBOE_VIX9D
2017-02-15,31.51269784,31.68709662,31.30341718,31.51037025,142492400,18.55,19.52,18.55,19.06,10.84,12.01,10.8,11.97,9.59,10.39,8.66,10.26,0,,,,,AAPL_YF_GITHUB;CBOE_VXAPL;CBOE_VIX;CBOE_VIX9D
2017-02-16,31.5475719,31.60105319,31.35457018,31.4731636,90338400,19.12,19.48,18.82,19.15,12.02,12.86,11.69,11.76,10.48,11.7,9.9,10.02,0,,,,,AAPL_YF_GITHUB;CBOE_VXAPL;CBOE_VIX;CBOE_VIX9D
2017-02-17,31.41503178,31.58477891,31.41503178,31.55920029,88792800,19.17,19.19,18.1,18.22,11.84,12.26,11.37,11.49,10.48,10.61,8.67,9.03,0,,,,,AAPL_YF_GITHUB;CBOE_VXAPL;CBOE_VIX;CBOE_VIX9D
2017-02-21,31.67777918,31.79869661,31.61964628,31.78706932,98028800,18.32,18.49,17.57,17.67,12.05,12.09,11.5,11.57,10.81,11.05,10.14,10.22,0,,,,,AAPL_YF_GITHUB;CBOE_VXAPL;CBOE_VIX;CBOE_VIX9D
2017-02-22,31.72428481,31.88473218,31.64987654,31.88240814,83347600,17.79,18.05,17.27,17.42,11.48,12.07,11.44,11.74,10.64,10.79,10.04,10.39,0,,,,,AAPL_YF_GITHUB;CBOE_VXAPL;CBOE_VIX;CBOE_VIX9D
2017-02-23,31.94521199,31.96846304,31.69407729,31.74755859,83152800,17.52,17.92,17.22,17.34,11.66,12.46,11.54,11.71,10.47,11.41,10.12,10.15,0,,,,,AAPL_YF_GITHUB;CBOE_VXAPL;CBOE_VIX;CBOE_VIX9D
2017-02-24,31.60338746,31.77778625,31.45689134,31.77778625,87106400,17.53,17.58,16.96,17.2,11.81,12.59,11.34,11.47,11.28,11.3,9.34,9.41,0,,,,,AAPL_YF_GITHUB;CBOE_VXAPL;CBOE_VIX;CBOE_VIX9D
2017-02-27,31.88939222,31.95915243,31.68941484,31.84055901,81029600,17.97,18.35,17.27,17.36,11.78,12.14,11.53,12.09,10.53,10.96,10.08,10.83,0,,,,,AAPL_YF_GITHUB;CBOE_VXAPL;CBOE_VIX;CBOE_VIX9D
2017-02-28,31.87544398,31.95915553,31.78708081,31.85451698,93931600,17.49,17.82,17.33,17.75,12.19,12.96,12.13,12.92,11.08,12.01,10.73,11.89,0,,,,,AAPL_YF_GITHUB;CBOE_VXAPL;CBOE_VIX;CBOE_VIX9D
2017-03-01,32.06379123,32.58931152,31.99635861,32.50559998,145658400,17.65,17.77,16.76,17.55,12.31,12.58,11.78,12.54,10.52,11.43,10.32,10.57,0,,,,,AAPL_YF_GITHUB;CBOE_VXAPL;CBOE_VIX;CBOE_VIX9D
2017-03-02,32.55443438,32.61954296,32.26609382,32.312603,104844000,17.83,18.03,17.4,17.5,12.43,12.71,11.32,11.81,10.98,10.99,9.12,9.6,0,,,,,AAPL_YF_GITHUB;CBOE_VXAPL;CBOE_VIX;CBOE_VIX9D
2017-03-03,32.27074137,32.5149003,32.22655979,32.50327301,84432400,17.56,17.56,16.82,17.0,11.96,11.97,10.94,10.96,9.8,9.82,8.55,8.56,0,,,,,AAPL_YF_GITHUB;CBOE_VXAPL;CBOE_VIX;CBOE_VIX9D
2017-03-06,32.40793468,32.50094947,32.22888787,32.40095901,87000000,17.72,17.74,17.23,17.41,11.59,11.72,11.06,11.24,10.22,10.38,9.58,9.67,0,,,,,AAPL_YF_GITHUB;CBOE_VXAPL;CBOE_VIX;CBOE_VIX9D
2017-03-07,32.33584016,32.54976878,32.27305564,32.44280624,69785200,17.41,17.86,17.41,17.68,11.27,11.58,11.04,11.45,9.74,10.25,9.29,10.23,0,,,,,AAPL_YF_GITHUB;CBOE_VXAPL;CBOE_VIX;CBOE_VIX9D
2017-03-08,32.31027212,32.50792544,32.28004542,32.32189941,74828800,17.9,17.97,17.14,17.69,11.49,11.86,11.09,11.86,10.16,10.91,10.11,10.91,0,,,,,AAPL_YF_GITHUB;CBOE_VXAPL;CBOE_VIX;CBOE_VIX9D
2017-03-09,32.26144099,32.27306474,31.86846195,32.24748611,88623600,17.78,18.18,17.44,17.44,11.75,12.43,11.62,12.3,11.24,11.8,10.76,11.78,0,,,,,AAPL_YF_GITHUB;CBOE_VXAPL;CBOE_VIX;CBOE_VIX9D
2017-03-10,32.38003266,32.40561129,32.23818821,32.35445404,78451200,17.5,17.65,16.65,16.75,11.97,12.09,11.46,11.66,11.13,11.41,10.46,10.67,0,,,,,AAPL_YF_GITHUB;CBOE_VXAPL;CBOE_VIX;CBOE_VIX9D
2017-03-13,32.28702044,32.42188567,32.28004478,32.36840439,69686800,13.81,13.81,12.26,12.52,12.16,12.23,11.29,11.35,11.68,11.68,10.62,10.78,0,,,,,AAPL_YF_GITHUB;CBOE_VXAPL;CBOE_VIX;CBOE_VIX9D
2017-03-14,32.39166051,32.47304446,32.28469439,32.31957626,61236400,12.87,13.71,12.76,13.18,11.39,12.54,11.28,12.3,11.46,12.49,11.27,11.78,0,,,,,AAPL_YF_GITHUB;CBOE_VXAPL;CBOE_VIX;CBOE_VIX9D
2017-03-15,32.41723331,32.72882482,32.32887016,32.66139221,102767200,13.67,13.68,12.42,13.05,12.12,12.25,10.6,11.63,11.83,11.87,9.96,10.76,0,,,,,AAPL_YF_GITHUB;CBOE_VXAPL;CBOE_VIX;CBOE_VIX9D
2017-03-16,32.72186519,32.79162542,32.61489904,32.71488953,76928000,13.61,13.82,13.18,13.29,11.29,11.55,11.16,11.21,10.3,10.31,9.34,9.74,0,,,,,AAPL_YF_GITHUB;CBOE_VXAPL;CBOE_VIX;CBOE_VIX9D
2017-03-17,32.78695678,32.78695678,32.52884656,32.55210114,175540000,14.11,14.17,13.33,13.7,11.38,11.38,10.78,11.28,9.62,9.89,9.01,9.87,0,,,,,AAPL_YF_GITHUB;CBOE_VXAPL;CBOE_VIX;CBOE_VIX9D
2017-03-20,32.64744579,32.90323205,32.60791583,32.89393234,86168000,14.56,14.7,13.35,13.36,11.71,11.72,11.03,11.34,10.73,10.8,9.81,10.23,0,,,,,AAPL_YF_GITHUB;CBOE_VXAPL;CBOE_VIX;CBOE_VIX9D
2017-03-21,33.04508668,33.20553415,32.49165998,32.51723862,158119600,13.69,16.87,13.55,16.54,11.15,12.85,10.92,12.47,9.7,14.45,9.62,14.23,0,,,,,AAPL_YF_GITHUB;CBOE_VXAPL;CBOE_VIX;CBOE_VIX9D
2017-03-22,32.51955165,32.92648202,32.4986211,32.88462448,103440800,16.68,17.23,16.39,16.71,12.95,13.16,11.99,12.81,14.19,14.8,12.96,14.51,0,,,,,AAPL_YF_GITHUB;CBOE_VXAPL;CBOE_VIX;CBOE_VIX9D
2017-03-23,32.8474124,32.92182422,32.69626828,32.76835251,81385200,17.06,17.39,16.38,16.73,12.65,13.17,12.18,13.12,14.61,15.52,13.2,15.14,0,,,,,AAPL_YF_GITHUB;CBOE_VXAPL;CBOE_VIX;CBOE_VIX9D
2017-03-24,32.90321673,32.95902558,32.63580685,32.70323944,89582400,16.93,17.36,16.51,17.06,12.86,14.16,12.27,12.96,14.24,16.7,12.97,13.43,0,,,,,AAPL_YF_GITHUB;CBOE_VXAPL;CBOE_VIX;CBOE_VIX9D
2017-03-27,32.41259402,32.83812746,32.23354361,32.75906754,94300400,18.38,30.58,16.34,18.65,14.78,15.11,12.48,12.5,16.36,16.36,12.04,12.12,0,,,,,AAPL_YF_GITHUB;CBOE_VXAPL;CBOE_VIX;CBOE_VIX9D
2017-03-28,32.76602557,33.493847,32.69858942,33.43804169,133499200,19.06,19.42,18.3,19.19,12.44,12.67,11.34,11.53,12.21,12.21,10.18,10.51,0,,,,,AAPL_YF_GITHUB;CBOE_VXAPL;CBOE_VIX;CBOE_VIX9D
2017-03-29,33.41014812,33.59850175,33.29620987,33.51246262,116760000,19.56,20.31,19.56,19.88,11.54,11.7,11.03,11.42,10.58,10.59,9.24,10.08,0,,,,,AAPL_YF_GITHUB;CBOE_VXAPL;CBOE_VIX;CBOE_VIX9D
2017-03-30,33.5287413,33.60082554,33.36829388,33.46828079,84829200,20.21,20.22,19.8,19.86,11.37,11.64,11.12,11.54,10.0,10.02,9.17,9.58,0,,,,,AAPL_YF_GITHUB;CBOE_VXAPL;CBOE_VIX;CBOE_VIX9D
2017-03-31,33.41945365,33.54734679,33.2543546,33.40550232,78646800,20.25,20.35,19.5,19.52,11.61,12.54,11.5,12.37,9.87,10.14,9.27,9.66,0,,,,,AAPL_YF_GITHUB;CBOE_VXAPL;CBOE_VIX;CBOE_VIX9D
2017-04-03,33.41713395,33.51246926,33.26366217,33.41480637,79942800,20.96,21.23,20.48,20.55,12.59,13.59,12.27,12.38,10.76,12.21,10.04,10.16,0,,,,,AAPL_YF_GITHUB;CBOE_VXAPL;CBOE_VIX;CBOE_VIX9D
2017-04-04,33.31016322,33.69151503,33.29156026,33.66361237,79565600,20.8,20.94,20.51,20.57,12.71,13.07,11.7,11.79,10.85,10.85,9.4,9.51,0,,,,,AAPL_YF_GITHUB;CBOE_VXAPL;CBOE_VIX;CBOE_VIX9D
2017-04-05,33.53571384,33.82405436,33.44037502,33.48920822,110871600,21.01,21.02,20.13,20.94,11.89,12.89,10.9,12.89,9.01,11.89,8.69,11.89,0,,,,,AAPL_YF_GITHUB;CBOE_VXAPL;CBOE_VIX;CBOE_VIX9D
2017-04-06,33.55199487,33.60547971,33.3566691,33.40550232,84596000,21.26,21.38,20.66,20.93,13.11,13.22,11.7,12.39,11.02,11.1,9.6,10.27,0,,,,,AAPL_YF_GITHUB;CBOE_VXAPL;CBOE_VIX;CBOE_VIX9D
2017-04-07,33.42177623,33.52641477,33.31481365,33.33108902,66688800,21.33,21.43,20.77,21.12,13.17,13.43,12.23,12.87,10.88,11.69,9.94,10.06,0,,,,,AAPL_YF_GITHUB;CBOE_VXAPL;CBOE_VIX;CBOE_VIX9D
2017-04-10,33.3915516,33.45666019,33.22877658,33.29156113,75733600,22.23,22.34,21.58,21.72,13.24,14.11,12.94,14.05,10.62,10.69,9.73,10.36,0,,,,,AAPL_YF_GITHUB;CBOE_VXAPL;CBOE_VIX;CBOE_VIX9D
2017-04-11,33.23807999,33.33341884,32.5683876,32.93346405,121517600,22.11,23.7,22.03,22.48,14.32,15.88,14.17,15.07,10.77,12.17,10.53,10.54,0,,,,,AAPL_YF_GITHUB;CBOE_VXAPL;CBOE_VIX;CBOE_VIX9D
2017-04-12,32.92649013,33.05437972,32.78929373,32.97299576,81400000,22.69,23.03,22.48,22.48,15.16,16.16,14.84,15.77,10.71,11.62,10.33,10.91,0,,,,,AAPL_YF_GITHUB;CBOE_VXAPL;CBOE_VIX;CBOE_VIX9D
2017-04-13,32.99857282,33.107863,32.79859543,32.79859543,71291600,22.62,22.71,21.54,22.36,15.89,16.22,14.97,15.96,11.76,12.88,10.7,12.75,0,,,,,AAPL_YF_GITHUB;CBOE_VXAPL;CBOE_VIX;CBOE_VIX9D
2017-04-17,32.89857391,32.99158869,32.75672947,32.9799614,66328400,23.98,24.07,22.92,22.97,16.19,16.28,14.6,14.66,14.91,14.95,12.96,13.44,0,,,,,AAPL_YF_GITHUB;CBOE_VXAPL;CBOE_VIX;CBOE_VIX9D
2017-04-18,32.88229878,33.02879129,32.81253858,32.83346558,58790000,23.31,23.35,22.63,22.66,14.5,15.5,14.29,14.42,14.83,15.84,14.04,14.2,0,,,,,AAPL_YF_GITHUB;CBOE_VXAPL;CBOE_VIX;CBOE_VIX9D
2017-04-19,32.99159963,33.0195023,32.65907745,32.71255875,69313600,22.78,22.86,22.42,22.5,14.0,15.15,13.46,14.93,13.73,16.59,13.52,16.2,0,,,,,AAPL_YF_GITHUB;CBOE_VXAPL;CBOE_VIX;CBOE_VIX9D
2017-04-20,32.83812956,33.23343277,32.82417823,33.12181854,93278400,22.45,22.54,21.38,22.11,14.59,14.81,13.83,14.15,15.69,16.79,14.66,15.83,0,,,,,AAPL_YF_GITHUB;CBOE_VXAPL;CBOE_VIX;CBOE_VIX9D
2017-04-21,33.12182062,33.17762596,32.98462775,33.08229065,69283600,22.36,22.87,22.3,22.74,13.85,15.33,13.85,14.63,16.03,18.55,15.89,17.09,0,,,,,AAPL_YF_GITHUB;CBOE_VXAPL;CBOE_VIX;CBOE_VIX9D
2017-04-24,33.36828648,33.47292499,33.29387466,33.40084076,68537200,22.1,22.1,19.91,20.97,11.56,12.01,10.82,10.84,11.28,11.73,9.91,9.96,0,,,,,AAPL_YF_GITHUB;CBOE_VXAPL;CBOE_VIX;CBOE_VIX9D
2017-04-25,33.46362724,33.69383128,33.45432399,33.60779572,75486000,20.98,21.35,20.9,21.05,10.81,11.15,10.22,10.76,9.83,10.59,9.62,9.8,0,,,,,AAPL_YF_GITHUB;CBOE_VXAPL;CBOE_VIX;CBOE_VIX9D
2017-04-26,33.5938583,33.62408856,33.34039957,33.41015625,80164800,21.17,22.52,21.17,22.43,10.61,10.89,10.39,10.85,9.91,10.24,9.33,9.79,0,,,,,AAPL_YF_GITHUB;CBOE_VXAPL;CBOE_VIX;CBOE_VIX9D
2017-04-27,33.46595642,33.52176529,33.32411196,33.43572617,56985200,22.41,22.93,22.06,22.15,10.72,11.08,10.33,10.36,9.81,10.58,9.08,9.24,0,,,,,AAPL_YF_GITHUB;CBOE_VXAPL;CBOE_VIX;CBOE_VIX9D
2017-04-28,33.50548604,33.55431925,33.31481192,33.40317154,83441600,22.25,22.99,21.49,21.57,10.39,11.16,10.29,10.82,9.34,9.92,9.2,9.42,0,,,,,AAPL_YF_GITHUB;CBOE_VXAPL;CBOE_VIX;CBOE_VIX9D
2017-05-01,33.74034586,34.22866023,33.70779157,34.08449173,134411600,22.04,22.56,21.81,22.1,10.92,11.04,9.9,10.11,10.85,10.86,9.38,9.49,0,,,,,AAPL_YF_GITHUB;CBOE_VXAPL;CBOE_VIX;CBOE_VIX9D
2017-05-02,34.30771114,34.43560423,34.14493973,34.30073547,181408800,22.09,22.98,21.47,22.4,10.15,10.59,10.04,10.59,9.85,10.57,9.78,10.49,1,2017-03-31,0.5,0.52,0.04,AAPL_YF_GITHUB;CBOE_VXAPL;CBOE_VIX;CBOE_VIX9D;ALPHAQUERY_ZACKS_EARNINGS
2017-05-03,33.85428413,34.29609642,33.54734418,34.19610596,182788000,17.21,17.59,16.54,16.81,10.56,11.15,10.4,10.68,11.09,11.56,10.4,10.78,0,,,,,AAPL_YF_GITHUB;CBOE_VXAPL;CBOE_VIX;CBOE_VIX9D
2017-05-04,34.07054812,34.21471665,33.90544904,34.07287216,93487600,16.89,17.14,15.74,15.79,10.71,11.24,10.27,10.46,10.87,12.09,10.67,11.04,0,,,,,AAPL_YF_GITHUB;CBOE_VXAPL;CBOE_VIX;CBOE_VIX9D
2017-05-05,34.12635161,34.64257227,34.12635161,34.63792419,109310800,15.78,16.73,15.57,16.27,10.51,10.98,9.99,10.57,10.48,11.97,10.29,11.44,0,,,,,AAPL_YF_GITHUB;CBOE_VXAPL;CBOE_VIX;CBOE_VIX9D
2017-05-08,34.65419117,35.74011354,34.65419117,35.57966614,195009600,16.71,19.03,16.69,17.8,10.53,10.55,9.67,9.77,9.85,9.85,8.91,9.09,0,,,,,AAPL_YF_GITHUB;CBOE_VXAPL;CBOE_VIX;CBOE_VIX9D
2017-05-09,35.77964613,36.01450538,35.68198325,35.80755234,156521600,18.1,19.75,18.1,18.4,9.87,10.14,9.56,9.96,9.26,9.64,8.91,9.31,0,,,,,AAPL_YF_GITHUB;CBOE_VXAPL;CBOE_VIX;CBOE_VIX9D
2017-05-10,35.72383743,35.79592167,35.37038834,35.63779831,103222800,18.55,19.13,18.23,18.62,9.75,10.24,9.62,10.21,9.45,9.45,8.85,9.43,0,,,,,AAPL_YF_GITHUB;CBOE_VXAPL;CBOE_VIX;CBOE_VIX9D
2017-05-11,35.59578472,35.97404344,35.56309605,35.94602203,109020400,18.76,19.44,18.4,18.7,10.34,11.23,10.32,10.6,9.82,11.18,9.63,10.35,0,,,,,AAPL_YF_GITHUB;CBOE_VXAPL;CBOE_VIX;CBOE_VIX9D
2017-05-12,36.12113451,36.52274018,36.11413005,36.44802475,130108000,18.8,20.69,18.8,19.42,10.72,10.87,10.28,10.4,10.12,10.31,9.16,9.4,0,,,,,AAPL_YF_GITHUB;CBOE_VXAPL;CBOE_VIX;CBOE_VIX9D
2017-05-15,36.42700367,36.57643808,36.20285385,36.35462189,104038800,20.05,20.46,19.97,20.1,10.54,10.88,10.25,10.42,9.96,9.96,8.9,9.16,0,,,,,AAPL_YF_GITHUB;CBOE_VXAPL;CBOE_VIX;CBOE_VIX9D
2017-05-16,36.41065985,36.43867769,36.12579998,36.30091858,80194000,20.21,20.26,19.26,19.84,10.46,10.67,10.18,10.65,8.89,9.14,8.56,8.96,0,,,,,AAPL_YF_GITHUB;CBOE_VXAPL;CBOE_VIX;CBOE_VIX9D
2017-05-17,35.86428621,36.09077319,34.95600466,35.08208847,203070800,20.01,25.5,19.51,24.14,11.89,15.59,11.53,15.59,11.96,20.22,11.51,20.17,0,,,,,AAPL_YF_GITHUB;CBOE_VXAPL;CBOE_VIX;CBOE_VIX9D
2017-05-18,35.32026292,35.80358851,35.28757425,35.61679459,134272800,23.85,24.0,22.32,23.25,14.06,16.3,14.03,14.66,19.43,19.58,15.69,16.67,0,,,,,AAPL_YF_GITHUB;CBOE_VXAPL;CBOE_VIX;CBOE_VIX9D
2017-05-19,35.81291629,35.95300901,35.63779772,35.73819733,107843200,22.69,22.89,20.28,20.93,14.23,14.23,11.72,12.04,13.17,13.18,10.29,10.98,0,,,,,AAPL_YF_GITHUB;CBOE_VXAPL;CBOE_VIX;CBOE_VIX9D
2017-05-22,35.9576826,36.09310807,35.70317778,35.95534897,91865600,20.72,20.87,19.02,19.06,12.29,12.52,10.89,10.93,10.85,10.85,9.25,9.39,0,,,,,AAPL_YF_GITHUB;CBOE_VXAPL;CBOE_VIX;CBOE_VIX9D
2017-05-23,36.16783017,36.16783017,35.79657956,35.91099167,79675600,19.24,19.51,18.96,19.38,11.0,11.0,10.56,10.72,9.08,9.86,9.08,9.32,0,,,,,AAPL_YF_GITHUB;CBOE_VXAPL;CBOE_VIX;CBOE_VIX9D
2017-05-24,35.9203308,35.99738342,35.64714618,35.80358505,76712000,19.55,19.59,18.62,18.62,10.61,10.9,9.88,10.02,9.21,9.55,8.52,8.56,0,,,,,AAPL_YF_GITHUB;CBOE_VXAPL;CBOE_VIX;CBOE_VIX9D
2017-05-25,35.89464136,36.03940848,35.73119804,35.92733002,76942400,18.69,18.72,17.88,18.5,9.82,10.29,9.72,9.99,8.57,8.99,7.81,8.12,0,,,,,AAPL_YF_GITHUB;CBOE_VXAPL;CBOE_VIX;CBOE_VIX9D
2017-05-26,35.9576768,36.01371602,35.79656716,35.8666153,87710400,18.47,18.5,17.36,17.4,9.93,10.48,9.65,9.81,8.69,8.85,7.51,7.6,0,,,,,AAPL_YF_GITHUB;CBOE_VXAPL;CBOE_VIX;CBOE_VIX9D
2017-05-30,35.82226906,36.05809421,35.80125567,35.88064194,80507600,18.27,18.31,17.48,17.87,10.61,10.84,10.14,10.38,9.47,9.54,8.56,9.04,0,,,,,AAPL_YF_GITHUB;CBOE_VXAPL;CBOE_VIX;CBOE_VIX9D
2017-05-31,35.95068192,35.9973795,35.57943133,35.66815567,97804800,17.81,19.3,17.81,18.83,10.1,11.3,9.93,10.41,8.9,9.91,8.45,8.71,0,,,,,AAPL_YF_GITHUB;CBOE_VXAPL;CBOE_VIX;CBOE_VIX9D
2017-06-01,35.76389028,35.80124977,35.54207408,35.76622391,65616400,18.89,18.9,18.05,18.06,10.42,10.54,9.69,9.89,8.64,9.14,8.22,8.5,0,,,,,AAPL_YF_GITHUB;CBOE_VXAPL;CBOE_VIX;CBOE_VIX9D
2017-06-02,35.8596177,36.29624557,35.69850803,36.29624557,111082800,18.12,18.83,17.97,18.33,10.08,10.3,9.58,9.75,8.65,9.01,8.18,8.47,0,,,,,AAPL_YF_GITHUB;CBOE_VXAPL;CBOE_VIX;CBOE_VIX9D
2017-06-05,36.03706994,36.06275414,35.83159988,35.94133759,101326800,19.09,19.63,18.47,18.5,10.08,10.28,9.6,10.07,9.9,9.96,9.13,9.69,0,,,,,AAPL_YF_GITHUB;CBOE_VXAPL;CBOE_VIX;CBOE_VIX9D
2017-06-06,35.93433457,36.38030412,35.90631673,36.06275558,106499600,18.6,18.99,18.29,18.76,10.19,10.77,9.86,10.45,10.35,10.59,9.92,10.39,0,,,,,AAPL_YF_GITHUB;CBOE_VXAPL;CBOE_VIX;CBOE_VIX9D
2017-06-07,36.19583372,36.41998344,36.06974638,36.27755356,84278400,18.89,19.28,18.57,18.89,10.48,10.93,10.12,10.39,10.44,10.99,10.13,10.13,0,,,,,AAPL_YF_GITHUB;CBOE_VXAPL;CBOE_VIX;CBOE_VIX9D
2017-06-08,36.24954545,36.3172564,36.0510763,36.18883896,85003200,19.02,19.39,18.73,18.78,10.27,10.53,9.73,10.16,10.03,10.35,9.33,9.62,0,,,,,AAPL_YF_GITHUB;CBOE_VXAPL;CBOE_VIX;CBOE_VIX9D
2017-06-09,36.23554033,36.23554033,34.09442407,34.78555679,259530800,18.8,28.43,18.28,24.81,9.93,12.11,9.37,10.7,8.98,12.47,8.35,10.37,0,,,,,AAPL_YF_GITHUB;CBOE_VXAPL;CBOE_VIX;CBOE_VIX9D
2017-06-12,34.0290456,34.11076548,33.27486565,33.95432663,289229200,25.24,52.28,22.28,22.42,11.19,12.37,11.19,11.46,11.8,13.22,11.3,11.35,0,,,,,AAPL_YF_GITHUB;CBOE_VXAPL;CBOE_VIX;CBOE_VIX9D
2017-06-13,34.36060037,34.42831132,33.89128031,34.22750854,136661600,21.69,21.69,17.98,18.25,11.12,11.14,10.26,10.42,10.4,10.44,9.28,9.35,0,,,,,AAPL_YF_GITHUB;CBOE_VXAPL;CBOE_VIX;CBOE_VIX9D
2017-06-14,34.4399848,34.4399848,33.58540534,33.89361572,126124800,17.97,21.12,17.85,19.53,10.33,11.26,10.01,10.64,9.46,10.31,8.74,9.91,0,,,,,AAPL_YF_GITHUB;CBOE_VXAPL;CBOE_VIX;CBOE_VIX9D
2017-06-15,33.46399964,33.73484704,33.20482396,33.69048309,128661600,20.08,22.65,20.08,20.65,11.06,12.01,10.74,10.9,11.58,11.86,9.61,10.14,0,,,,,AAPL_YF_GITHUB;CBOE_VXAPL;CBOE_VIX;CBOE_VIX9D
2017-06-16,33.57138936,33.73950343,33.20247256,33.21881866,201444400,21.11,21.25,20.13,20.89,10.63,11.35,10.26,10.38,9.65,10.33,8.17,8.33,0,,,,,AAPL_YF_GITHUB;CBOE_VXAPL;CBOE_VIX;CBOE_VIX9D
2017-06-19,33.5433882,34.26254241,33.5433882,34.16914368,130165600,21.28,21.28,18.98,19.77,10.57,10.6,10.01,10.37,8.87,8.94,8.13,8.52,0,,,,,AAPL_YF_GITHUB;CBOE_VXAPL;CBOE_VIX;CBOE_VIX9D
2017-06-20,34.29288722,34.29288722,33.84225044,33.85859299,99600400,20.2,20.63,18.97,19.45,10.28,11.15,10.24,10.86,8.77,10.08,8.61,9.42,0,,,,,AAPL_YF_GITHUB;CBOE_VXAPL;CBOE_VIX;CBOE_VIX9D
2017-06-21,33.97768639,34.10610743,33.76520825,34.05940628,85063200,19.57,19.75,19.34,19.65,11.03,11.4,10.4,10.75,9.39,10.2,9.07,9.56,0,,,,,AAPL_YF_GITHUB;CBOE_VXAPL;CBOE_VIX;CBOE_VIX9D
2017-06-22,34.03605705,34.25320243,33.88428543,34.00336838,76425200,19.93,20.48,19.59,19.78,10.81,11.01,10.24,10.48,9.66,10.24,8.79,9.23,0,,,,,AAPL_YF_GITHUB;CBOE_VXAPL;CBOE_VIX;CBOE_VIX9D
2017-06-23,33.88661474,34.36060209,33.88194391,34.15512848,141757600,20.0,20.0,19.01,19.02,10.25,10.69,9.85,10.02,9.11,9.59,8.06,8.38,0,,,,,AAPL_YF_GITHUB;CBOE_VXAPL;CBOE_VIX;CBOE_VIX9D
2017-06-26,34.3629447,34.62212042,33.94499647,34.04773331,102769600,20.28,22.0,20.09,21.2,10.13,10.44,9.68,9.9,8.62,9.32,8.2,8.7,0,,,,,AAPL_YF_GITHUB;CBOE_VXAPL;CBOE_VIX;CBOE_VIX9D
2017-06-27,33.85859935,34.1271167,33.53404632,33.55973053,99047600,21.64,23.37,20.55,23.37,10.04,11.31,9.8,11.06,9.05,10.93,8.52,10.5,0,,,,,AAPL_YF_GITHUB;CBOE_VXAPL;CBOE_VIX;CBOE_VIX9D
2017-06-28,33.73717879,34.11543377,33.42663475,34.05005646,88329600,23.75,24.12,22.04,22.24,11.17,11.49,9.76,10.03,9.35,9.92,8.32,8.49,0,,,,,AAPL_YF_GITHUB;CBOE_VXAPL;CBOE_VIX;CBOE_VIX9D
2017-06-29,33.7885494,33.88661538,33.22116332,33.54804993,125997600,22.6,25.88,22.55,24.04,9.79,15.16,9.73,11.44,8.88,17.68,8.76,11.37,0,,,,,AAPL_YF_GITHUB;CBOE_VXAPL;CBOE_VIX;CBOE_VIX9D
2017-06-30,33.72784102,33.84692395,33.57140217,33.62744141,92096400,23.74,24.47,22.54,23.72,11.74,11.85,10.4,11.18,10.31,11.0,9.41,9.93,0,,,,,AAPL_YF_GITHUB;CBOE_VXAPL;CBOE_VIX;CBOE_VIX9D
2017-07-03,33.82825431,33.92632032,33.41263966,33.50603485,57111200,24.92,25.22,24.27,25.09,11.07,11.45,10.28,11.22,9.75,10.46,9.14,10.21,0,,,,,AAPL_YF_GITHUB;CBOE_VXAPL;CBOE_VIX;CBOE_VIX9D
2017-07-05,33.55038461,33.80722305,33.32389763,33.64377975,86278400,25.79,26.22,24.35,24.79,11.2,12.03,10.79,11.07,10.18,11.35,9.18,9.65,0,,,,,AAPL_YF_GITHUB;CBOE_VXAPL;CBOE_VIX;CBOE_VIX9D
2017-07-06,33.39396271,33.50603766,33.25153273,33.32624817,96515200,25.51,26.8,25.32,25.77,11.2,13.05,11.18,12.54,11.07,12.3,10.32,11.53,0,,,,,AAPL_YF_GITHUB;CBOE_VXAPL;CBOE_VIX;CBOE_VIX9D
2017-07-07,33.36592616,33.79788676,33.36592616,33.66479492,76806800,25.98,25.98,24.03,24.23,12.48,12.57,10.98,11.19,10.97,11.03,9.07,9.26,0,,,,,AAPL_YF_GITHUB;CBOE_VXAPL;CBOE_VIX;CBOE_VIX9D
2017-07-10,33.64845361,34.07807703,33.47566865,33.87026978,84362400,25.68,25.77,24.61,24.85,11.26,11.73,10.61,11.11,10.85,10.85,9.44,9.9,0,,,,,AAPL_YF_GITHUB;CBOE_VXAPL;CBOE_VIX;CBOE_VIX9D
2017-07-11,33.79322849,34.05474143,33.71150859,33.98002243,79127200,25.39,25.72,24.29,24.37,10.79,12.14,10.68,10.89,10.1,11.27,9.33,9.37,0,,,,,AAPL_YF_GITHUB;CBOE_VXAPL;CBOE_VIX;CBOE_VIX9D
2017-07-12,34.05940039,34.13178218,33.81423719,34.02904892,99538000,24.51,25.21,24.21,24.36,10.85,10.85,10.08,10.3,8.69,8.83,8.02,8.06,0,,,,,AAPL_YF_GITHUB;CBOE_VXAPL;CBOE_VIX;CBOE_VIX9D
2017-07-13,33.97300985,34.67115065,33.95900093,34.5030365,100797600,24.68,25.38,24.14,24.27,10.07,10.4,9.9,9.9,8.58,8.59,8.01,8.01,0,,,,,AAPL_YF_GITHUB;CBOE_VXAPL;CBOE_VIX;CBOE_VIX9D
2017-07-14,34.54972657,34.86727506,34.4002922,34.79956055,80528400,24.5,24.57,23.72,24.03,10.09,10.14,9.5,9.51,8.09,8.18,7.55,7.55,0,,,,,AAPL_YF_GITHUB;CBOE_VXAPL;CBOE_VIX;CBOE_VIX9D
2017-07-17,34.74820096,35.23386006,34.68982809,34.92098236,95174000,25.41,27.08,24.93,26.05,9.77,10.03,9.71,9.82,8.53,8.67,8.28,8.39,0,,,,,AAPL_YF_GITHUB;CBOE_VXAPL;CBOE_VIX;CBOE_VIX9D
2017-07-18,34.83692293,35.05407183,34.71317275,35.04239655,71475200,26.44,26.99,26.13,26.19,9.86,10.35,9.66,9.89,9.18,9.24,8.21,8.44,0,,,,,AAPL_YF_GITHUB;CBOE_VXAPL;CBOE_VIX;CBOE_VIX9D
2017-07-19,35.13579159,35.35527412,35.01204141,35.26187897,83692000,26.17,26.43,25.17,25.44,9.69,9.94,9.58,9.79,8.4,8.4,7.74,7.85,0,,,,,AAPL_YF_GITHUB;CBOE_VXAPL;CBOE_VIX;CBOE_VIX9D
2017-07-20,35.37395457,35.4299938,35.06808135,35.10310364,68974800,25.51,25.78,25.03,25.35,9.66,10.28,9.5,9.58,8.02,9.02,7.59,7.69,0,,,,,AAPL_YF_GITHUB;CBOE_VXAPL;CBOE_VIX;CBOE_VIX9D
2017-07-21,35.02138796,35.12645841,34.76221228,35.08676529,105010400,25.66,25.82,25.01,25.32,9.52,9.98,9.3,9.36,7.85,8.12,6.99,7.1,0,,,,,AAPL_YF_GITHUB;CBOE_VXAPL;CBOE_VIX;CBOE_VIX9D
2017-07-24,35.15914412,35.59343837,35.00036807,35.51171494,85972800,25.68,26.2,25.16,26.2,9.94,9.97,9.26,9.43,8.25,8.31,7.45,7.64,0,,,,,AAPL_YF_GITHUB;CBOE_VXAPL;CBOE_VIX;CBOE_VIX9D
2017-07-25,35.44401531,35.92033647,35.44401531,35.66349792,75415600,26.25,26.47,25.45,25.75,9.4,9.52,9.04,9.43,7.57,8.02,7.45,7.87,0,,,,,AAPL_YF_GITHUB;CBOE_VXAPL;CBOE_VIX;CBOE_VIX9D
2017-07-26,35.80592361,35.94134555,35.73820908,35.83160782,63124000,25.92,26.07,24.68,25.41,9.25,9.66,8.84,9.6,7.96,8.19,7.79,8.07,0,,,,,AAPL_YF_GITHUB;CBOE_VXAPL;CBOE_VIX;CBOE_VIX9D
2017-07-27,35.89930676,35.95534598,34.39328777,35.15446854,129905200,25.68,29.62,25.38,27.79,9.33,11.5,9.16,10.11,7.84,11.65,7.59,9.03,0,,,,,AAPL_YF_GITHUB;CBOE_VXAPL;CBOE_VIX;CBOE_VIX9D
2017-07-28,34.9980325,35.07741873,34.8345892,34.90697098,68854800,28.01,28.62,27.21,27.42,10.62,11.3,10.26,10.29,9.99,10.38,8.34,8.55,0,,,,,AAPL_YF_GITHUB;CBOE_VXAPL;CBOE_VIX;CBOE_VIX9D
2017-07-31,35.00035735,35.10076049,34.58708016,34.72717285,79383600,28.07,28.15,26.86,26.96,10.53,10.84,10.23,10.26,9.54,9.98,8.99,9.43,0,,,,,AAPL_YF_GITHUB;CBOE_VXAPL;CBOE_VIX;CBOE_VIX9D
2017-08-01,34.81358797,35.07509734,34.65247825,35.03540421,141474400,27.2,27.41,26.0,27.41,10.19,10.56,9.95,10.09,9.41,9.71,8.75,8.93,1,2017-06-30,0.39,0.42,0.07692308,AAPL_YF_GITHUB;CBOE_VXAPL;CBOE_VIX;CBOE_VIX9D;ALPHAQUERY_ZACKS_EARNINGS
2017-08-02,37.19052477,37.30026606,36.46203245,36.69085312,279747200,22.22,25.14,20.4,22.93,10.08,10.81,9.8,10.28,8.68,9.56,8.4,8.68,0,,,,,AAPL_YF_GITHUB;CBOE_VXAPL;CBOE_VIX;CBOE_VIX9D
2017-08-03,36.66983471,36.7071942,36.19584732,36.32426834,108389200,23.11,23.27,21.63,22.42,10.47,10.6,9.9,10.44,8.91,9.33,8.38,9.31,0,,,,,AAPL_YF_GITHUB;CBOE_VXAPL;CBOE_VIX;CBOE_VIX9D
2017-08-04,36.4410202,36.75156076,36.35229229,36.51573563,82239600,22.35,22.7,21.25,21.38,10.48,10.5,9.68,10.03,8.49,8.82,8.06,8.58,0,,,,,AAPL_YF_GITHUB;CBOE_VXAPL;CBOE_VIX;CBOE_VIX9D
2017-08-07,36.67216241,37.1064566,36.5811009,37.0807724,87481200,22.22,22.28,21.39,21.54,10.19,10.32,9.76,9.93,9.29,9.32,8.28,8.43,0,,,,,AAPL_YF_GITHUB;CBOE_VXAPL;CBOE_VIX;CBOE_VIX9D
2017-08-08,37.03174914,37.7859256,36.95469652,37.37731552,144823600,21.72,23.0,21.45,22.47,10.04,11.52,9.52,10.96,8.76,11.47,8.0,10.5,0,,,,,AAPL_YF_GITHUB;CBOE_VXAPL;CBOE_VIX;CBOE_VIX9D
2017-08-09,37.18584718,37.65516728,37.15082489,37.60613251,104526000,22.69,23.63,22.47,22.56,11.49,12.63,11.11,11.11,12.8,13.41,10.6,10.72,0,,,,,AAPL_YF_GITHUB;CBOE_VXAPL;CBOE_VIX;CBOE_VIX9D
2017-08-10,37.48190498,37.50534726,36.24657518,36.40831757,163217200,23.1,28.86,23.1,27.62,11.57,16.17,11.56,16.04,13.98,18.27,13.54,17.83,0,,,,,AAPL_YF_GITHUB;CBOE_VXAPL;CBOE_VIX;CBOE_VIX9D
2017-08-11,36.70834257,37.17012722,36.58410645,36.91461945,105028400,26.69,27.48,25.56,26.15,16.17,17.28,14.5,15.51,16.1,17.2,14.34,15.53,0,,,,,AAPL_YF_GITHUB;CBOE_VXAPL;CBOE_VIX;CBOE_VIX9D
2017-08-14,37.34594436,37.55456767,37.21232987,37.47018051,88490800,26.05,26.24,22.89,23.41,14.05,14.05,12.06,12.33,12.39,12.39,11.26,11.63,0,,,,,AAPL_YF_GITHUB;CBOE_VXAPL;CBOE_VIX;CBOE_VIX9D
2017-08-15,37.66004954,38.02103686,37.53815619,37.88039398,117862000,23.58,23.83,23.07,23.07,11.78,12.37,11.45,12.04,10.94,11.55,10.01,10.41,0,,,,,AAPL_YF_GITHUB;CBOE_VXAPL;CBOE_VIX;CBOE_VIX9D
2017-08-16,37.96008525,38.09369613,37.54049234,37.72801971,110686400,23.55,23.75,22.41,22.59,11.59,12.54,11.25,11.74,10.26,10.52,9.02,9.73,0,,,,,AAPL_YF_GITHUB;CBOE_VXAPL;CBOE_VIX;CBOE_VIX9D
2017-08-17,37.62723117,37.67176933,36.9990149,37.00370407,111762400,23.0,26.66,22.59,26.57,11.81,15.77,11.54,15.55,11.01,15.98,10.34,15.77,0,,,,,AAPL_YF_GITHUB;CBOE_VXAPL;CBOE_VIX;CBOE_VIX9D
2017-08-18,37.00370631,37.3881359,36.73648091,36.91931915,109712400,26.45,27.05,24.82,26.1,15.38,16.04,13.32,14.26,15.21,16.1,12.39,13.17,0,,,,,AAPL_YF_GITHUB;CBOE_VXAPL;CBOE_VIX;CBOE_VIX9D
2017-08-21,36.91932192,37.01074105,36.35908601,36.85134506,105474000,26.67,27.58,25.19,25.28,14.59,14.74,13.07,13.19,14.37,14.5,12.48,12.48,0,,,,,AAPL_YF_GITHUB;CBOE_VXAPL;CBOE_VIX;CBOE_VIX9D
2017-08-22,37.09043977,37.50534363,37.04121601,37.4537735,86418400,25.15,25.2,24.25,25.04,12.6,12.94,11.35,11.35,11.9,11.93,9.92,9.92,0,,,,,AAPL_YF_GITHUB;CBOE_VXAPL;CBOE_VIX;CBOE_VIX9D
2017-08-23,37.2873434,37.61551371,37.24280524,37.50065231,77596400,25.84,25.84,24.36,24.74,11.51,12.59,11.39,12.25,11.41,11.41,10.1,11.14,0,,,,,AAPL_YF_GITHUB;CBOE_VXAPL;CBOE_VIX;CBOE_VIX9D
2017-08-24,37.60613571,37.67880532,37.16545038,37.3342247,79275600,24.71,26.22,24.65,25.49,12.06,12.83,11.55,12.23,10.5,11.79,10.32,10.33,0,,,,,AAPL_YF_GITHUB;CBOE_VXAPL;CBOE_VIX;CBOE_VIX9D
2017-08-25,37.42330683,37.63661938,37.33423406,37.47253418,101920400,25.55,25.83,24.05,24.27,12.2,12.45,11.1,11.28,10.18,10.23,8.88,8.97,0,,,,,AAPL_YF_GITHUB;CBOE_VXAPL;CBOE_VIX;CBOE_VIX9D
2017-08-28,37.53815103,37.97415068,37.48892371,37.84991455,103864000,25.15,25.52,24.62,24.65,12.09,12.11,11.23,11.32,9.46,10.27,9.34,9.45,0,,,,,AAPL_YF_GITHUB;CBOE_VXAPL;CBOE_VIX;CBOE_VIX9D
2017-08-29,37.52877502,38.2366856,37.50533276,38.18746185,118067600,25.41,25.71,24.59,25.0,13.33,14.34,11.48,11.7,12.65,12.65,9.57,9.81,0,,,,,AAPL_YF_GITHUB;CBOE_VXAPL;CBOE_VIX;CBOE_VIX9D
2017-08-30,38.39608667,38.41718257,38.11714018,38.29060364,109078400,25.11,25.58,24.66,25.08,11.4,11.98,10.96,11.22,10.0,10.26,8.94,9.15,0,,,,,AAPL_YF_GITHUB;CBOE_VXAPL;CBOE_VIX;CBOE_VIX9D
2017-08-31,38.35859074,38.56487128,38.32108453,38.44297791,107140400,25.04,25.14,24.25,24.25,11.07,11.22,10.34,10.59,8.89,9.07,8.53,8.66,0,,,,,AAPL_YF_GITHUB;CBOE_VXAPL;CBOE_VIX;CBOE_VIX9D
2017-09-01,38.63049528,38.66331231,38.35623795,38.45468903,66364400,24.48,25.08,24.0,24.98,10.33,10.46,10.02,10.13,8.37,8.66,7.87,7.94,0,,,,,AAPL_YF_GITHUB;CBOE_VXAPL;CBOE_VIX;CBOE_VIX9D
2017-09-05,38.38437002,38.5015742,37.63660676,37.99290848,117874000,26.21,27.55,25.24,26.25,11.75,14.06,11.41,12.23,10.39,13.68,10.26,11.34,0,,,,,AAPL_YF_GITHUB;CBOE_VXAPL;CBOE_VIX;CBOE_VIX9D
2017-09-06,38.14058756,38.20622162,37.62723266,37.95306015,86606800,26.36,26.95,25.81,26.1,12.27,12.59,11.35,11.63,10.69,11.58,9.75,10.22,0,,,,,AAPL_YF_GITHUB;CBOE_VXAPL;CBOE_VIX;CBOE_VIX9D
2017-09-07,37.99525289,38.0304163,37.5897274,37.80069351,87714000,26.04,33.22,25.71,25.91,11.93,12.07,11.32,11.55,10.32,10.96,9.75,9.75,0,,,,,AAPL_YF_GITHUB;CBOE_VXAPL;CBOE_VIX;CBOE_VIX9D
2017-09-08,37.70692994,37.77490679,37.16075802,37.18420029,114446000,25.89,26.87,25.58,26.16,11.87,12.6,11.84,12.12,10.94,11.96,9.8,11.29,0,,,,,AAPL_YF_GITHUB;CBOE_VXAPL;CBOE_VIX;CBOE_VIX9D
2017-09-11,37.62255187,37.98588564,37.47956259,37.8569603,126323200,24.54,24.54,22.67,23.39,11.38,11.39,10.51,10.73,9.76,9.76,9.0,9.01,0,,,,,AAPL_YF_GITHUB;CBOE_VXAPL;CBOE_VIX;CBOE_VIX9D
2017-09-12,38.11715059,38.43360336,37.21702318,37.70693588,286856000,23.65,23.99,18.33,21.63,10.66,10.95,10.29,10.58,9.14,9.5,8.88,9.25,0,,,,,AAPL_YF_GITHUB;CBOE_VXAPL;CBOE_VIX;CBOE_VIX9D
2017-09-13,37.47486419,37.49596367,37.0154258,37.42329407,179629600,22.5,22.65,18.85,19.84,10.72,10.86,10.33,10.5,9.4,9.41,9.02,9.38,0,,,,,AAPL_YF_GITHUB;CBOE_VXAPL;CBOE_VIX;CBOE_VIX9D
2017-09-14,37.26858528,37.36468999,37.05761562,37.10215378,95042800,20.16,20.38,19.33,20.33,10.57,11.04,10.28,10.44,9.57,9.81,8.9,9.29,0,,,,,AAPL_YF_GITHUB;CBOE_VXAPL;CBOE_VIX;CBOE_VIX9D
2017-09-15,37.14669434,37.73271526,37.03652212,37.477211,196458400,20.24,20.68,19.06,20.2,10.51,10.74,10.0,10.17,9.24,9.24,7.88,8.3,0,,,,,AAPL_YF_GITHUB;CBOE_VXAPL;CBOE_VIX;CBOE_VIX9D
2017-09-18,37.53111775,37.62253686,37.03651603,37.19356918,113077600,20.69,21.2,19.95,20.63,10.18,10.42,9.88,10.15,9.41,9.45,8.71,8.72,0,,,,,AAPL_YF_GITHUB;CBOE_VXAPL;CBOE_VIX;CBOE_VIX9D
2017-09-19,37.39047985,37.45142832,37.13966474,37.2076416,83242400,20.82,21.03,19.81,20.36,10.16,10.3,9.85,10.18,8.71,9.13,8.62,9.09,0,,,,,AAPL_YF_GITHUB;CBOE_VXAPL;CBOE_VIX;CBOE_VIX9D
2017-09-20,37.01307822,37.09746537,36.05903807,36.58411407,211805600,21.02,23.67,20.77,21.61,10.04,10.67,9.67,9.78,8.92,10.24,8.85,8.95,0,,,,,AAPL_YF_GITHUB;CBOE_VXAPL;CBOE_VIX;CBOE_VIX9D
2017-09-21,36.52083492,36.52083492,35.80588847,35.95590973,150046800,22.2,24.01,21.49,21.84,9.74,10.21,9.54,9.67,9.05,9.43,8.26,8.44,0,,,,,AAPL_YF_GITHUB;CBOE_VXAPL;CBOE_VIX;CBOE_VIX9D
2017-09-22,35.52223422,35.69335487,35.29251508,35.60427856,186581600,22.9,24.3,22.43,22.72,9.9,10.2,9.5,9.59,8.92,8.92,7.87,7.98,0,,,,,AAPL_YF_GITHUB;CBOE_VXAPL;CBOE_VIX;CBOE_VIX9D
2017-09-25,35.15890449,35.59021493,34.96434516,35.29017258,177549200,25.15,28.15,24.51,25.11,10.08,11.21,9.79,10.21,9.23,10.43,8.61,9.21,0,,,,,AAPL_YF_GITHUB;CBOE_VXAPL;CBOE_VIX;CBOE_VIX9D
2017-09-26,35.57850139,36.08013514,35.55740549,35.89729691,146640000,25.01,25.02,23.61,24.22,10.42,10.68,9.94,10.17,9.12,9.99,8.79,9.34,0,,,,,AAPL_YF_GITHUB;CBOE_VXAPL;CBOE_VIX;CBOE_VIX9D
2017-09-27,36.05200383,36.26765907,35.99105537,36.1527977,102016800,24.23,24.57,23.6,23.84,9.9,10.42,9.63,9.87,8.88,9.55,8.73,9.03,0,,,,,AAPL_YF_GITHUB;CBOE_VXAPL;CBOE_VIX;CBOE_VIX9D
2017-09-28,36.07309634,36.16451544,35.79414986,35.93010712,88022000,24.11,24.64,23.64,23.84,9.74,10.13,9.55,9.55,9.27,9.38,8.39,8.39,0,,,,,AAPL_YF_GITHUB;CBOE_VXAPL;CBOE_VIX;CBOE_VIX9D
2017-09-29,35.91370528,36.12936053,35.6300696,36.12701416,105199200,24.26,26.46,22.24,22.55,9.59,9.83,9.36,9.51,8.41,8.65,7.74,7.95,0,,,,,AAPL_YF_GITHUB;CBOE_VXAPL;CBOE_VIX;CBOE_VIX9D
2017-10-02,36.15983869,36.20437686,35.79885132,36.05435562,74795200,23.88,25.09,23.83,24.46,9.59,10.04,9.37,9.45,9.01,9.13,8.12,8.18,0,,,,,AAPL_YF_GITHUB;CBOE_VXAPL;CBOE_VIX;CBOE_VIX9D
2017-10-03,36.10122687,36.35438831,36.07778819,36.21139908,64921200,24.81,24.97,23.93,24.53,9.3,9.75,9.3,9.51,8.24,8.45,7.84,8.04,0,,,,,AAPL_YF_GITHUB;CBOE_VXAPL;CBOE_VIX;CBOE_VIX9D
2017-10-04,36.01215696,36.06606988,35.73789961,35.97699356,80655200,25.47,25.62,24.53,24.61,9.53,9.88,9.53,9.63,8.41,8.59,7.99,8.02,0,,,,,AAPL_YF_GITHUB;CBOE_VXAPL;CBOE_VIX;CBOE_VIX9D
2017-10-05,36.14108124,36.43643808,36.11061059,36.42471695,85135200,24.94,25.04,24.53,24.65,9.48,9.62,9.13,9.19,8.14,8.19,7.61,7.81,0,,,,,AAPL_YF_GITHUB;CBOE_VXAPL;CBOE_VIX;CBOE_VIX9D
2017-10-06,36.32625887,36.4481522,36.23015059,36.40361404,69630400,25.05,25.15,24.15,24.18,9.23,10.27,9.11,9.65,7.97,8.72,7.59,7.88,0,,,,,AAPL_YF_GITHUB;CBOE_VXAPL;CBOE_VIX;CBOE_VIX9D
2017-10-09,36.52317281,36.73882811,36.44816398,36.53020477,65051600,25.41,25.63,24.21,24.32,9.92,10.53,9.88,10.33,8.99,9.38,8.49,9.34,0,,,,,AAPL_YF_GITHUB;CBOE_VXAPL;CBOE_VIX;CBOE_VIX9D
2017-10-10,36.58177958,37.03653252,36.35674949,36.54427338,62468000,24.77,25.3,24.47,25.09,10.15,10.66,9.94,10.08,9.17,9.54,8.72,8.72,0,,,,,AAPL_YF_GITHUB;CBOE_VXAPL;CBOE_VIX;CBOE_VIX9D
2017-10-11,36.5606713,36.79742245,36.50910117,36.69662857,67622400,25.41,25.59,24.35,24.45,9.95,10.38,9.72,9.85,8.66,8.75,8.09,8.32,0,,,,,AAPL_YF_GITHUB;CBOE_VXAPL;CBOE_VIX;CBOE_VIX9D
2017-10-12,36.64975525,36.88884924,36.50441961,36.56771088,64500400,24.78,25.78,24.39,24.58,9.94,10.33,9.65,9.91,8.73,8.92,8.18,8.34,0,,,,,AAPL_YF_GITHUB;CBOE_VXAPL;CBOE_VIX;CBOE_VIX9D
2017-10-13,36.73881427,36.86773956,36.66380547,36.79976273,65576800,24.9,25.01,24.2,24.6,9.95,9.98,9.44,9.61,8.24,8.28,7.76,8.03,0,,,,,AAPL_YF_GITHUB;CBOE_VXAPL;CBOE_VIX;CBOE_VIX9D
2017-10-16,37.01307985,37.50533886,36.95447776,37.477211,96486000,25.87,26.04,25.26,25.77,9.95,10.02,9.75,9.91,8.61,8.72,8.37,8.46,0,,,,,AAPL_YF_GITHUB;CBOE_VXAPL;CBOE_VIX;CBOE_VIX9D
2017-10-17,37.4537591,37.7092633,37.32483381,37.6155014,75989200,26.06,26.31,25.29,25.5,9.85,10.46,9.78,10.31,8.52,8.8,8.36,8.69,0,,,,,AAPL_YF_GITHUB;CBOE_VXAPL;CBOE_VIX;CBOE_VIX9D
2017-10-18,37.60378415,37.67176457,37.41157118,37.44907379,65496800,27.85,27.85,24.88,25.13,10.34,10.41,9.87,10.07,8.58,8.61,8.0,8.37,0,,,,,AAPL_YF_GITHUB;CBOE_VXAPL;CBOE_VIX;CBOE_VIX9D
2017-10-19,36.74351809,36.82087329,36.33799254,36.56302261,170336800,26.7,27.99,26.65,27.01,10.22,11.77,9.99,10.05,10.0,10.41,8.58,8.88,0,,,,,AAPL_YF_GITHUB;CBOE_VXAPL;CBOE_VIX;CBOE_VIX9D
2017-10-20,36.7106956,36.977921,36.55833159,36.62630844,95896400,27.01,27.09,25.23,26.45,9.92,10.04,9.29,9.97,8.81,8.84,8.03,8.41,0,,,,,AAPL_YF_GITHUB;CBOE_VXAPL;CBOE_VIX;CBOE_VIX9D
2017-10-23,36.77632971,36.96385712,36.45050221,36.60755539,87937200,26.84,27.29,25.57,27.16,10.25,11.08,9.94,11.07,9.32,10.77,8.84,10.77,0,,,,,AAPL_YF_GITHUB;CBOE_VXAPL;CBOE_VIX;CBOE_VIX9D
2017-10-24,36.63569151,36.90057417,36.61459561,36.82556534,71028800,27.29,27.29,26.03,26.34,10.89,11.16,10.39,11.16,10.01,10.62,9.77,10.48,0,,,,,AAPL_YF_GITHUB;CBOE_VXAPL;CBOE_VIX;CBOE_VIX9D
2017-10-25,36.78102256,36.93104379,36.39659293,36.66381836,84828400,26.68,27.52,26.19,26.45,11.34,13.2,10.99,11.23,10.72,13.64,10.43,11.09,0,,,,,AAPL_YF_GITHUB;CBOE_VXAPL;CBOE_VIX;CBOE_VIX9D
2017-10-26,36.85602851,36.99667497,36.75054545,36.89822388,68002000,26.58,26.86,25.5,26.36,11.17,11.81,10.6,11.3,10.56,11.35,10.23,10.69,0,,,,,AAPL_YF_GITHUB;CBOE_VXAPL;CBOE_VIX;CBOE_VIX9D
2017-10-27,37.33890207,38.34920499,37.20060201,38.22027969,177816800,26.8,28.2,26.41,28.07,11.12,11.12,9.74,9.8,10.08,10.25,8.58,8.61,0,,,,,AAPL_YF_GITHUB;CBOE_VXAPL;CBOE_VIX;CBOE_VIX9D
2017-10-30,38.41719024,39.39701916,38.37734125,39.08056641,178803200,28.49,30.24,28.49,29.38,10.28,10.89,10.1,10.5,9.91,10.23,9.1,9.81,0,,,,,AAPL_YF_GITHUB;CBOE_VXAPL;CBOE_VIX;CBOE_VIX9D
2017-10-31,39.35716804,39.76738273,39.13213798,39.62439346,144187200,29.82,31.13,29.59,30.38,10.34,10.37,9.9,10.18,9.28,9.57,9.08,9.32,0,,,,,AAPL_YF_GITHUB;CBOE_VXAPL;CBOE_VIX;CBOE_VIX9D
2017-11-01,39.81894295,39.83535325,38.82036472,39.1204071,134551200,30.59,30.97,29.53,30.08,9.79,10.49,9.74,10.2,8.92,9.66,6.69,9.29,0,,,,,AAPL_YF_GITHUB;CBOE_VXAPL;CBOE_VIX;CBOE_VIX9D
2017-11-02,39.05244713,39.49782174,38.74302628,39.40640259,165573600,30.15,30.4,28.11,30.27,10.44,10.89,9.67,9.93,9.35,10.44,8.3,8.54,1,2017-09-30,0.47,0.52,0.10638298,AAPL_YF_GITHUB;CBOE_VXAPL;CBOE_VIX;CBOE_VIX9D;ALPHAQUERY_ZACKS_EARNINGS
2017-11-03,40.78705643,40.84800132,40.11195918,40.43544388,237594400,22.97,24.01,21.87,22.49,9.83,9.91,8.99,9.14,8.26,8.51,7.63,7.84,0,,,,,AAPL_YF_GITHUB;CBOE_VXAPL;CBOE_VIX;CBOE_VIX9D
2017-11-06,40.40497603,41.01912849,40.25261199,40.84566498,140105200,23.18,23.21,21.0,21.51,9.63,9.74,9.38,9.4,8.83,8.83,8.01,8.09,0,,,,,AAPL_YF_GITHUB;CBOE_VXAPL;CBOE_VIX;CBOE_VIX9D
2017-11-07,40.7659588,41.08006515,40.69329278,40.9769249,97446000,21.71,21.9,21.24,21.61,9.31,10.31,9.29,9.89,8.13,9.38,8.05,8.83,0,,,,,AAPL_YF_GITHUB;CBOE_VXAPL;CBOE_VIX;CBOE_VIX9D
2017-11-08,40.9417719,41.3121376,40.8644167,41.3121376,97638000,21.74,21.79,20.61,20.71,9.79,10.27,9.5,9.78,9.01,9.27,7.91,8.28,0,,,,,AAPL_YF_GITHUB;CBOE_VXAPL;CBOE_VIX;CBOE_VIX9D
2017-11-09,41.04725721,41.27932282,40.58547235,41.22775269,117930400,21.23,22.32,20.79,20.84,9.94,12.19,9.79,10.5,9.84,12.97,9.0,9.65,0,,,,,AAPL_YF_GITHUB;CBOE_VXAPL;CBOE_VIX;CBOE_VIX9D
2017-11-10,41.19481965,41.25833845,40.99720959,41.09130859,100582000,22.81,22.81,20.43,20.69,10.78,11.58,10.5,11.29,10.31,11.12,9.59,10.31,0,,,,,AAPL_YF_GITHUB;CBOE_VXAPL;CBOE_VIX;CBOE_VIX9D
2017-11-13,40.81605222,41.05130324,40.79252568,40.92662048,67928400,21.5,21.89,20.52,20.98,11.43,12.18,11.0,11.5,11.2,11.29,9.25,9.84,0,,,,,AAPL_YF_GITHUB;CBOE_VXAPL;CBOE_VIX;CBOE_VIX9D
2017-11-14,40.70784466,40.81135571,40.27027751,40.30791855,99130000,21.34,22.22,20.99,21.68,11.53,12.61,11.45,11.59,10.64,11.92,9.7,9.73,0,,,,,AAPL_YF_GITHUB;CBOE_VXAPL;CBOE_VIX;CBOE_VIX9D
2017-11-15,39.98561839,40.06795769,39.61157011,39.77624512,116632400,23.04,24.29,22.15,23.16,12.52,14.51,12.33,13.13,12.44,13.66,10.41,11.73,0,,,,,AAPL_YF_GITHUB;CBOE_VXAPL;CBOE_VIX;CBOE_VIX9D
2017-11-16,40.27027032,40.43259411,40.06325185,40.2514534,94550000,22.49,22.49,20.68,21.06,12.47,12.52,11.38,11.76,10.18,10.18,8.21,8.74,0,,,,,AAPL_YF_GITHUB;CBOE_VXAPL;CBOE_VIX;CBOE_VIX9D
2017-11-17,40.23734268,40.31968199,39.9079926,40.02796936,87598000,21.52,22.17,20.69,21.0,11.75,12.01,11.16,11.43,8.58,8.73,7.94,8.49,0,,,,,AAPL_YF_GITHUB;CBOE_VXAPL;CBOE_VIX;CBOE_VIX9D
2017-11-20,40.06089569,40.12441447,39.88916344,39.98796844,65049600,21.85,21.94,20.26,20.49,11.96,12.08,10.44,10.65,9.38,9.43,8.31,8.6,0,,,,,AAPL_YF_GITHUB;CBOE_VXAPL;CBOE_VIX;CBOE_VIX9D
2017-11-21,40.1761726,40.86310521,40.1761726,40.7313652,100525200,20.69,21.72,19.14,19.43,10.74,10.78,9.67,9.73,8.37,8.37,7.61,7.97,0,,,,,AAPL_YF_GITHUB;CBOE_VXAPL;CBOE_VIX;CBOE_VIX9D
2017-11-22,40.78311614,41.16892766,40.7101889,41.1595192,102355600,19.63,20.53,18.94,19.01,9.6,9.88,9.32,9.88,7.91,7.99,7.62,7.87,0,,,,,AAPL_YF_GITHUB;CBOE_VXAPL;CBOE_VIX;CBOE_VIX9D
2017-11-24,41.19246046,41.28655945,41.08659462,41.16187668,56106800,19.47,19.54,18.84,19.02,9.82,9.96,8.56,9.67,8.37,8.41,7.67,7.87,0,,,,,AAPL_YF_GITHUB;CBOE_VXAPL;CBOE_VIX;CBOE_VIX9D
2017-11-27,41.1806918,41.18774905,40.77841098,40.95484924,82867200,20.1,21.5,19.58,19.64,10.07,10.26,9.79,9.87,9.2,9.25,8.69,9.0,0,,,,,AAPL_YF_GITHUB;CBOE_VXAPL;CBOE_VIX;CBOE_VIX9D
2017-11-28,41.00425876,41.13834999,40.43024562,40.71490097,105715200,19.75,21.76,19.46,20.44,9.72,10.31,9.53,10.03,8.95,9.68,8.67,9.18,0,,,,,AAPL_YF_GITHUB;CBOE_VXAPL;CBOE_VIX;CBOE_VIX9D
2017-11-29,40.61139679,40.67961802,39.32457304,39.8703537,166665600,20.74,26.3,20.62,23.23,9.91,10.93,9.81,10.7,9.24,10.64,9.24,10.16,0,,,,,AAPL_YF_GITHUB;CBOE_VXAPL;CBOE_VIX;CBOE_VIX9D
2017-11-30,40.09383872,40.49611964,39.62569139,40.42789841,166108800,23.05,27.15,21.15,21.35,10.49,12.05,10.25,11.28,10.42,13.07,10.16,11.38,0,,,,,AAPL_YF_GITHUB;CBOE_VXAPL;CBOE_VIX;CBOE_VIX9D
2017-12-01,39.98091131,40.38554336,39.63979804,40.23968887,159037200,22.36,27.75,21.55,22.23,11.19,14.58,10.54,11.43,11.85,17.68,11.21,11.98,0,,,,,AAPL_YF_GITHUB;CBOE_VXAPL;CBOE_VIX;CBOE_VIX9D
2017-12-04,40.57609246,40.60902746,39.90562925,39.94562149,130169600,22.88,25.74,21.9,25.14,11.05,11.86,10.26,11.68,11.91,12.67,10.21,12.21,0,,,,,AAPL_YF_GITHUB;CBOE_VXAPL;CBOE_VIX;CBOE_VIX9D
2017-12-05,39.77154346,40.35026264,39.6162769,39.9079895,109400800,27.18,27.18,21.94,22.89,11.38,11.67,10.65,11.33,12.01,12.01,10.28,11.11,0,,,,,AAPL_YF_GITHUB;CBOE_VXAPL;CBOE_VIX;CBOE_VIX9D
2017-12-06,39.40454551,40.03972254,39.15988603,39.75977325,114240000,24.49,25.42,22.52,22.75,11.63,11.68,10.86,11.02,11.5,11.64,10.74,10.9,0,,,,,AAPL_YF_GITHUB;CBOE_VXAPL;CBOE_VIX;CBOE_VIX9D
2017-12-07,39.76448545,40.0961903,39.73625647,39.83271027,102693200,22.5,24.75,21.35,22.0,10.9,11.32,10.12,10.16,11.16,11.32,9.42,9.51,0,,,,,AAPL_YF_GITHUB;CBOE_VXAPL;CBOE_VIX;CBOE_VIX9D
2017-12-08,40.10795461,40.22793136,39.71508577,39.84447098,93420800,21.41,22.08,20.85,21.75,10.0,10.06,9.43,9.58,9.6,9.6,8.41,8.44,0,,,,,AAPL_YF_GITHUB;CBOE_VXAPL;CBOE_VIX;CBOE_VIX9D
2017-12-11,39.80448229,40.67255936,39.70802849,40.62080383,141095200,19.06,19.49,15.91,15.91,9.74,10.08,9.28,9.34,9.35,9.37,8.67,8.79,0,,,,,AAPL_YF_GITHUB;CBOE_VXAPL;CBOE_VIX;CBOE_VIX9D
2017-12-12,40.49846326,40.5549248,40.33614306,40.39260101,77636800,17.87,18.96,16.4,17.71,9.36,9.92,9.21,9.92,9.07,9.36,8.87,9.24,0,,,,,AAPL_YF_GITHUB;CBOE_VXAPL;CBOE_VIX;CBOE_VIX9D
2017-12-13,40.5808058,40.82546531,40.46318028,40.52669907,95273600,18.0,18.0,16.05,17.3,9.78,10.21,9.65,10.18,9.43,9.43,7.65,9.35,0,,,,,AAPL_YF_GITHUB;CBOE_VXAPL;CBOE_VIX;CBOE_VIX9D
2017-12-14,40.55728946,40.72902535,40.38085113,40.51494598,81906000,17.31,17.74,16.35,17.38,9.98,10.54,9.78,10.49,9.25,9.89,8.51,9.87,0,,,,,AAPL_YF_GITHUB;CBOE_VXAPL;CBOE_VIX;CBOE_VIX9D
2017-12-15,40.846636,40.97366997,40.57139273,40.92662048,160677200,18.75,18.75,17.07,18.08,10.12,10.2,9.22,9.42,8.87,8.89,8.14,8.25,0,,,,,AAPL_YF_GITHUB;CBOE_VXAPL;CBOE_VIX;CBOE_VIX9D
2017-12-18,41.14070946,41.68649009,41.13600343,41.50299454,117684400,18.67,19.22,18.13,19.07,9.46,9.89,9.24,9.53,8.81,9.0,7.52,8.05,0,,,,,AAPL_YF_GITHUB;CBOE_VXAPL;CBOE_VIX;CBOE_VIX9D
2017-12-19,41.1759852,41.26067571,40.95484867,41.06071091,109745600,20.39,20.48,19.34,20.16,9.4,10.15,9.18,10.03,8.1,9.03,8.07,9.03,0,,,,,AAPL_YF_GITHUB;CBOE_VXAPL;CBOE_VIX;CBOE_VIX9D
2017-12-20,41.13835352,41.26774232,40.75724793,41.01602554,93902400,20.39,20.64,19.5,19.89,9.69,9.85,8.9,9.72,7.98,8.74,7.85,8.34,0,,,,,AAPL_YF_GITHUB;CBOE_VXAPL;CBOE_VIX;CBOE_VIX9D
2017-12-21,40.97366991,41.40888574,40.95720421,41.17127991,83799600,20.28,20.28,18.87,19.03,9.59,9.86,9.2,9.62,8.05,8.21,7.58,7.63,0,,,,,AAPL_YF_GITHUB;CBOE_VXAPL;CBOE_VIX;CBOE_VIX9D
2017-12-22,41.09364664,41.26773369,41.05130318,41.17127991,65397600,19.51,20.05,18.87,19.23,9.37,10.18,9.35,9.9,7.61,7.94,7.15,7.51,0,,,,,AAPL_YF_GITHUB;CBOE_VXAPL;CBOE_VIX;CBOE_VIX9D
2017-12-26,40.18088057,40.33849835,39.91739695,40.12677383,132742000,23.83,27.13,22.8,22.96,10.19,10.46,10.13,10.25,8.92,8.93,8.3,8.48,0,,,,,AAPL_YF_GITHUB;CBOE_VXAPL;CBOE_VIX;CBOE_VIX9D
2017-12-27,40.01619789,40.17616685,39.92445014,40.13382339,85992800,23.56,23.76,22.9,23.08,10.04,10.79,9.71,10.47,8.46,10.27,7.64,9.71,0,,,,,AAPL_YF_GITHUB;CBOE_VXAPL;CBOE_VIX;CBOE_VIX9D
2017-12-28,40.22792936,40.42789419,40.10559781,40.24674988,65920800,23.45,25.54,22.38,22.72,10.29,10.44,10.07,10.18,9.32,9.43,8.91,9.27,0,,,,,AAPL_YF_GITHUB;CBOE_VXAPL;CBOE_VIX;CBOE_VIX9D
2017-12-29,40.11501075,40.13147646,39.80918366,39.81153488,103999600,23.41,23.69,22.79,23.63,10.03,11.06,9.95,11.04,9.13,10.42,8.94,10.42,0,,,,,AAPL_YF_GITHUB;CBOE_VXAPL;CBOE_VIX;CBOE_VIX9D
2018-01-02,40.03032034,40.53375745,39.81859223,40.5243454,102223600,25.51,25.78,24.07,24.25,10.95,11.07,9.52,9.77,10.38,10.52,8.21,8.54,0,,,,,AAPL_YF_GITHUB;CBOE_VXAPL;CBOE_VIX;CBOE_VIX9D
2018-01-03,40.58787189,41.06308011,40.45378063,40.51729584,118071600,24.37,24.57,23.85,24.47,9.56,9.65,8.94,9.15,8.32,8.32,7.33,7.85,0,,,,,AAPL_YF_GITHUB;CBOE_VXAPL;CBOE_VIX;CBOE_VIX9D
2018-01-04,40.5902158,40.80900115,40.48200233,40.70549011,89738400,24.93,25.5,23.86,23.88,9.01,9.31,8.92,9.22,7.89,8.33,7.49,7.73,0,,,,,AAPL_YF_GITHUB;CBOE_VXAPL;CBOE_VIX;CBOE_VIX9D
2018-01-05,40.80193146,41.25596414,40.71018372,41.16892242,94640000,24.4,24.53,23.52,24.46,9.1,9.54,9.0,9.22,7.94,8.08,7.45,7.7,0,,,,,AAPL_YF_GITHUB;CBOE_VXAPL;CBOE_VIX;CBOE_VIX9D
2018-01-08,41.01602554,41.3124406,40.91721693,41.01602554,82271200,26.29,26.41,25.12,25.15,9.61,9.89,9.32,9.52,8.62,8.71,7.65,7.9,0,,,,,AAPL_YF_GITHUB;CBOE_VXAPL;CBOE_VIX;CBOE_VIX9D
2018-01-09,41.06306991,41.18304665,40.79488387,41.01131439,86336000,25.45,25.81,24.97,25.23,9.41,10.09,9.37,10.08,7.97,8.37,7.67,8.35,0,,,,,AAPL_YF_GITHUB;CBOE_VXAPL;CBOE_VIX;CBOE_VIX9D
2018-01-10,40.73607987,41.00426597,40.69843883,41.00191116,95839600,25.9,26.01,25.26,25.52,10.11,10.85,9.82,9.82,8.77,9.15,7.81,7.85,0,,,,,AAPL_YF_GITHUB;CBOE_VXAPL;CBOE_VIX;CBOE_VIX9D
2018-01-11,41.07247465,41.28420272,41.04895171,41.23479843,74670800,26.2,26.2,24.55,24.7,9.69,10.02,9.62,9.88,8.13,8.17,7.63,7.84,0,,,,,AAPL_YF_GITHUB;CBOE_VXAPL;CBOE_VIX;CBOE_VIX9D
2018-01-12,41.44653087,41.72412899,41.32184809,41.6606102,101672400,25.29,28.4,24.67,25.64,9.74,10.31,9.54,10.16,8.38,8.86,8.02,8.68,0,,,,,AAPL_YF_GITHUB;CBOE_VXAPL;CBOE_VIX;CBOE_VIX9D
2018-01-16,41.85116034,42.2016857,41.43711979,41.44888306,118263600,27.55,28.58,27.19,28.38,10.42,12.41,10.4,11.66,10.1,12.58,10.06,11.25,0,,,,,AAPL_YF_GITHUB;CBOE_VXAPL;CBOE_VIX;CBOE_VIX9D
2018-01-17,41.43947134,42.16875104,41.18540336,42.13346481,137547200,29.14,29.97,27.96,29.6,11.35,12.81,11.18,11.91,11.47,12.2,10.39,11.69,0,,,,,AAPL_YF_GITHUB;CBOE_VXAPL;CBOE_VIX;CBOE_VIX9D
2018-01-18,42.19698219,42.36871805,41.93350215,42.17110443,124773600,30.41,30.41,28.55,29.38,12.01,12.4,11.62,12.22,11.7,12.38,11.3,12.37,0,,,,,AAPL_YF_GITHUB;CBOE_VXAPL;CBOE_VIX;CBOE_VIX9D
2018-01-19,42.01818875,42.24638255,41.73588821,41.98290253,129700400,29.41,29.41,27.69,27.98,12.3,12.33,11.18,11.27,11.8,11.91,10.11,10.41,0,,,,,AAPL_YF_GITHUB;CBOE_VXAPL;CBOE_VIX;CBOE_VIX9D
2018-01-22,41.71000702,41.82292651,41.54533203,41.639431,108434400,28.68,28.68,26.54,27.37,11.59,11.62,10.84,11.03,11.53,11.53,10.41,10.86,0,,,,,AAPL_YF_GITHUB;CBOE_VXAPL;CBOE_VIX;CBOE_VIX9D
2018-01-23,41.71001324,42.21345036,41.59709374,41.64884567,130756400,32.5,34.93,27.44,27.83,10.77,11.57,10.76,11.1,11.01,11.25,10.53,11.02,0,,,,,AAPL_YF_GITHUB;CBOE_VXAPL;CBOE_VIX;CBOE_VIX9D
2018-01-24,41.69824971,41.71001298,40.74548222,40.9854393,204420400,27.82,32.9,27.82,28.98,11.0,12.19,10.89,11.47,11.2,12.57,9.87,11.45,0,,,,,AAPL_YF_GITHUB;CBOE_VXAPL;CBOE_VIX;CBOE_VIX9D
2018-01-25,41.0536592,41.15717023,40.11736103,40.25380707,166116000,29.0,31.24,27.98,29.82,11.27,12.01,11.2,11.58,11.58,12.37,10.41,11.64,0,,,,,AAPL_YF_GITHUB;CBOE_VXAPL;CBOE_VIX;CBOE_VIX9D
2018-01-26,40.46317851,40.46317851,40.00679092,40.34790421,156572000,30.39,32.27,29.47,29.94,11.4,11.6,11.08,11.08,11.54,11.6,9.42,10.46,0,,,,,AAPL_YF_GITHUB;CBOE_VXAPL;CBOE_VIX;CBOE_VIX9D
2018-01-29,40.03032711,40.03032711,39.30340209,39.51277542,202561600,30.96,40.81,30.96,34.39,11.71,13.84,11.68,13.84,12.34,14.91,12.26,14.91,0,,,,,AAPL_YF_GITHUB;CBOE_VXAPL;CBOE_VIX;CBOE_VIX9D
2018-01-30,38.9411032,39.37396424,38.74584441,39.27986526,184192800,38.25,38.25,33.19,33.68,13.93,15.42,13.88,14.79,16.26,17.21,15.26,16.2,0,,,,,AAPL_YF_GITHUB;CBOE_VXAPL;CBOE_VIX;CBOE_VIX9D
2018-01-31,39.25634059,39.62568645,39.16929885,39.3880806,129915600,33.97,36.93,32.61,33.99,14.23,14.44,13.41,13.54,15.3,15.3,12.35,13.86,0,,,,,AAPL_YF_GITHUB;CBOE_VXAPL;CBOE_VIX;CBOE_VIX9D
2018-02-01,39.32690995,39.66802319,39.23045618,39.47041321,188923200,34.94,35.84,29.29,34.01,13.05,14.3,12.5,13.47,14.43,14.43,12.13,13.86,1,2017-12-31,0.95,0.97,0.02105263,AAPL_YF_GITHUB;CBOE_VXAPL;CBOE_VIX;CBOE_VIX9D;ALPHAQUERY_ZACKS_EARNINGS
2018-02-02,39.05166236,39.23986386,37.66368303,37.75778198,346375200,25.8,29.66,24.08,28.69,13.64,17.86,13.64,17.31,14.66,20.78,13.53,18.86,0,,,,,AAPL_YF_GITHUB;CBOE_VXAPL;CBOE_VIX;CBOE_VIX9D
2018-02-05,37.428451,38.55295096,36.69917117,36.8144455,290954000,30.26,46.33,26.38,33.36,18.44,38.8,16.8,37.32,22.07,61.38,18.15,59.34,0,,,,,AAPL_YF_GITHUB;CBOE_VXAPL;CBOE_VIX;CBOE_VIX9D
2018-02-06,36.42392352,38.51530538,36.2286647,38.35298157,272975200,39.23,39.23,29.15,29.89,37.32,50.3,22.42,29.98,63.23,68.95,28.74,39.46,0,,,,,AAPL_YF_GITHUB;CBOE_VXAPL;CBOE_VIX;CBOE_VIX9D
2018-02-07,38.36708997,38.44001722,37.42138341,37.53194809,206434400,29.97,30.61,27.32,29.81,31.38,31.64,21.17,27.73,36.1,36.1,22.5,32.86,0,,,,,AAPL_YF_GITHUB;CBOE_VXAPL;CBOE_VIX;CBOE_VIX9D
2018-02-08,37.70838917,37.87541899,36.47096994,36.49919891,217562000,29.6,36.12,29.03,36.12,27.29,36.17,24.41,33.46,28.59,45.53,26.94,41.44,0,,,,,AAPL_YF_GITHUB;CBOE_VXAPL;CBOE_VIX;CBOE_VIX9D
2018-02-09,37.10153634,37.29522682,35.48822031,36.94563675,282690400,33.59,43.26,31.69,33.75,32.18,41.06,27.73,29.06,36.64,52.49,29.88,31.64,0,,,,,AAPL_YF_GITHUB;CBOE_VXAPL;CBOE_VIX;CBOE_VIX9D
2018-02-12,37.4393114,38.71248405,37.20546203,38.43375778,243278000,32.62,33.64,27.23,27.71,27.25,29.7,24.42,25.61,31.5,33.89,25.08,26.83,0,,,,,AAPL_YF_GITHUB;CBOE_VXAPL;CBOE_VIX;CBOE_VIX9D
2018-02-13,38.25424058,38.91562985,38.1833768,38.81878281,130196800,28.2,28.33,26.61,26.88,26.94,27.82,24.47,24.97,29.39,29.39,24.65,25.29,0,,,,,AAPL_YF_GITHUB;CBOE_VXAPL;CBOE_VIX;CBOE_VIX9D
2018-02-14,38.51170209,39.57464779,38.4739112,39.53449249,162579600,27.58,27.59,24.75,24.78,23.48,25.72,18.99,19.26,23.03,23.47,18.64,18.73,0,,,,,AAPL_YF_GITHUB;CBOE_VXAPL;CBOE_VIX;CBOE_VIX9D
2018-02-15,40.10612781,40.88562218,39.91952334,40.86200333,204588800,24.41,26.4,24.05,25.12,18.39,20.66,17.6,19.13,18.21,20.81,17.21,18.58,0,,,,,AAPL_YF_GITHUB;CBOE_VXAPL;CBOE_VIX;CBOE_VIX9D
2018-02-16,40.71319204,41.29427075,40.57382888,40.72972488,160704400,26.38,26.38,24.09,24.59,18.74,20.99,17.44,19.46,19.09,21.98,16.16,18.68,0,,,,,AAPL_YF_GITHUB;CBOE_VXAPL;CBOE_VIX;CBOE_VIX9D
2018-02-20,40.63996135,41.16198381,40.49114778,40.59272003,135722000,25.6,25.64,24.15,24.49,20.53,21.61,19.75,20.6,23.32,23.32,19.76,20.64,0,,,,,AAPL_YF_GITHUB;CBOE_VXAPL;CBOE_VIX;CBOE_VIX9D
2018-02-21,40.8241987,41.12890819,40.39429452,40.40847015,149886400,24.36,24.47,22.31,23.59,20.76,21.04,16.97,20.02,20.38,20.42,15.55,20.01,0,,,,,AAPL_YF_GITHUB;CBOE_VXAPL;CBOE_VIX;CBOE_VIX9D
2018-02-22,40.58090757,41.08875799,40.55964952,40.74625397,123967600,23.4,23.53,22.38,23.01,20.57,20.61,18.07,18.72,19.94,20.79,17.31,18.13,0,,,,,AAPL_YF_GITHUB;CBOE_VXAPL;CBOE_VIX;CBOE_VIX9D
2018-02-23,41.02262987,41.49032511,40.99192139,41.45489502,135249600,22.68,22.71,21.06,21.06,17.96,18.8,16.47,16.49,18.13,18.66,14.06,14.98,0,,,,,AAPL_YF_GITHUB;CBOE_VXAPL;CBOE_VIX;CBOE_VIX9D
2018-02-26,41.65568541,42.37376309,41.62261611,42.27455521,152648800,21.58,22.46,21.06,21.39,16.53,16.94,15.8,15.8,16.83,17.01,15.15,15.16,0,,,,,AAPL_YF_GITHUB;CBOE_VXAPL;CBOE_VIX;CBOE_VIX9D
2018-02-27,42.30524208,42.63120966,42.08320395,42.13753128,155712400,21.61,23.36,21.21,23.14,15.83,18.98,15.29,18.59,15.97,18.79,15.0,18.12,0,,,,,AAPL_YF_GITHUB;CBOE_VXAPL;CBOE_VIX;CBOE_VIX9D
2018-02-28,42.34304432,42.66429037,42.05723196,42.0737648,151128400,22.78,24.62,22.61,24.55,18.08,20.44,15.65,19.85,16.94,19.86,16.35,19.19,0,,,,,AAPL_YF_GITHUB;CBOE_VXAPL;CBOE_VIX;CBOE_VIX9D
2018-03-01,42.17296298,42.46586489,40.7840496,41.33678055,195208000,24.41,31.32,24.18,26.81,19.96,25.3,19.57,22.47,20.03,28.48,19.43,23.89,0,,,,,AAPL_YF_GITHUB;CBOE_VXAPL;CBOE_VIX;CBOE_VIX9D
2018-03-02,40.81712292,41.64385861,40.7344479,41.62260056,153816000,29.27,29.27,22.53,24.89,22.47,26.22,19.36,19.59,28.13,29.35,18.76,18.87,0,,,,,AAPL_YF_GITHUB;CBOE_VXAPL;CBOE_VIX;CBOE_VIX9D
2018-03-05,41.38639073,41.98400225,41.22340512,41.7666893,113605600,25.93,26.27,23.77,23.79,21.55,21.57,17.94,18.73,21.48,21.58,17.47,18.26,0,,,,,AAPL_YF_GITHUB;CBOE_VXAPL;CBOE_VIX;CBOE_VIX9D
2018-03-06,42.02415652,42.10446712,41.60370266,41.73125458,95154000,23.42,24.5,23.25,23.59,18.25,19.64,17.68,18.36,17.4,19.11,16.86,17.23,0,,,,,AAPL_YF_GITHUB;CBOE_VXAPL;CBOE_VIX;CBOE_VIX9D
2018-03-07,41.32260639,41.5375585,41.16434602,41.34386444,126814000,24.65,25.0,23.33,23.68,20.11,20.49,17.52,17.76,19.44,19.91,16.13,16.71,0,,,,,AAPL_YF_GITHUB;CBOE_VXAPL;CBOE_VIX;CBOE_VIX9D
2018-03-08,41.45016403,41.83754861,41.35332059,41.7950325,95096400,23.93,24.12,22.01,22.33,17.56,17.68,14.91,16.54,16.18,17.56,15.52,15.86,0,,,,,AAPL_YF_GITHUB;CBOE_VXAPL;CBOE_VIX;CBOE_VIX9D
2018-03-09,42.03596533,42.51783251,41.9013238,42.5131073,128740800,21.89,22.07,19.3,20.28,16.41,16.75,13.31,14.64,15.0,15.32,13.19,13.53,0,,,,,AAPL_YF_GITHUB;CBOE_VXAPL;CBOE_VIX;CBOE_VIX9D
2018-03-12,42.58632423,43.08236696,42.56743059,42.9241066,128828400,17.74,18.87,17.58,18.43,15.28,16.35,15.18,15.78,16.0,16.11,14.63,15.24,0,,,,,AAPL_YF_GITHUB;CBOE_VXAPL;CBOE_VIX;CBOE_VIX9D
2018-03-13,43.12961939,43.34457153,42.33831738,42.51074982,126774000,18.45,20.97,18.26,20.03,15.7,16.98,15.03,16.35,15.12,16.18,14.82,15.36,0,,,,,AAPL_YF_GITHUB;CBOE_VXAPL;CBOE_VIX;CBOE_VIX9D
2018-03-14,42.59342555,42.64066687,42.00053563,42.14934921,117473600,20.55,23.31,19.06,20.9,16.59,17.59,14.94,17.23,15.46,17.82,15.09,17.28,0,,,,,AAPL_YF_GITHUB;CBOE_VXAPL;CBOE_VIX;CBOE_VIX9D
2018-03-15,42.16352163,42.57452869,42.06195297,42.19895172,90975200,21.24,21.58,18.33,19.42,16.99,17.41,15.96,16.59,16.56,17.62,15.33,15.96,0,,,,,AAPL_YF_GITHUB;CBOE_VXAPL;CBOE_VIX;CBOE_VIX9D
2018-03-16,42.1989427,42.30996176,41.95564653,42.05013275,157618800,19.79,20.18,18.41,19.03,16.6,16.72,15.23,15.8,14.93,15.07,14.04,14.93,0,,,,,AAPL_YF_GITHUB;CBOE_VXAPL;CBOE_VIX;CBOE_VIX9D
2018-03-19,41.88479176,41.92022185,41.02026162,41.40764618,133787200,19.83,30.21,19.6,22.59,16.63,21.87,16.56,19.02,17.02,29.09,16.93,21.95,0,,,,,AAPL_YF_GITHUB;CBOE_VXAPL;CBOE_VIX;CBOE_VIX9D
2018-03-20,41.39346695,41.7619542,41.32260319,41.39346695,78597600,23.3,23.3,21.57,22.22,18.38,19.31,18.09,18.2,21.66,22.09,19.36,19.7,0,,,,,AAPL_YF_GITHUB;CBOE_VXAPL;CBOE_VIX;CBOE_VIX9D
2018-03-21,41.34622099,41.35803222,40.45334696,40.45571136,148219600,23.12,24.81,22.64,24.34,17.76,18.37,16.26,17.86,19.88,20.88,15.05,18.52,0,,,,,AAPL_YF_GITHUB;CBOE_VXAPL;CBOE_VIX;CBOE_VIX9D
2018-03-22,40.15572685,40.78876834,39.82503407,39.88408661,165963200,25.51,28.1,24.18,27.68,18.13,23.81,18.12,23.34,22.57,27.11,20.39,26.31,0,,,,,AAPL_YF_GITHUB;CBOE_VXAPL;CBOE_VIX;CBOE_VIX9D
2018-03-23,39.77543471,40.13683602,38.96051025,38.96051025,164115200,27.95,32.8,26.99,31.56,24.02,26.01,21.63,24.87,25.15,30.67,22.82,28.22,0,,,,,AAPL_YF_GITHUB;CBOE_VXAPL;CBOE_VIX;CBOE_VIX9D
2018-03-26,39.69984853,40.8879855,39.31482476,40.81003571,150164800,31.32,31.55,27.33,27.43,23.41,24.54,20.71,21.03,25.4,28.0,22.06,22.28,0,,,,,AAPL_YF_GITHUB;CBOE_VXAPL;CBOE_VIX;CBOE_VIX9D
2018-03-27,41.02499563,41.372225,39.4282156,39.76363373,163690400,27.78,32.65,25.56,31.61,20.33,24.06,19.84,22.5,21.77,25.72,19.83,22.95,0,,,,,AAPL_YF_GITHUB;CBOE_VXAPL;CBOE_VIX;CBOE_VIX9D
2018-03-28,39.50615501,40.16045826,39.01956259,39.32427216,166674000,32.72,36.02,31.93,33.07,22.52,24.94,21.71,22.87,23.21,28.19,22.74,24.94,0,,,,,AAPL_YF_GITHUB;CBOE_VXAPL;CBOE_VIX;CBOE_VIX9D
2018-03-29,39.63843367,40.56910245,39.42348152,39.63134766,153594000,32.58,33.69,28.58,30.36,22.87,23.05,19.6,19.97,23.08,23.64,20.2,20.57,0,,,,,AAPL_YF_GITHUB;CBOE_VXAPL;CBOE_VIX;CBOE_VIX9D
2018-04-02,39.36207036,39.90535458,38.84949462,39.37151718,150347200,33.21,41.61,31.86,34.48,21.07,25.72,20.44,23.62,24.09,31.14,23.02,27.31,0,,,,,AAPL_YF_GITHUB;CBOE_VXAPL;CBOE_VIX;CBOE_VIX9D
2018-04-03,39.59827115,39.86046457,38.94633241,39.77542877,121112000,34.31,43.83,27.15,32.15,23.03,23.38,20.92,21.1,26.04,26.99,23.4,23.48,0,,,,,AAPL_YF_GITHUB;CBOE_VXAPL;CBOE_VIX;CBOE_VIX9D
2018-04-04,38.94633995,40.63051627,38.92035668,40.53603363,138422000,35.3,40.46,29.43,29.66,21.68,24.51,19.86,20.06,28.38,28.38,21.56,21.95,0,,,,,AAPL_YF_GITHUB;CBOE_VXAPL;CBOE_VIX;CBOE_VIX9D
2018-04-05,40.76514926,41.15489458,40.64704418,40.81711578,107732800,29.34,29.49,28.13,28.32,19.76,20.21,18.57,18.94,21.74,22.21,19.36,19.93,0,,,,,AAPL_YF_GITHUB;CBOE_VXAPL;CBOE_VIX;CBOE_VIX9D
2018-04-06,40.38485479,40.74153087,39.73055158,39.77307129,140021200,31.58,32.36,28.77,31.98,20.33,23.12,18.6,21.49,22.05,26.87,20.19,23.06,0,,,,,AAPL_YF_GITHUB;CBOE_VXAPL;CBOE_VIX;CBOE_VIX9D
2018-04-09,40.12739764,40.88563051,40.12031162,40.16755295,116070800,33.19,33.19,30.22,31.7,21.27,22.02,20.34,21.77,23.03,24.12,21.6,23.83,0,,,,,AAPL_YF_GITHUB;CBOE_VXAPL;CBOE_VIX;CBOE_VIX9D
2018-04-10,40.86437883,41.10058911,40.51714942,40.9234314,113634400,30.89,31.24,28.98,29.41,20.51,21.68,20.24,20.47,22.39,23.57,20.68,20.92,0,,,,,AAPL_YF_GITHUB;CBOE_VXAPL;CBOE_VIX;CBOE_VIX9D
2018-04-11,40.68248808,41.08168395,40.55729694,40.73209381,89726400,30.3,30.38,29.14,29.94,20.95,21.66,19.64,20.24,20.37,20.93,19.09,20.37,0,,,,,AAPL_YF_GITHUB;CBOE_VXAPL;CBOE_VIX;CBOE_VIX9D
2018-04-12,40.96120027,41.33677352,40.87380007,41.13363266,91557200,29.85,29.85,27.81,27.81,19.83,19.92,18.16,18.49,18.75,19.71,17.51,17.82,0,,,,,AAPL_YF_GITHUB;CBOE_VXAPL;CBOE_VIX;CBOE_VIX9D
2018-04-13,41.28480622,41.53518838,41.06513253,41.272995,100497200,28.4,31.69,27.12,27.54,18.27,18.45,17.26,17.41,17.06,18.39,16.24,16.36,0,,,,,AAPL_YF_GITHUB;CBOE_VXAPL;CBOE_VIX;CBOE_VIX9D
2018-04-16,41.34386756,41.61787223,41.29662624,41.53047562,86313600,28.99,28.99,26.99,27.43,17.59,17.66,16.38,16.56,17.31,17.55,16.28,16.57,0,,,,,AAPL_YF_GITHUB;CBOE_VXAPL;CBOE_VIX;CBOE_VIX9D
2018-04-17,41.68874392,42.26745825,41.66984667,42.10211182,106421600,28.06,28.35,26.11,27.1,16.16,16.27,14.57,15.25,16.14,16.17,14.46,15.35,0,,,,,AAPL_YF_GITHUB;CBOE_VXAPL;CBOE_VIX;CBOE_VIX9D
2018-04-18,42.00052812,42.23910269,41.7808544,42.00761414,83018000,27.56,27.58,26.21,27.33,15.3,16.9,14.95,15.6,16.4,16.81,14.45,14.64,0,,,,,AAPL_YF_GITHUB;CBOE_VXAPL;CBOE_VIX;CBOE_VIX9D
2018-04-19,41.04387552,41.42889922,40.78404651,40.81711578,139235200,29.24,31.04,28.66,30.51,15.55,16.92,15.16,15.96,15.3,17.28,14.81,15.5,0,,,,,AAPL_YF_GITHUB;CBOE_VXAPL;CBOE_VIX;CBOE_VIX9D
2018-04-20,40.2974633,40.44391247,39.07625334,39.14475632,261964400,31.55,38.82,31.55,34.01,16.16,17.5,15.19,16.88,14.84,18.02,14.63,16.23,0,,,,,AAPL_YF_GITHUB;CBOE_VXAPL;CBOE_VIX;CBOE_VIX9D
2018-04-23,39.4069531,39.42821116,38.75973577,39.0313797,146062000,33.63,35.16,31.58,31.6,17.29,17.56,15.79,16.34,17.24,17.8,15.69,16.44,0,,,,,AAPL_YF_GITHUB;CBOE_VXAPL;CBOE_VIX;CBOE_VIX9D
2018-04-24,39.13295111,39.28885074,38.08181623,38.48809814,134768000,31.59,37.1,30.69,32.58,16.16,19.66,15.37,18.02,15.78,21.5,15.47,19.17,0,,,,,AAPL_YF_GITHUB;CBOE_VXAPL;CBOE_VIX;CBOE_VIX9D
2018-04-25,38.41250743,39.07389681,38.36290529,38.65580368,113528400,32.81,32.89,29.79,31.87,18.14,19.84,17.75,17.84,19.91,22.06,18.63,18.71,0,,,,,AAPL_YF_GITHUB;CBOE_VXAPL;CBOE_VIX;CBOE_VIX9D
2018-04-26,38.76680571,39.14710416,38.58964811,38.79042816,111852000,31.61,31.66,30.35,30.52,18.07,18.12,16.24,16.24,18.49,18.58,15.98,16.01,0,,,,,AAPL_YF_GITHUB;CBOE_VXAPL;CBOE_VIX;CBOE_VIX9D
2018-04-27,38.73846801,38.8164178,37.94244089,38.34163666,142623200,30.86,33.33,29.75,30.7,16.22,16.77,15.25,15.41,15.88,16.84,14.36,14.44,0,,,,,AAPL_YF_GITHUB;CBOE_VXAPL;CBOE_VIX;CBOE_VIX9D
2018-04-30,38.29676296,39.50851891,38.22825998,39.03609848,169709600,31.52,34.15,29.3,30.07,15.39,16.35,15.13,15.93,15.73,17.13,14.93,16.45,0,,,,,AAPL_YF_GITHUB;CBOE_VXAPL;CBOE_VIX;CBOE_VIX9D
2018-05-01,39.30773975,39.96676461,39.03846026,39.94314575,214277600,30.0,30.45,27.95,28.98,15.78,16.82,15.42,15.49,16.98,17.8,15.57,15.7,1,2018-03-31,0.67,0.68,0.01492537,AAPL_YF_GITHUB;CBOE_VXAPL;CBOE_VIX;CBOE_VIX9D;ALPHAQUERY_ZACKS_EARNINGS
2018-05-02,41.39111337,41.9863641,41.05333451,41.70763779,266157600,22.94,22.94,20.84,21.1,15.48,15.97,14.75,15.97,15.93,16.53,14.7,16.53,0,,,,,AAPL_YF_GITHUB;CBOE_VXAPL;CBOE_VIX;CBOE_VIX9D
2018-05-03,41.54465119,41.92731056,41.20450793,41.7832222,136272800,21.5,24.21,21.23,21.94,15.78,18.66,15.43,15.9,16.69,21.19,15.73,15.75,0,,,,,AAPL_YF_GITHUB;CBOE_VXAPL;CBOE_VIX;CBOE_VIX9D
2018-05-04,42.10445899,43.52171988,42.08556175,43.42251205,224805200,21.83,22.75,20.98,21.35,15.94,16.92,10.91,14.77,17.27,17.54,13.78,13.86,0,,,,,AAPL_YF_GITHUB;CBOE_VXAPL;CBOE_VIX;CBOE_VIX9D
2018-05-07,43.74140069,44.32956535,43.63983204,43.73667908,169805600,21.61,23.24,21.35,22.38,15.32,15.52,14.51,14.75,15.68,15.68,14.09,14.22,0,,,,,AAPL_YF_GITHUB;CBOE_VXAPL;CBOE_VIX;CBOE_VIX9D
2018-05-08,43.69652861,43.98706616,43.3847294,43.94691086,113611200,22.64,22.64,21.74,21.81,14.53,15.56,14.52,14.71,14.72,15.35,13.94,13.98,0,,,,,AAPL_YF_GITHUB;CBOE_VXAPL;CBOE_VIX;CBOE_VIX9D
2018-05-09,44.06501795,44.26579448,43.75085792,44.25634766,92844800,21.84,21.9,21.44,21.68,14.54,14.63,13.38,13.42,13.95,14.15,12.0,12.13,0,,,,,AAPL_YF_GITHUB;CBOE_VXAPL;CBOE_VIX;CBOE_VIX9D
2018-05-10,44.3460971,44.96732738,44.32483545,44.88937759,111957200,21.87,22.6,21.27,21.98,13.36,13.63,12.92,13.23,12.36,12.56,11.93,12.43,0,,,,,AAPL_YF_GITHUB;CBOE_VXAPL;CBOE_VIX;CBOE_VIX9D
2018-05-11,44.93207723,45.06723437,44.44834818,44.71866608,104848800,21.41,21.81,20.26,20.4,13.22,13.44,12.65,12.65,12.64,12.65,11.24,11.24,0,,,,,AAPL_YF_GITHUB;CBOE_VXAPL;CBOE_VIX;CBOE_VIX9D
2018-05-14,44.8182469,44.94155086,44.54555915,44.61432266,83115200,20.67,21.14,19.83,20.01,12.95,13.28,12.81,12.93,12.61,12.86,11.92,11.92,0,,,,,AAPL_YF_GITHUB;CBOE_VXAPL;CBOE_VIX;CBOE_VIX9D
2018-05-15,44.28946733,44.35823446,43.89110572,44.20884705,94780800,20.66,23.16,19.74,20.31,13.13,15.01,12.5,14.63,13.28,14.92,13.28,14.29,0,,,,,AAPL_YF_GITHUB;CBOE_VXAPL;CBOE_VIX;CBOE_VIX9D
2018-05-16,44.12111136,44.68783047,44.10451115,44.62143326,76732400,20.51,20.6,19.59,19.59,14.38,14.91,13.21,13.42,13.69,13.78,12.34,12.36,0,,,,,AAPL_YF_GITHUB;CBOE_VXAPL;CBOE_VIX;CBOE_VIX9D
2018-05-17,44.5787587,44.79453973,44.18988031,44.33926773,69176000,19.9,20.0,19.27,19.6,13.54,13.86,12.65,13.43,12.5,12.82,11.51,12.02,0,,,,,AAPL_YF_GITHUB;CBOE_VXAPL;CBOE_VIX;CBOE_VIX9D
2018-05-18,44.38669582,44.53370973,44.13534805,44.17802811,73190800,19.51,19.66,18.73,19.03,13.18,13.87,13.06,13.42,12.49,12.54,11.31,11.48,0,,,,,AAPL_YF_GITHUB;CBOE_VXAPL;CBOE_VIX;CBOE_VIX9D
2018-05-21,44.57874618,44.87989085,44.32028517,44.49101257,73603200,18.82,20.21,18.2,18.63,13.44,13.59,12.78,13.08,11.68,12.3,11.37,11.37,0,,,,,AAPL_YF_GITHUB;CBOE_VXAPL;CBOE_VIX;CBOE_VIX9D
2018-05-22,44.66885793,44.78741844,44.28946286,44.37957001,60962800,18.64,20.66,18.04,18.31,13.03,13.42,12.77,13.22,11.26,11.31,10.62,10.92,0,,,,,AAPL_YF_GITHUB;CBOE_VXAPL;CBOE_VIX;CBOE_VIX9D
2018-05-23,44.18750395,44.6973127,44.0475998,44.66411591,80233600,18.55,18.91,17.28,17.71,13.5,14.6,12.49,12.58,12.48,12.6,9.98,10.06,0,,,,,AAPL_YF_GITHUB;CBOE_VXAPL;CBOE_VIX;CBOE_VIX9D
2018-05-24,44.76134017,44.77793676,44.15431088,44.61432266,92936000,17.8,21.05,17.8,18.33,12.73,14.24,12.53,12.53,10.85,12.74,10.29,10.33,0,,,,,AAPL_YF_GITHUB;CBOE_VXAPL;CBOE_VIX;CBOE_VIX9D
2018-05-25,44.63328809,44.9699995,44.49575746,44.71628189,69844000,18.7,19.6,17.67,17.7,12.44,13.52,12.29,13.22,11.44,11.83,10.81,11.46,0,,,,,AAPL_YF_GITHUB;CBOE_VXAPL;CBOE_VIX;CBOE_VIX9D
2018-05-29,44.48391647,44.75660426,44.31081547,44.5550499,90056400,19.19,20.09,18.73,19.55,14.39,18.78,14.39,17.02,15.83,19.76,14.19,17.24,0,,,,,AAPL_YF_GITHUB;CBOE_VXAPL;CBOE_VIX;CBOE_VIX9D
2018-05-30,44.51236437,44.57875798,44.28947,44.46019745,74762000,19.69,22.75,19.32,19.41,16.6,16.64,14.65,14.94,16.01,16.04,13.1,13.26,0,,,,,AAPL_YF_GITHUB;CBOE_VXAPL;CBOE_VIX;CBOE_VIX9D
2018-05-31,44.3937848,44.63327565,44.13769373,44.31079102,109931200,19.59,23.29,18.84,19.63,14.93,16.29,14.2,15.43,14.09,15.26,13.15,14.12,0,,,,,AAPL_YF_GITHUB;CBOE_VXAPL;CBOE_VIX;CBOE_VIX9D
2018-06-01,44.5763867,45.11464887,44.51947635,45.10990906,93770000,19.47,19.57,18.53,18.57,14.92,14.93,13.37,13.46,12.59,12.61,11.32,11.44,0,,,,,AAPL_YF_GITHUB;CBOE_VXAPL;CBOE_VIX;CBOE_VIX9D
2018-06-04,45.44187346,45.8639486,45.37310995,45.48692703,105064800,20.8,20.8,18.85,18.9,13.91,13.91,12.69,12.74,13.03,13.06,11.92,12.02,0,,,,,AAPL_YF_GITHUB;CBOE_VXAPL;CBOE_VIX;CBOE_VIX9D
2018-06-05,45.780961,45.98725515,45.61260347,45.83786774,86264000,19.4,19.4,18.63,18.64,12.91,13.34,12.3,12.4,12.02,12.73,11.5,11.68,0,,,,,AAPL_YF_GITHUB;CBOE_VXAPL;CBOE_VIX;CBOE_VIX9D
2018-06-06,45.91374443,46.02044817,45.5082659,45.99673462,83734400,18.58,18.68,18.12,18.12,12.1,12.56,11.62,11.64,11.69,11.95,11.01,11.03,0,,,,,AAPL_YF_GITHUB;CBOE_VXAPL;CBOE_VIX;CBOE_VIX9D
2018-06-07,46.03468037,46.04890705,45.60786175,45.87343979,85388800,18.67,18.97,18.4,18.63,11.66,13.28,11.22,12.13,11.42,13.35,11.37,11.9,0,,,,,AAPL_YF_GITHUB;CBOE_VXAPL;CBOE_VIX;CBOE_VIX9D
2018-06-08,45.330419,45.52722985,44.99845106,45.45609283,106627200,19.54,20.31,18.72,19.11,12.54,13.31,12.09,12.18,12.95,13.17,11.43,11.56,0,,,,,AAPL_YF_GITHUB;CBOE_VXAPL;CBOE_VIX;CBOE_VIX9D
2018-06-11,45.37311488,45.52012878,45.10279703,45.3446579,73234000,16.81,28.41,16.04,16.68,12.52,12.69,12.14,12.35,12.8,12.82,12.17,12.53,0,,,,,AAPL_YF_GITHUB;CBOE_VXAPL;CBOE_VIX;CBOE_VIX9D
2018-06-12,45.38258658,45.67187448,45.32567624,45.59362411,67644400,17.39,34.5,16.23,16.25,12.29,12.6,11.88,12.34,12.36,12.54,11.52,12.03,0,,,,,AAPL_YF_GITHUB;CBOE_VXAPL;CBOE_VIX;CBOE_VIX9D
2018-06-13,45.62683503,45.73591232,45.15733634,45.21898651,86553600,16.73,35.19,16.24,16.91,12.13,12.95,11.98,12.94,11.58,12.69,11.43,12.66,0,,,,,AAPL_YF_GITHUB;CBOE_VXAPL;CBOE_VIX;CBOE_VIX9D
2018-06-14,45.42053563,45.42527907,45.10516422,45.24269485,86440400,17.27,20.41,16.87,16.99,12.98,13.07,11.88,12.12,12.95,13.17,11.43,11.56,0,,,,,AAPL_YF_GITHUB;CBOE_VXAPL;CBOE_VIX;CBOE_VIX9D
2018-06-15,45.06011348,45.09094037,44.6404082,44.77793884,246876800,17.76,18.48,16.59,18.09,12.19,13.16,11.93,11.98,11.82,12.49,10.82,10.84,0,,,,,AAPL_YF_GITHUB;CBOE_VXAPL;CBOE_VIX;CBOE_VIX9D
2018-06-18,44.55030244,44.86804377,44.38905825,44.75422668,73939600,19.53,24.73,17.5,18.45,12.79,13.74,12.28,12.31,13.72,14.07,11.64,11.69,0,,,,,AAPL_YF_GITHUB;CBOE_VXAPL;CBOE_VIX;CBOE_VIX9D
2018-06-19,43.90058476,44.18275935,43.49984967,44.03100204,134314000,20.13,29.26,18.46,20.29,14.61,14.68,13.21,13.35,15.02,15.05,12.85,12.97,0,,,,,AAPL_YF_GITHUB;CBOE_VXAPL;CBOE_VIX;CBOE_VIX9D
2018-06-20,44.18751297,44.38906371,44.04049544,44.22307968,82514800,20.04,22.05,18.41,20.11,12.9,13.02,12.25,12.79,11.82,12.48,11.59,12.16,0,,,,,AAPL_YF_GITHUB;CBOE_VXAPL;CBOE_VIX;CBOE_VIX9D
2018-06-21,44.40092373,44.66175838,43.8531746,43.97647858,102847600,20.12,22.37,20.09,21.57,12.54,15.18,12.18,14.64,12.71,15.48,12.67,14.56,0,,,,,AAPL_YF_GITHUB;CBOE_VXAPL;CBOE_VIX;CBOE_VIX9D
2018-06-22,44.13296753,44.14008088,43.79625609,43.848423,108801600,21.47,21.89,18.85,20.84,14.6,14.6,13.11,13.77,12.36,13.05,11.96,12.16,0,,,,,AAPL_YF_GITHUB;CBOE_VXAPL;CBOE_VIX;CBOE_VIX9D
2018-06-25,43.48800035,43.84842537,42.85488757,43.19634247,126652400,22.95,25.93,21.78,24.34,15.07,19.61,14.56,17.33,14.49,20.72,14.34,17.68,0,,,,,AAPL_YF_GITHUB;CBOE_VXAPL;CBOE_VIX;CBOE_VIX9D
2018-06-26,43.3907761,44.23018291,43.28406875,43.73222733,98276800,24.42,27.13,23.21,23.5,16.71,17.54,15.1,15.92,16.61,17.17,14.0,15.16,0,,,,,AAPL_YF_GITHUB;CBOE_VXAPL;CBOE_VIX;CBOE_VIX9D
2018-06-27,43.92193437,44.40803328,43.63738981,43.66821671,101141200,23.38,34.41,22.8,25.48,16.52,18.19,14.76,17.91,14.63,18.5,13.3,17.91,0,,,,,AAPL_YF_GITHUB;CBOE_VXAPL;CBOE_VIX;CBOE_VIX9D
2018-06-28,43.65399005,44.15431565,43.58285301,43.9859581,69460800,25.78,25.84,24.0,24.31,17.54,18.99,16.4,16.85,18.29,19.02,15.29,15.83,0,,,,,AAPL_YF_GITHUB;CBOE_VXAPL;CBOE_VIX;CBOE_VIX9D
2018-06-29,44.17326798,44.38667905,43.37180149,43.89346695,90950800,23.99,32.04,23.53,24.13,15.73,16.51,14.66,16.09,14.74,15.17,12.98,14.93,0,,,,,AAPL_YF_GITHUB;CBOE_VXAPL;CBOE_VIX;CBOE_VIX9D
2018-07-02,43.58758851,44.41276866,43.49273793,44.38431168,70925200,25.95,26.06,22.55,24.49,17.7,18.08,15.54,15.6,17.99,18.25,14.36,14.42,0,,,,,AAPL_YF_GITHUB;CBOE_VXAPL;CBOE_VIX;CBOE_VIX9D
2018-07-03,44.52895869,44.56689893,43.52119427,43.61130142,55819200,24.21,29.41,24.18,26.39,15.37,16.45,14.68,16.14,14.16,15.48,13.53,15.17,0,,,,,AAPL_YF_GITHUB;CBOE_VXAPL;CBOE_VIX;CBOE_VIX9D
2018-07-05,43.92904532,44.20173671,43.6966677,43.96224213,66416800,26.53,27.04,25.64,25.75,15.62,16.22,14.47,14.97,14.27,15.63,14.08,14.14,0,,,,,AAPL_YF_GITHUB;CBOE_VXAPL;CBOE_VIX;CBOE_VIX9D
2018-07-06,43.96698067,44.68071366,43.91481375,44.57164001,69940800,25.9,25.9,24.54,25.0,14.99,15.45,13.34,13.37,14.0,14.16,11.42,11.49,0,,,,,AAPL_YF_GITHUB;CBOE_VXAPL;CBOE_VIX;CBOE_VIX9D
2018-07-09,44.9344415,45.21424262,44.88701801,45.19053268,79026400,25.2,25.21,24.37,24.63,13.42,13.45,12.6,12.69,11.98,12.02,10.79,10.79,0,,,,,AAPL_YF_GITHUB;CBOE_VXAPL;CBOE_VIX;CBOE_VIX9D
2018-07-10,45.22134239,45.35649947,45.09566495,45.1359787,63756400,24.67,24.73,23.68,23.97,12.52,13.21,11.93,12.64,10.56,11.5,10.36,10.66,0,,,,,AAPL_YF_GITHUB;CBOE_VXAPL;CBOE_VIX;CBOE_VIX9D
2018-07-11,44.69732213,45.00083682,44.48628452,44.55030823,75326000,24.85,27.4,24.42,25.01,14.05,14.15,13.09,13.63,12.54,12.6,11.42,11.8,0,,,,,AAPL_YF_GITHUB;CBOE_VXAPL;CBOE_VIX;CBOE_VIX9D
2018-07-12,44.94154822,45.38733692,44.88938131,45.29722977,72164400,24.47,24.47,23.76,24.38,13.07,13.33,12.42,12.58,11.31,11.72,10.33,10.6,0,,,,,AAPL_YF_GITHUB;CBOE_VXAPL;CBOE_VIX;CBOE_VIX9D
2018-07-13,45.30908218,45.48929284,45.26639851,45.36836243,50055600,24.46,24.51,23.77,23.82,12.39,12.97,11.62,12.18,10.8,11.01,9.94,10.07,0,,,,,AAPL_YF_GITHUB;CBOE_VXAPL;CBOE_VIX;CBOE_VIX9D
2018-07-16,45.41342374,45.68136806,45.15258914,45.26877975,60172400,25.19,25.2,24.31,24.98,12.46,12.97,12.13,12.83,11.48,11.8,11.18,11.5,0,,,,,AAPL_YF_GITHUB;CBOE_VXAPL;CBOE_VIX;CBOE_VIX9D
2018-07-17,44.99371126,45.49640664,44.86329399,45.39681625,62138000,25.24,25.71,24.47,24.48,12.91,13.18,11.85,12.06,12.18,12.18,10.32,10.56,0,,,,,AAPL_YF_GITHUB;CBOE_VXAPL;CBOE_VIX;CBOE_VIX9D
2018-07-18,45.47507058,45.47981402,45.03639523,45.14784241,65573600,24.66,25.5,24.66,25.03,11.87,12.47,11.44,12.1,10.8,10.89,9.76,10.03,0,,,,,AAPL_YF_GITHUB;CBOE_VXAPL;CBOE_VIX;CBOE_VIX9D
2018-07-19,44.97949503,45.65766142,44.97949503,45.49879074,81147200,25.26,25.82,24.83,25.64,12.2,13.09,11.79,12.87,10.88,11.38,10.44,11.15,0,,,,,AAPL_YF_GITHUB;CBOE_VXAPL;CBOE_VIX;CBOE_VIX9D
2018-07-20,45.47507142,45.62919865,45.09330642,45.39445114,82704800,25.6,26.07,23.81,24.73,13.0,13.58,12.49,12.86,11.84,11.96,10.78,11.01,0,,,,,AAPL_YF_GITHUB;CBOE_VXAPL;CBOE_VIX;CBOE_VIX9D
2018-07-23,45.21423281,45.51775103,44.94865843,45.43475723,63957600,25.03,25.43,23.53,23.81,13.47,13.55,12.58,12.62,12.2,12.62,11.3,11.34,0,,,,,AAPL_YF_GITHUB;CBOE_VXAPL;CBOE_VIX;CBOE_VIX9D
2018-07-24,45.63394123,45.92085927,45.53909427,45.76435852,74791600,23.52,23.66,23.05,23.45,12.61,13.21,11.66,12.41,10.79,12.25,10.58,11.15,0,,,,,AAPL_YF_GITHUB;CBOE_VXAPL;CBOE_VIX;CBOE_VIX9D
2018-07-25,45.77857994,46.20302856,45.62919256,46.19591522,66839600,23.35,23.59,22.2,22.56,12.37,12.82,11.8,12.29,11.5,11.52,10.36,11.27,0,,,,,AAPL_YF_GITHUB;CBOE_VXAPL;CBOE_VIX;CBOE_VIX9D
2018-07-26,46.14613177,46.46624666,45.9090107,46.05128479,76304000,23.1,24.25,22.82,24.23,12.45,12.53,11.78,12.14,11.29,11.56,11.01,11.07,0,,,,,AAPL_YF_GITHUB;CBOE_VXAPL;CBOE_VIX;CBOE_VIX9D
2018-07-27,46.23623134,46.28365482,45.07670964,45.28537369,96096000,24.06,26.71,23.76,26.21,12.17,14.26,11.6,13.03,11.33,13.92,11.14,11.59,0,,,,,AAPL_YF_GITHUB;CBOE_VXAPL;CBOE_VIX;CBOE_VIX9D
2018-07-30,45.50353059,45.57466763,44.83248116,45.03166199,84118000,26.26,30.55,26.24,27.93,13.63,14.46,12.98,14.26,12.63,14.1,12.47,13.57,0,,,,,AAPL_YF_GITHUB;CBOE_VXAPL;CBOE_VIX;CBOE_VIX9D
2018-07-31,45.12413103,45.56043284,44.89649326,45.12175751,157492000,27.94,32.19,27.43,29.64,13.98,14.12,12.81,12.83,12.67,12.96,11.63,11.64,1,2018-06-30,0.54,0.58,0.07407407,AAPL_YF_GITHUB;CBOE_VXAPL;CBOE_VIX;CBOE_VIX9D;ALPHAQUERY_ZACKS_EARNINGS
2018-08-01,47.21791623,47.84154214,46.78635418,47.77989197,271742800,21.49,21.49,18.95,20.25,13.09,13.63,12.45,13.15,11.67,13.26,11.11,12.29,0,,,,,AAPL_YF_GITHUB;CBOE_VXAPL;CBOE_VIX;CBOE_VIX9D
2018-08-02,47.56173165,49.41127621,47.50719483,49.17652512,249616000,20.68,23.82,20.14,20.33,13.57,14.53,12.17,12.19,13.94,13.94,10.38,10.51,0,,,,,AAPL_YF_GITHUB;CBOE_VXAPL;CBOE_VIX;CBOE_VIX9D
2018-08-03,49.0911717,49.4966503,48.72363335,49.31880951,133789600,20.45,21.04,19.71,19.89,12.43,12.46,11.07,11.64,10.76,10.76,9.52,9.58,0,,,,,AAPL_YF_GITHUB;CBOE_VXAPL;CBOE_VIX;CBOE_VIX9D
2018-08-06,49.32117652,49.61757782,49.10065568,49.57489777,101701600,20.48,20.66,18.98,18.98,11.91,12.15,11.17,11.27,10.81,10.93,9.5,9.74,0,,,,,AAPL_YF_GITHUB;CBOE_VXAPL;CBOE_VIX;CBOE_VIX9D
2018-08-07,49.63417317,49.67685321,49.02714032,49.11013412,102349600,19.0,19.87,19.0,19.32,11.12,11.24,10.52,10.93,9.53,9.74,9.11,9.13,0,,,,,AAPL_YF_GITHUB;CBOE_VXAPL;CBOE_VIX;CBOE_VIX9D
2018-08-08,48.85879651,49.27612828,48.49600157,49.14334106,90102000,18.68,22.08,18.68,19.0,10.93,11.18,10.52,10.85,9.35,9.67,8.56,8.86,0,,,,,AAPL_YF_GITHUB;CBOE_VXAPL;CBOE_VIX;CBOE_VIX9D
2018-08-09,49.68397725,49.74325752,49.13148473,49.52985001,93970400,19.0,20.17,19.0,19.12,10.94,11.31,10.17,11.27,9.19,9.52,8.63,9.46,0,,,,,AAPL_YF_GITHUB;CBOE_VXAPL;CBOE_VIX;CBOE_VIX9D
2018-08-10,49.34186507,49.75590402,49.17767715,49.38231659,98444800,19.65,21.48,19.27,19.52,11.82,13.82,11.59,13.16,11.85,13.97,11.42,13.09,0,,,,,AAPL_YF_GITHUB;CBOE_VXAPL;CBOE_VIX;CBOE_VIX9D
2018-08-13,49.80587545,50.19611771,49.42277149,49.70117569,103563600,19.47,23.49,18.35,19.52,14.5,15.02,12.95,14.78,14.05,15.97,12.8,15.34,0,,,,,AAPL_YF_GITHUB;CBOE_VXAPL;CBOE_VIX;CBOE_VIX9D
2018-08-14,50.0081297,50.1033093,49.55601748,49.91056824,82992000,19.13,20.27,17.89,18.44,13.93,14.22,13.11,13.31,13.7,14.16,12.27,12.62,0,,,,,AAPL_YF_GITHUB;CBOE_VXAPL;CBOE_VIX;CBOE_VIX9D
2018-08-15,49.78444795,50.14613696,49.57267026,50.02716064,115230400,19.14,27.51,18.74,20.72,13.52,16.86,13.44,14.64,14.84,18.17,14.39,15.01,0,,,,,AAPL_YF_GITHUB;CBOE_VXAPL;CBOE_VIX;CBOE_VIX9D
2018-08-16,50.38646818,50.87665,50.31984173,50.76005554,114001600,19.97,20.92,19.68,20.52,14.18,14.36,12.82,13.45,12.97,13.37,11.85,12.92,0,,,,,AAPL_YF_GITHUB;CBOE_VXAPL;CBOE_VIX;CBOE_VIX9D
2018-08-17,50.78860754,51.86177254,50.72198109,51.77373123,141708000,20.71,22.75,20.48,21.05,13.18,13.96,12.4,12.64,13.21,13.79,11.5,11.57,0,,,,,AAPL_YF_GITHUB;CBOE_VXAPL;CBOE_VIX;CBOE_VIX9D
2018-08-20,51.89747047,52.15445612,51.18599079,51.26927567,121150800,21.46,21.98,20.42,20.51,12.57,12.79,12.26,12.49,12.11,12.32,11.33,11.42,0,,,,,AAPL_YF_GITHUB;CBOE_VXAPL;CBOE_VIX;CBOE_VIX9D
2018-08-21,51.58814108,51.68094247,50.92901114,51.16934204,104639200,20.34,21.65,20.11,20.33,12.47,12.89,12.09,12.86,11.14,11.58,10.75,11.55,0,,,,,AAPL_YF_GITHUB;CBOE_VXAPL;CBOE_VIX;CBOE_VIX9D
2018-08-22,50.9456681,51.48343983,50.88379808,51.17172241,76072400,20.64,20.85,19.32,19.32,13.09,13.29,11.97,12.25,12.03,12.11,10.33,10.77,0,,,,,AAPL_YF_GITHUB;CBOE_VXAPL;CBOE_VIX;CBOE_VIX9D
2018-08-23,51.0765414,51.64763001,51.06464667,51.27642441,75532800,19.48,20.15,19.48,20.0,12.03,12.68,11.65,12.41,10.96,11.64,10.05,10.8,0,,,,,AAPL_YF_GITHUB;CBOE_VXAPL;CBOE_VIX;CBOE_VIX9D
2018-08-24,51.54054417,51.61192705,51.18599342,51.43584442,73905600,19.88,19.97,18.71,18.75,12.13,12.17,11.83,11.99,10.32,10.58,9.87,10.17,0,,,,,AAPL_YF_GITHUB;CBOE_VXAPL;CBOE_VIX;CBOE_VIX9D
2018-08-27,51.67141707,52.04976455,51.47629779,51.8594017,82100400,19.45,19.9,19.2,19.52,12.37,12.48,12.02,12.16,11.27,11.28,10.15,10.23,0,,,,,AAPL_YF_GITHUB;CBOE_VXAPL;CBOE_VIX;CBOE_VIX9D
2018-08-28,52.11401033,52.4780776,52.09259546,52.27819824,91107200,19.49,20.87,19.49,20.46,12.01,12.5,11.87,12.5,10.21,10.51,9.87,10.2,0,,,,,AAPL_YF_GITHUB;CBOE_VXAPL;CBOE_VIX;CBOE_VIX9D
2018-08-29,52.38527881,53.18004349,52.20919616,53.0586853,109019200,20.52,21.24,20.41,20.83,12.34,12.55,12.09,12.25,9.93,10.11,9.73,9.77,0,,,,,AAPL_YF_GITHUB;CBOE_VXAPL;CBOE_VIX;CBOE_VIX9D
2018-08-30,53.12291911,54.31506035,52.92065794,53.54647446,195175200,20.98,24.62,20.59,23.85,12.25,13.95,12.24,13.53,10.32,11.91,10.13,11.49,0,,,,,AAPL_YF_GITHUB;CBOE_VXAPL;CBOE_VIX;CBOE_VIX9D
2018-08-31,53.8986555,54.46022392,53.77730095,54.16516495,173360400,24.03,34.88,23.84,25.5,13.54,14.03,12.82,12.86,11.61,12.51,10.68,11.01,0,,,,,AAPL_YF_GITHUB;CBOE_VXAPL;CBOE_VIX;CBOE_VIX9D
2018-09-04,54.35076936,54.5339903,53.92721391,54.338871,109560400,26.73,29.93,25.74,26.39,13.13,14.35,13.12,13.16,13.13,14.0,11.95,11.97,0,,,,,AAPL_YF_GITHUB;CBOE_VXAPL;CBOE_VIX;CBOE_VIX9D
2018-09-05,54.48877988,54.65058594,53.56314419,53.98431778,133332000,26.45,28.18,25.8,26.8,13.69,14.3,13.23,13.91,12.29,13.52,11.85,12.65,0,,,,,AAPL_YF_GITHUB;CBOE_VXAPL;CBOE_VIX;CBOE_VIX9D
2018-09-06,53.83203151,54.09854097,52.65892659,53.08724213,137160000,29.87,35.78,25.95,26.65,14.21,15.41,13.72,14.65,12.64,15.23,12.28,13.46,0,,,,,AAPL_YF_GITHUB;CBOE_VXAPL;CBOE_VIX;CBOE_VIX9D
2018-09-07,52.78980262,53.62739342,52.51853671,52.65892792,150479200,27.0,37.75,26.27,28.23,14.72,15.63,14.31,14.88,14.59,14.9,12.45,13.49,0,,,,,AAPL_YF_GITHUB;CBOE_VXAPL;CBOE_VIX;CBOE_VIX9D
2018-09-10,52.57564048,52.78980005,51.50961356,51.95220566,158066000,28.52,36.83,27.66,28.19,15.09,15.2,13.93,14.16,13.69,13.83,12.26,12.57,0,,,,,AAPL_YF_GITHUB;CBOE_VXAPL;CBOE_VIX;CBOE_VIX9D
2018-09-11,51.87605137,53.37277544,51.53102078,53.26569748,142996000,28.16,34.73,26.94,27.74,13.96,14.92,13.21,13.22,13.49,13.76,11.0,11.0,0,,,,,AAPL_YF_GITHUB;CBOE_VXAPL;CBOE_VIX;CBOE_VIX9D
2018-09-12,53.52507024,53.53934682,52.31151026,52.60419464,197114800,27.83,33.7,25.1,25.8,13.07,13.86,12.91,13.14,11.05,11.73,10.46,10.67,0,,,,,AAPL_YF_GITHUB;CBOE_VXAPL;CBOE_VIX;CBOE_VIX9D
2018-09-13,53.18718716,54.33649911,52.96113283,53.8748703,166825600,25.36,27.0,22.81,24.68,12.91,12.91,12.3,12.37,10.53,10.6,9.98,10.03,0,,,,,AAPL_YF_GITHUB;CBOE_VXAPL;CBOE_VIX;CBOE_VIX9D
2018-09-14,53.71780367,53.97717115,52.94921772,53.26331329,127997200,25.54,26.18,21.93,23.97,12.13,13.15,11.93,12.07,10.21,10.66,8.81,9.93,0,,,,,AAPL_YF_GITHUB;CBOE_VXAPL;CBOE_VIX;CBOE_VIX9D
2018-09-17,52.86117847,53.05154131,51.69997203,51.84512329,148780400,24.45,33.0,24.42,27.05,12.72,13.75,12.32,13.68,11.26,13.69,11.06,13.5,0,,,,,AAPL_YF_GITHUB;CBOE_VXAPL;CBOE_VIX;CBOE_VIX9D
2018-09-18,51.82370454,52.78979532,51.6642767,51.93078613,126286800,27.03,27.16,24.97,27.13,13.48,13.48,12.56,12.79,12.38,12.47,11.56,11.74,0,,,,,AAPL_YF_GITHUB;CBOE_VXAPL;CBOE_VIX;CBOE_VIX9D
2018-09-19,51.99266215,52.259168,51.23121428,51.96172714,108495200,27.19,28.72,24.88,25.98,12.61,12.77,11.66,11.75,11.44,11.94,10.97,11.45,0,,,,,AAPL_YF_GITHUB;CBOE_VXAPL;CBOE_VIX;CBOE_VIX9D
2018-09-20,52.40669544,52.89211727,52.14732428,52.35672379,106435200,25.62,25.73,24.26,24.64,11.82,11.96,11.31,11.8,10.78,11.24,10.63,11.04,0,,,,,AAPL_YF_GITHUB;CBOE_VXAPL;CBOE_VIX;CBOE_VIX9D
2018-09-21,52.5351853,52.67319827,51.70472925,51.7927742,384986800,24.68,33.1,23.46,23.46,11.76,12.03,11.1,11.68,11.27,11.27,10.05,10.63,0,,,,,AAPL_YF_GITHUB;CBOE_VXAPL;CBOE_VIX;CBOE_VIX9D
2018-09-24,51.59290215,52.649409,51.54769056,52.53757095,110773600,26.33,27.29,24.45,24.45,12.46,12.92,12.18,12.2,11.99,12.9,11.6,11.63,0,,,,,AAPL_YF_GITHUB;CBOE_VXAPL;CBOE_VIX;CBOE_VIX9D
2018-09-25,52.29009578,53.02061217,52.27819742,52.87070084,98217600,24.98,25.13,24.27,24.45,12.28,12.6,11.8,12.42,11.46,12.18,11.33,11.76,0,,,,,AAPL_YF_GITHUB;CBOE_VXAPL;CBOE_VIX;CBOE_VIX9D
2018-09-26,52.58754073,53.24191058,52.2924781,52.44952774,95938800,24.85,27.07,22.04,25.36,12.21,13.13,11.55,12.89,11.56,12.97,10.72,12.7,0,,,,,AAPL_YF_GITHUB;CBOE_VXAPL;CBOE_VIX;CBOE_VIX9D
2018-09-27,53.25856273,53.88199749,53.19193265,53.52744675,120724800,24.97,28.05,24.34,24.82,12.77,13.0,11.94,12.41,11.83,12.47,11.07,12.09,0,,,,,AAPL_YF_GITHUB;CBOE_VXAPL;CBOE_VIX;CBOE_VIX9D
2018-09-28,53.4893733,53.7392243,53.30615237,53.71543121,91717600,25.29,25.53,23.9,23.93,12.59,13.22,12.09,12.12,12.73,12.84,11.07,11.17,0,,,,,AAPL_YF_GITHUB;CBOE_VXAPL;CBOE_VIX;CBOE_VIX9D
2018-10-01,54.24131348,54.59110422,53.86059137,54.07712555,94403200,25.03,25.83,24.55,24.95,11.99,12.4,11.57,12.0,11.38,11.73,10.67,11.19,0,,,,,AAPL_YF_GITHUB;CBOE_VXAPL;CBOE_VIX;CBOE_VIX9D
2018-10-02,54.07473765,54.72910741,53.92720817,54.55778122,99152800,25.12,26.18,24.55,26.18,12.47,12.69,11.61,12.05,11.49,11.68,10.5,11.13,0,,,,,AAPL_YF_GITHUB;CBOE_VXAPL;CBOE_VIX;CBOE_VIX9D
2018-10-03,54.7410067,55.55480431,54.67675847,55.22167206,114619200,26.27,26.9,25.52,26.9,11.66,12.14,11.34,11.61,10.6,11.67,10.13,10.81,0,,,,,AAPL_YF_GITHUB;CBOE_VXAPL;CBOE_VIX;CBOE_VIX9D
2018-10-04,54.91471025,55.28829764,53.95100132,54.25082397,128168000,27.16,30.16,27.08,28.81,12.84,15.84,12.42,14.22,11.85,18.88,11.81,15.42,0,,,,,AAPL_YF_GITHUB;CBOE_VXAPL;CBOE_VIX;CBOE_VIX9D
2018-10-05,54.24368116,54.35075911,52.48758965,53.37039185,134322000,28.89,37.4,27.83,32.22,14.29,17.36,11.72,14.82,14.43,19.61,13.16,14.86,0,,,,,AAPL_YF_GITHUB;CBOE_VXAPL;CBOE_VIX;CBOE_VIX9D
2018-10-08,52.87546419,53.49176073,52.397177,53.24666977,118655600,32.18,35.72,29.06,30.88,16.05,18.38,15.69,15.69,17.17,18.9,14.92,14.92,0,,,,,AAPL_YF_GITHUB;CBOE_VXAPL;CBOE_VIX;CBOE_VIX9D
2018-10-09,53.21573172,54.07950102,52.88497767,53.98431778,107564000,31.11,35.83,29.47,30.16,16.12,17.49,15.27,15.95,15.97,16.96,13.66,14.4,0,,,,,AAPL_YF_GITHUB;CBOE_VXAPL;CBOE_VIX;CBOE_VIX9D
2018-10-10,53.6488072,53.86058492,51.40967184,51.48343658,167962400,30.95,43.78,27.0,37.62,16.03,22.96,15.83,22.96,15.64,26.1,15.63,25.98,0,,,,,AAPL_YF_GITHUB;CBOE_VXAPL;CBOE_VIX;CBOE_VIX9D
2018-10-11,51.0455929,52.23059584,50.52209791,51.02893448,212497600,42.96,57.96,28.06,40.39,23.07,28.84,20.65,24.98,23.85,35.6,23.07,29.58,0,,,,,AAPL_YF_GITHUB;CBOE_VXAPL;CBOE_VIX;CBOE_VIX9D
2018-10-12,52.44952492,53.03489006,51.59765396,52.8516655,161351600,36.07,37.76,33.42,33.56,21.63,26.8,20.88,21.31,25.02,32.89,21.84,22.84,0,,,,,AAPL_YF_GITHUB;CBOE_VXAPL;CBOE_VIX;CBOE_VIX9D
2018-10-15,52.62561448,52.78504233,51.69997872,51.72139359,123164000,37.7,43.23,24.9,35.98,21.97,22.89,19.47,21.3,24.76,25.89,20.86,23.91,0,,,,,AAPL_YF_GITHUB;CBOE_VXAPL;CBOE_VIX;CBOE_VIX9D
2018-10-16,52.09497153,53.06106234,51.57861472,52.86117935,116736000,35.33,40.04,33.0,33.79,20.28,20.56,17.55,17.62,20.72,20.98,17.78,17.85,0,,,,,AAPL_YF_GITHUB;CBOE_VXAPL;CBOE_VIX;CBOE_VIX9D
2018-10-17,52.89687907,52.97778211,52.19253757,52.63275146,91541600,33.12,37.09,27.67,33.12,17.06,19.55,17.06,17.4,17.95,20.71,17.56,17.75,0,,,,,AAPL_YF_GITHUB;CBOE_VXAPL;CBOE_VIX;CBOE_VIX9D
2018-10-18,51.84035881,52.28771091,50.68390891,51.40252686,130325200,34.33,49.95,31.97,36.63,18.02,21.57,17.51,20.06,19.4,24.55,18.29,22.31,0,,,,,AAPL_YF_GITHUB;CBOE_VXAPL;CBOE_VIX;CBOE_VIX9D
2018-10-19,51.88795348,52.64940122,51.73804215,52.18539429,132314800,41.06,42.75,31.26,36.85,19.24,21.08,18.39,19.89,21.24,23.44,18.97,21.13,0,,,,,AAPL_YF_GITHUB;CBOE_VXAPL;CBOE_VIX;CBOE_VIX9D
2018-10-22,52.29960635,53.14909898,52.0973488,52.50424576,115168400,35.13,39.12,31.77,34.63,19.38,20.89,18.82,19.64,20.72,23.62,19.57,20.67,0,,,,,AAPL_YF_GITHUB;CBOE_VXAPL;CBOE_VIX;CBOE_VIX9D
2018-10-23,51.35732689,53.12293532,51.0884392,52.99919891,155071200,38.47,47.21,30.49,35.57,22.18,24.66,20.18,20.71,29.71,29.71,22.49,23.43,0,,,,,AAPL_YF_GITHUB;CBOE_VXAPL;CBOE_VIX;CBOE_VIX9D
2018-10-24,52.968267,53.35612739,51.05036538,51.18124008,163702000,35.47,52.13,31.44,50.03,21.6,26.38,20.4,25.23,23.97,34.34,23.21,31.91,0,,,,,AAPL_YF_GITHUB;CBOE_VXAPL;CBOE_VIX;CBOE_VIX9D
2018-10-25,51.8046817,52.67796764,51.57624552,52.30200195,119423200,39.92,51.89,36.14,37.39,24.78,24.78,22.06,24.22,29.8,31.03,26.36,29.62,0,,,,,AAPL_YF_GITHUB;CBOE_VXAPL;CBOE_VIX;CBOE_VIX9D
2018-10-26,51.37397874,52.39479771,50.60539265,51.46916199,189033600,41.95,46.55,37.89,42.52,24.51,27.52,23.33,24.16,32.21,35.41,28.81,29.89,0,,,,,AAPL_YF_GITHUB;CBOE_VXAPL;CBOE_VIX;CBOE_VIX9D
2018-10-29,52.15684493,52.27582126,49.03966359,50.50307465,183742000,39.18,59.33,29.9,46.26,24.48,27.86,22.01,24.7,29.04,36.37,27.17,31.03,0,,,,,AAPL_YF_GITHUB;CBOE_VXAPL;CBOE_VIX;CBOE_VIX9D
2018-10-30,50.24369449,51.20264326,49.79634603,50.7552948,146640000,50.47,54.97,37.83,42.87,23.94,25.55,23.11,23.35,32.42,32.54,28.6,28.87,0,,,,,AAPL_YF_GITHUB;CBOE_VXAPL;CBOE_VIX;CBOE_VIX9D
2018-10-31,51.60717808,52.45666725,51.54530806,52.07832336,153435600,43.56,55.88,31.23,41.65,22.72,22.8,20.39,21.23,26.96,27.35,23.62,25.16,0,,,,,AAPL_YF_GITHUB;CBOE_VXAPL;CBOE_VIX;CBOE_VIX9D
2018-11-01,52.12353619,52.91115899,51.59052087,52.87784576,233292800,40.77,48.85,33.52,46.86,20.96,21.21,19.03,19.34,23.68,24.33,20.83,21.54,1,2018-09-30,0.7,0.73,0.04285714,AAPL_YF_GITHUB;CBOE_VXAPL;CBOE_VIX;CBOE_VIX9D;ALPHAQUERY_ZACKS_EARNINGS
2018-11-02,49.86297846,50.83858215,48.88261108,49.37041473,365314800,31.75,51.87,26.61,33.77,18.52,21.61,18.05,19.51,20.97,25.2,20.1,21.17,0,,,,,AAPL_YF_GITHUB;CBOE_VXAPL;CBOE_VIX;CBOE_VIX9D
2018-11-05,48.61373692,48.63515179,47.15508572,47.96888351,264654800,33.35,43.67,31.95,32.1,20.58,20.87,19.64,19.96,22.32,23.89,21.42,21.63,0,,,,,AAPL_YF_GITHUB;CBOE_VXAPL;CBOE_VIX;CBOE_VIX9D
2018-11-06,48.04739603,48.71366414,47.99266794,48.48760986,127531600,33.0,33.38,30.2,30.28,19.84,20.6,19.69,19.91,22.06,22.93,21.15,21.62,0,,,,,AAPL_YF_GITHUB;CBOE_VXAPL;CBOE_VIX;CBOE_VIX9D
2018-11-07,49.01110608,49.98433152,48.57327409,49.95815659,133697600,29.03,34.79,26.96,26.97,18.03,18.05,16.33,16.36,17.39,18.01,15.49,15.54,0,,,,,AAPL_YF_GITHUB;CBOE_VXAPL;CBOE_VIX;CBOE_VIX9D
2018-11-08,50.13962431,50.17305377,49.36835669,49.78384018,101450400,27.14,28.62,25.77,26.61,16.18,17.2,16.09,16.72,15.53,16.62,15.31,15.56,0,,,,,AAPL_YF_GITHUB;CBOE_VXAPL;CBOE_VIX;CBOE_VIX9D
2018-11-09,49.08183008,49.19166819,48.29384572,48.82394409,137463200,27.43,29.19,26.49,27.78,16.87,18.41,16.84,17.36,16.28,17.62,15.17,15.63,0,,,,,AAPL_YF_GITHUB;CBOE_VXAPL;CBOE_VIX;CBOE_VIX9D
2018-11-12,47.51779318,47.72076009,46.27373278,46.36447144,204542000,30.38,38.16,25.27,33.93,17.26,20.71,17.25,20.45,16.94,21.39,16.88,20.69,0,,,,,AAPL_YF_GITHUB;CBOE_VXAPL;CBOE_VIX;CBOE_VIX9D
2018-11-13,45.75797753,47.08321998,45.71499471,45.90124512,187531600,33.91,41.26,22.86,32.5,19.45,21.25,19.11,20.02,20.19,21.61,18.23,19.38,0,,,,,AAPL_YF_GITHUB;CBOE_VXAPL;CBOE_VIX;CBOE_VIX9D
2018-11-14,46.30000112,46.43849563,44.39690118,44.60464478,243204000,31.67,40.48,18.37,34.8,20.52,22.36,19.3,21.25,18.63,23.39,18.29,21.39,0,,,,,AAPL_YF_GITHUB;CBOE_VXAPL;CBOE_VIX;CBOE_VIX9D
2018-11-15,44.98430756,45.83915072,44.62851975,45.70543289,185915200,34.6,43.77,30.29,32.66,20.41,22.97,19.94,19.98,22.32,24.06,19.38,19.5,0,,,,,AAPL_YF_GITHUB;CBOE_VXAPL;CBOE_VIX;CBOE_VIX9D
2018-11-16,45.48814276,46.55550262,45.23981015,46.21165466,147713200,33.28,33.9,31.16,32.19,20.04,21.36,18.1,18.14,20.93,21.2,16.29,16.35,0,,,,,AAPL_YF_GITHUB;CBOE_VXAPL;CBOE_VIX;CBOE_VIX9D
2018-11-19,45.3687529,45.53590021,44.17245184,44.3801918,167701200,33.18,37.85,32.99,36.27,18.78,20.99,18.52,20.1,19.17,21.79,18.5,20.43,0,,,,,AAPL_YF_GITHUB;CBOE_VXAPL;CBOE_VIX;CBOE_VIX9D
2018-11-20,42.59170422,43.33193266,41.90878499,42.25979614,271300800,27.89,45.89,27.89,41.13,20.76,23.81,20.37,22.48,24.77,26.66,22.8,23.63,0,,,,,AAPL_YF_GITHUB;CBOE_VXAPL;CBOE_VIX;CBOE_VIX9D
2018-11-21,42.91645264,43.04539745,42.15712471,42.21204376,124496800,38.76,49.74,35.35,36.37,21.66,22.31,20.11,20.8,22.53,22.98,19.19,19.86,0,,,,,AAPL_YF_GITHUB;CBOE_VXAPL;CBOE_VIX;CBOE_VIX9D
2018-11-23,41.77268864,42.1690692,41.09454595,41.13991165,94496000,38.07,38.43,36.08,37.74,21.23,22.65,20.65,21.52,22.96,22.97,20.7,21.42,0,,,,,AAPL_YF_GITHUB;CBOE_VXAPL;CBOE_VIX;CBOE_VIX9D
2018-11-26,41.60554257,41.77507643,40.65518381,41.69627762,179994000,37.21,37.72,34.46,35.52,20.78,20.8,18.67,18.9,21.69,21.71,19.55,20.04,0,,,,,AAPL_YF_GITHUB;CBOE_VXAPL;CBOE_VIX;CBOE_VIX9D
2018-11-27,40.95366117,41.7320959,40.8032304,41.60554123,165549600,37.26,42.97,27.88,34.17,19.41,19.93,18.7,19.02,21.49,21.72,20.53,21.08,0,,,,,AAPL_YF_GITHUB;CBOE_VXAPL;CBOE_VIX;CBOE_VIX9D
2018-11-28,42.20010185,43.28895132,41.77029189,43.20537949,184250000,33.34,33.92,31.71,31.93,18.87,19.38,18.18,18.49,21.27,22.85,21.11,21.92,0,,,,,AAPL_YF_GITHUB;CBOE_VXAPL;CBOE_VIX;CBOE_VIX9D
2018-11-29,43.61608139,43.64951085,42.43171671,42.87346649,167080000,31.98,38.69,25.93,32.19,18.65,20.48,18.59,18.79,22.59,24.91,21.86,22.38,0,,,,,AAPL_YF_GITHUB;CBOE_VXAPL;CBOE_VIX;CBOE_VIX9D
2018-11-30,43.05017008,43.05972343,42.27173909,42.64185333,158126000,32.44,34.14,32.13,32.97,19.18,19.91,18.03,18.07,23.15,23.15,21.94,22.11,0,,,,,AAPL_YF_GITHUB;CBOE_VXAPL;CBOE_VIX;CBOE_VIX9D
2018-12-03,44.04589683,44.16051161,43.26985238,44.13185883,163210000,,,,,16.04,17.28,15.94,16.44,18.09,19.48,17.01,17.21,0,,,,,AAPL_YF_GITHUB;CBOE_VXAPL;CBOE_VIX;CBOE_VIX9D
2018-12-04,43.20776952,43.55161752,42.09026718,42.19055557,165377200,28.28,39.03,26.48,32.56,16.84,21.94,16.26,20.74,17.74,26.99,17.07,25.13,0,,,,,AAPL_YF_GITHUB;CBOE_VXAPL;CBOE_VIX;CBOE_VIX9D
2018-12-06,41.01335473,41.7344802,40.69338648,41.72015381,172393600,32.16,41.84,32.16,35.64,23.53,25.94,20.94,21.19,31.36,33.48,24.97,25.06,0,,,,,AAPL_YF_GITHUB;CBOE_VXAPL;CBOE_VIX;CBOE_VIX9D
2018-12-07,41.42644701,41.66522991,40.18716317,40.2325325,169126400,34.31,47.76,33.24,39.99,22.42,24.71,19.9,23.23,24.77,30.52,22.6,27.47,0,,,,,AAPL_YF_GITHUB;CBOE_VXAPL;CBOE_VIX;CBOE_VIX9D
2018-12-10,39.39917868,40.61458277,39.00041167,40.49758148,248104000,39.36,47.58,35.76,35.92,23.95,25.94,22.5,22.64,28.13,31.83,25.15,25.24,0,,,,,AAPL_YF_GITHUB;CBOE_VXAPL;CBOE_VIX;CBOE_VIX9D
2018-12-11,40.98948034,41.02051964,39.87675096,40.26596832,189126800,35.29,37.8,33.69,35.36,22.96,23.6,21.39,21.76,23.95,26.31,22.72,23.79,0,,,,,AAPL_YF_GITHUB;CBOE_VXAPL;CBOE_VIX;CBOE_VIX9D
2018-12-12,40.68861547,41.05156659,40.35909746,40.37820053,142510800,34.87,35.23,32.43,33.71,21.91,21.91,20.5,21.46,22.07,23.06,21.48,22.64,0,,,,,AAPL_YF_GITHUB;CBOE_VXAPL;CBOE_VIX;CBOE_VIX9D
2018-12-13,40.71010436,41.20677331,40.48564782,40.81994247,127594400,33.42,38.23,27.17,32.44,21.0,21.57,20.34,20.65,21.53,21.81,19.98,20.33,0,,,,,AAPL_YF_GITHUB;CBOE_VXAPL;CBOE_VIX;CBOE_VIX9D
2018-12-14,40.35431468,40.37341776,39.4660419,39.51379776,162814800,33.81,44.53,32.83,35.47,21.57,22.47,20.95,21.63,21.38,23.46,20.53,22.08,0,,,,,AAPL_YF_GITHUB;CBOE_VXAPL;CBOE_VIX;CBOE_VIX9D
2018-12-17,39.50663328,40.19910594,38.85714345,39.14607239,177151600,35.81,39.81,33.82,38.3,22.36,25.88,21.97,24.52,23.85,29.18,23.11,28.0,0,,,,,AAPL_YF_GITHUB;CBOE_VXAPL;CBOE_VIX;CBOE_VIX9D
2018-12-18,39.48992516,40.00330704,39.25352873,39.65468597,135366000,37.58,47.51,34.89,36.96,24.68,26.14,23.64,25.58,26.45,29.61,25.74,28.51,0,,,,,AAPL_YF_GITHUB;CBOE_VXAPL;CBOE_VIX;CBOE_VIX9D
2018-12-19,39.63796657,39.98420109,37.98797564,38.41778564,196189200,37.35,48.51,34.62,37.66,25.15,26.64,22.5,25.58,28.79,28.9,23.61,26.16,0,,,,,AAPL_YF_GITHUB;CBOE_VXAPL;CBOE_VIX;CBOE_VIX9D
2018-12-20,38.30077925,38.70909965,37.08298853,37.44832611,259092000,38.63,50.34,37.72,42.55,26.09,30.3,24.68,28.38,26.96,33.86,25.92,31.19,0,,,,,AAPL_YF_GITHUB;CBOE_VXAPL;CBOE_VIX;CBOE_VIX9D
2018-12-21,37.45547738,37.76589581,35.72907842,35.99173737,382978400,46.28,50.32,40.45,45.85,28.24,31.35,25.71,30.11,30.64,35.43,27.0,33.03,0,,,,,AAPL_YF_GITHUB;CBOE_VXAPL;CBOE_VIX;CBOE_VIX9D
2018-12-24,35.375685,36.18754904,35.00318426,35.06049347,148676800,64.59,64.59,46.23,52.58,29.29,36.1,29.16,36.07,37.35,42.5,35.98,42.4,0,,,,,AAPL_YF_GITHUB;CBOE_VXAPL;CBOE_VIX;CBOE_VIX9D
2018-12-26,35.4115216,37.54385215,35.034244,37.52952576,234330000,48.18,52.09,43.18,43.31,35.5,36.2,29.59,30.41,41.09,42.9,33.33,33.92,0,,,,,AAPL_YF_GITHUB;CBOE_VXAPL;CBOE_VIX;CBOE_VIX9D
2018-12-27,37.21191997,37.43398993,35.8341455,37.28594208,212468400,52.53,52.53,44.15,45.49,31.2,33.8,29.66,29.96,37.87,39.64,34.38,34.38,0,,,,,AAPL_YF_GITHUB;CBOE_VXAPL;CBOE_VIX;CBOE_VIX9D
2018-12-28,37.60832057,37.85188024,36.90391148,37.30506516,169165600,43.96,51.82,40.39,44.11,29.97,31.05,27.43,28.34,33.7,35.47,30.84,31.64,0,,,,,AAPL_YF_GITHUB;CBOE_VXAPL;CBOE_VIX;CBOE_VIX9D
2018-12-31,37.85425197,38.0524422,37.3647463,37.66561508,140014000,43.14,46.2,41.14,41.61,27.59,27.64,25.33,25.42,31.72,31.74,28.57,28.57,0,,,,,AAPL_YF_GITHUB;CBOE_VXAPL;CBOE_VIX;CBOE_VIX9D
2019-01-02,36.98509086,37.93067294,36.82749324,37.70860291,148158800,43.61,46.15,39.78,40.21,27.54,28.53,23.05,23.22,31.46,31.46,22.82,22.82,0,,,,,AAPL_YF_GITHUB;CBOE_VXAPL;CBOE_VIX;CBOE_VIX9D
2019-01-03,34.37996114,34.7954447,33.90717202,33.95254135,365248800,49.99,49.99,42.4,44.12,25.68,26.6,24.05,25.45,25.82,28.95,24.47,26.59,0,,,,,AAPL_YF_GITHUB;CBOE_VXAPL;CBOE_VIX;CBOE_VIX9D
2019-01-04,34.51129537,35.47120374,34.33698486,35.40195465,234428400,42.81,43.56,36.88,37.55,24.36,24.48,21.19,21.38,24.04,24.38,20.84,20.85,0,,,,,AAPL_YF_GITHUB;CBOE_VXAPL;CBOE_VIX;CBOE_VIX9D
2019-01-07,35.50701448,35.53805742,34.83842167,35.32315063,219111200,39.1,40.3,37.78,37.92,22.06,22.71,20.91,21.4,23.42,23.42,21.11,21.47,0,,,,,AAPL_YF_GITHUB;CBOE_VXAPL;CBOE_VIX;CBOE_VIX9D
2019-01-08,35.71237256,36.25202428,35.46403992,35.99652481,164101200,37.22,38.65,35.0,36.38,20.96,22.03,20.09,20.47,20.88,22.92,19.85,20.13,0,,,,,AAPL_YF_GITHUB;CBOE_VXAPL;CBOE_VIX;CBOE_VIX9D
2019-01-09,36.12546466,36.8991226,35.7290878,36.60780716,180396400,36.57,39.19,35.19,35.6,20.44,22.8,19.48,19.98,20.26,21.04,18.7,18.88,0,,,,,AAPL_YF_GITHUB;CBOE_VXAPL;CBOE_VIX;CBOE_VIX9D
2019-01-10,36.41439683,36.76540803,36.02279297,36.72481537,143122800,35.88,38.06,33.73,35.47,20.98,21.32,19.29,19.5,20.46,21.04,17.66,17.74,0,,,,,AAPL_YF_GITHUB;CBOE_VXAPL;CBOE_VIX;CBOE_VIX9D
2019-01-11,36.50513105,36.70093113,36.177996,36.36424637,108092800,35.9,36.03,34.42,34.8,19.68,20.16,18.12,18.19,18.64,18.76,15.96,15.96,0,,,,,AAPL_YF_GITHUB;CBOE_VXAPL;CBOE_VIX;CBOE_VIX9D
2019-01-14,36.02039164,36.12067999,35.63117446,35.81742477,129756800,35.41,37.34,35.15,35.42,19.84,20.27,18.7,19.07,19.43,19.46,16.9,17.04,0,,,,,AAPL_YF_GITHUB;CBOE_VXAPL;CBOE_VIX;CBOE_VIX9D
2019-01-15,35.88190614,36.62690759,35.82937361,36.55049896,114843600,35.34,37.4,32.44,33.54,18.53,19.2,17.98,18.6,17.62,17.68,16.16,16.5,0,,,,,AAPL_YF_GITHUB;CBOE_VXAPL;CBOE_VIX;CBOE_VIX9D
2019-01-16,36.55289572,37.22148873,36.53379264,36.99703217,122278800,33.2,33.74,32.48,33.07,18.08,19.04,17.76,19.04,16.6,16.95,15.98,16.34,0,,,,,AAPL_YF_GITHUB;CBOE_VXAPL;CBOE_VIX;CBOE_VIX9D
2019-01-17,36.82032103,37.64651144,36.59586453,37.21670151,119284800,33.3,35.55,26.56,32.85,19.51,19.72,17.85,18.06,17.32,17.32,15.31,15.67,0,,,,,AAPL_YF_GITHUB;CBOE_VXAPL;CBOE_VIX;CBOE_VIX9D
2019-01-18,37.60830874,37.69904741,37.24535769,37.44593811,135004000,32.32,37.91,30.98,32.77,17.8,18.18,17.17,17.8,15.7,16.21,14.98,15.04,0,,,,,AAPL_YF_GITHUB;CBOE_VXAPL;CBOE_VIX;CBOE_VIX9D
2019-01-22,37.34803412,37.42444275,36.44304489,36.60541916,121576000,33.44,36.45,33.44,35.72,18.53,21.15,18.2,20.8,18.96,21.96,18.89,21.24,0,,,,,AAPL_YF_GITHUB;CBOE_VXAPL;CBOE_VIX;CBOE_VIX9D
2019-01-23,36.80837897,37.04477533,36.22336165,36.75345993,92522400,34.78,37.04,34.54,35.32,20.85,22.02,19.47,19.52,20.75,22.89,19.4,19.4,0,,,,,AAPL_YF_GITHUB;CBOE_VXAPL;CBOE_VIX;CBOE_VIX9D
2019-01-24,36.79881996,36.88716844,36.23290585,36.46213531,101766000,35.28,35.64,34.48,34.48,19.69,20.25,18.63,18.89,20.4,20.63,17.6,17.64,0,,,,,AAPL_YF_GITHUB;CBOE_VXAPL;CBOE_VIX;CBOE_VIX9D
2019-01-25,37.12596633,37.75874324,36.84898092,37.67039108,134142000,33.82,33.82,32.54,32.83,18.43,18.46,17.31,17.42,17.53,17.8,16.24,16.39,0,,,,,AAPL_YF_GITHUB;CBOE_VXAPL;CBOE_VIX;CBOE_VIX9D
2019-01-28,37.1999919,37.32893673,36.69138673,37.32177353,104768400,34.78,36.25,34.78,35.39,18.56,20.42,18.42,18.87,20.26,22.07,19.41,19.49,0,,,,,AAPL_YF_GITHUB;CBOE_VXAPL;CBOE_VIX;CBOE_VIX9D
2019-01-29,37.30982742,37.75874043,36.79883217,36.93493652,166348800,35.56,36.83,34.89,36.28,19.45,19.93,18.42,19.13,19.45,21.12,19.38,19.95,1,2018-12-31,1.04,1.04,0.0,AAPL_YF_GITHUB;CBOE_VXAPL;CBOE_VIX;CBOE_VIX9D;ALPHAQUERY_ZACKS_EARNINGS
2019-01-30,38.98131172,39.67378073,38.26018628,39.45887756,244439200,27.43,28.01,25.85,26.42,19.15,19.31,17.54,17.66,19.52,19.97,17.32,17.37,0,,,,,AAPL_YF_GITHUB;CBOE_VXAPL;CBOE_VIX;CBOE_VIX9D
2019-01-31,39.66422794,40.35431038,39.29411371,39.74302673,162958400,26.26,27.3,25.78,25.97,17.39,17.72,16.54,16.57,17.23,17.27,15.42,15.61,0,,,,,AAPL_YF_GITHUB;CBOE_VXAPL;CBOE_VIX;CBOE_VIX9D
2019-02-01,39.86719197,40.34953078,39.62124225,39.76212692,130672400,25.98,26.16,23.89,25.21,16.63,16.83,16.08,16.14,15.18,15.35,14.09,14.09,0,,,,,AAPL_YF_GITHUB;CBOE_VXAPL;CBOE_VIX;CBOE_VIX9D
2019-02-04,39.9746456,40.98947291,39.94360265,40.89157104,125982000,25.74,26.01,23.78,25.01,16.72,16.73,15.6,15.73,15.94,15.97,13.59,13.67,0,,,,,AAPL_YF_GITHUB;CBOE_VXAPL;CBOE_VIX;CBOE_VIX9D
2019-02-05,41.27601026,41.80610857,41.1542323,41.59120178,144406400,25.0,25.54,24.12,24.33,15.79,15.94,15.04,15.57,13.86,14.4,13.19,13.46,0,,,,,AAPL_YF_GITHUB;CBOE_VXAPL;CBOE_VIX;CBOE_VIX9D
2019-02-06,41.70343947,41.92312298,41.27363308,41.60554123,112958400,24.15,24.72,23.85,24.2,15.44,15.87,15.09,15.38,13.51,14.03,12.69,12.73,0,,,,,AAPL_YF_GITHUB;CBOE_VXAPL;CBOE_VIX;CBOE_VIX9D
2019-02-07,41.16617166,41.53389938,40.67427946,40.81755066,126966800,25.15,26.27,24.5,24.88,15.66,17.89,15.51,16.37,14.19,17.45,13.78,14.89,0,,,,,AAPL_YF_GITHUB;CBOE_VXAPL;CBOE_VIX;CBOE_VIX9D
2019-02-08,40.52498734,40.9254646,40.38829559,40.86551285,95280000,26.11,26.46,24.58,25.04,16.81,17.63,15.62,15.72,16.1,17.17,13.44,13.61,0,,,,,AAPL_YF_GITHUB;CBOE_VXAPL;CBOE_VIX;CBOE_VIX9D
2019-02-11,41.01898679,41.05735679,40.58733348,40.63049698,83973600,25.79,26.35,24.86,25.14,16.17,16.5,15.34,15.97,14.72,15.47,14.56,14.67,0,,,,,AAPL_YF_GITHUB;CBOE_VXAPL;CBOE_VIX;CBOE_VIX9D
2019-02-12,40.79117161,41.00699644,40.69524661,40.98061752,89134000,24.99,25.03,23.94,24.37,15.23,15.65,14.95,15.43,13.95,14.1,13.38,13.47,0,,,,,AAPL_YF_GITHUB;CBOE_VXAPL;CBOE_VIX;CBOE_VIX9D
2019-02-13,41.10052424,41.36191301,40.74800763,40.81035614,89960800,24.44,26.63,23.9,24.47,15.46,15.91,15.0,15.65,13.73,14.14,12.82,13.49,0,,,,,AAPL_YF_GITHUB;CBOE_VXAPL;CBOE_VIX;CBOE_VIX9D
2019-02-14,40.69764902,41.06934696,40.61851227,40.95903778,87342800,24.79,25.33,22.73,24.12,15.61,17.27,15.3,16.22,15.11,15.77,13.66,14.11,0,,,,,AAPL_YF_GITHUB;CBOE_VXAPL;CBOE_VIX;CBOE_VIX9D
2019-02-15,41.06695256,41.17486499,40.70724203,40.86791229,98507200,24.24,24.3,22.69,23.05,16.82,16.82,14.79,14.91,13.45,13.61,12.02,12.18,0,,,,,AAPL_YF_GITHUB;CBOE_VXAPL;CBOE_VIX;CBOE_VIX9D
2019-02-19,40.69765408,41.11251923,40.64489624,40.9902153,75891200,22.95,24.02,22.04,22.31,15.65,16.16,14.64,14.88,15.2,15.21,13.19,13.38,0,,,,,AAPL_YF_GITHUB;CBOE_VXAPL;CBOE_VIX;CBOE_VIX9D
2019-02-20,41.0525608,41.56335088,41.00460013,41.2539978,104457600,,,,,14.92,15.19,13.99,14.02,13.66,13.89,12.48,12.6,0,,,,,AAPL_YF_GITHUB;CBOE_VXAPL;CBOE_VIX;CBOE_VIX9D
2019-02-21,41.19883986,41.33552794,40.83912939,41.02138138,68998800,22.24,22.8,21.54,22.24,14.0,15.17,13.85,14.46,13.53,14.46,12.68,13.18,0,,,,,AAPL_YF_GITHUB;CBOE_VXAPL;CBOE_VIX;CBOE_VIX9D
2019-02-22,41.1460881,41.48661363,41.09812743,41.47941971,75652800,22.07,22.24,21.27,21.38,14.46,14.47,13.51,13.51,13.13,13.18,11.47,11.49,0,,,,,AAPL_YF_GITHUB;CBOE_VXAPL;CBOE_VIX;CBOE_VIX9D
2019-02-25,41.76478966,42.1748576,41.71442858,41.78157425,87493600,21.87,22.08,21.38,21.6,13.91,14.9,13.44,14.85,12.85,14.09,12.57,14.06,0,,,,,AAPL_YF_GITHUB;CBOE_VXAPL;CBOE_VIX;CBOE_VIX9D
2019-02-26,41.65687047,42.03816268,41.52737266,41.80554962,68280800,21.65,21.89,20.87,21.38,15.16,15.28,14.52,15.17,14.48,14.61,13.29,14.2,0,,,,,AAPL_YF_GITHUB;CBOE_VXAPL;CBOE_VIX;CBOE_VIX9D
2019-02-27,41.53696277,41.96621559,41.4218528,41.93503952,111341600,21.77,22.27,20.67,21.13,15.53,16.17,14.7,14.7,14.57,15.66,13.14,13.14,0,,,,,AAPL_YF_GITHUB;CBOE_VXAPL;CBOE_VIX;CBOE_VIX9D
2019-02-28,41.80316427,41.94464955,41.46743223,41.52258682,112861600,21.77,22.27,20.67,21.62,15.17,15.24,14.39,14.78,13.17,13.74,12.46,13.18,0,,,,,AAPL_YF_GITHUB;CBOE_VXAPL;CBOE_VIX;CBOE_VIX9D
2019-03-01,41.79356274,42.00219365,41.46023116,41.95903015,103544800,21.49,21.59,20.04,20.31,14.57,14.84,13.41,13.57,12.39,13.19,11.08,11.33,0,,,,,AAPL_YF_GITHUB;CBOE_VXAPL;CBOE_VIX;CBOE_VIX9D
2019-03-04,42.13169302,42.62569486,41.71922468,42.17006302,109744800,20.89,23.28,19.61,21.66,13.77,16.98,13.38,14.63,12.42,17.65,11.9,13.4,0,,,,,AAPL_YF_GITHUB;CBOE_VXAPL;CBOE_VIX;CBOE_VIX9D
2019-03-05,42.1916445,42.20603234,41.8559125,42.09332275,78949600,20.89,23.28,19.61,21.58,14.52,15.39,14.26,14.74,13.54,14.7,12.74,13.36,0,,,,,AAPL_YF_GITHUB;CBOE_VXAPL;CBOE_VIX;CBOE_VIX9D
2019-03-06,41.88708576,42.08372925,41.71202769,41.85111618,83241600,21.48,22.11,21.45,21.98,14.91,16.11,14.74,15.74,13.6,15.65,13.49,14.99,0,,,,,AAPL_YF_GITHUB;CBOE_VXAPL;CBOE_VIX;CBOE_VIX9D
2019-03-07,41.69524511,41.83193686,41.25160432,41.36671066,99185600,22.27,24.01,20.8,23.34,16.33,17.81,15.54,16.59,16.09,18.47,15.17,16.15,0,,,,,AAPL_YF_GITHUB;CBOE_VXAPL;CBOE_VIX;CBOE_VIX9D
2019-03-08,40.8439314,41.50340067,40.64728789,41.46503067,95997600,24.49,25.23,21.03,22.91,17.38,18.33,16.02,16.05,18.57,18.79,14.56,14.63,0,,,,,AAPL_YF_GITHUB;CBOE_VXAPL;CBOE_VIX;CBOE_VIX9D
2019-03-11,42.08373111,42.95422802,42.05015827,42.90147018,128044000,20.43,20.5,18.13,19.52,16.28,16.43,14.33,14.33,16.07,16.07,13.36,13.4,0,,,,,AAPL_YF_GITHUB;CBOE_VXAPL;CBOE_VIX;CBOE_VIX9D
2019-03-12,43.16525865,43.80554288,43.01417907,43.38348389,129870400,19.78,20.75,17.45,19.64,13.97,14.7,13.61,13.77,13.57,13.61,12.69,12.73,0,,,,,AAPL_YF_GITHUB;CBOE_VXAPL;CBOE_VIX;CBOE_VIX9D
2019-03-13,43.70481916,43.95661721,43.38587546,43.57532501,124130000,19.85,20.17,18.86,19.48,14.0,14.05,13.25,13.41,12.41,13.3,12.17,12.53,0,,,,,AAPL_YF_GITHUB;CBOE_VXAPL;CBOE_VIX;CBOE_VIX9D
2019-03-14,44.10051636,44.1484807,43.77917579,44.0597496,94318000,19.41,19.85,19.23,19.64,13.35,13.84,13.16,13.5,12.96,13.2,12.05,12.52,0,,,,,AAPL_YF_GITHUB;CBOE_VXAPL;CBOE_VIX;CBOE_VIX9D
2019-03-15,44.32832889,44.92304927,44.06214295,44.63288116,156171600,19.75,20.78,19.32,20.18,13.21,13.28,12.5,12.88,12.39,12.43,11.18,11.22,0,,,,,AAPL_YF_GITHUB;CBOE_VXAPL;CBOE_VIX;CBOE_VIX9D
2019-03-18,44.5561406,45.17723984,44.55374018,45.08851242,104879200,21.51,22.19,21.4,22.07,13.13,13.8,13.0,13.1,12.74,13.61,12.48,12.53,0,,,,,AAPL_YF_GITHUB;CBOE_VXAPL;CBOE_VIX;CBOE_VIX9D
2019-03-19,45.16765939,45.32113576,44.58492635,44.7312088,126585600,22.43,22.97,21.57,22.82,12.89,13.77,12.37,13.56,12.24,13.93,12.22,13.53,0,,,,,AAPL_YF_GITHUB;CBOE_VXAPL;CBOE_VIX;CBOE_VIX9D
2019-03-20,44.65926371,45.441037,44.29955316,45.1220932,124140800,23.15,23.6,22.71,23.38,13.54,14.3,13.05,13.91,14.22,14.73,12.36,13.49,0,,,,,AAPL_YF_GITHUB;CBOE_VXAPL;CBOE_VIX;CBOE_VIX9D
2019-03-21,45.56813111,47.08131283,45.51777003,46.78395081,204136800,23.62,26.0,23.62,25.95,14.11,14.56,13.26,13.63,13.98,13.99,12.62,13.11,0,,,,,AAPL_YF_GITHUB;CBOE_VXAPL;CBOE_VIX;CBOE_VIX9D
2019-03-22,46.84389095,47.40743877,45.75037179,45.8151207,169630800,26.41,27.5,26.19,27.46,13.77,17.52,13.62,16.48,13.94,18.47,13.6,16.85,0,,,,,AAPL_YF_GITHUB;CBOE_VXAPL;CBOE_VIX;CBOE_VIX9D
2019-03-25,45.92543599,46.03814556,44.74798643,45.26117325,175381200,28.75,29.4,26.94,26.99,17.76,17.85,16.26,16.33,18.89,19.57,16.38,16.41,0,,,,,AAPL_YF_GITHUB;CBOE_VXAPL;CBOE_VIX;CBOE_VIX9D
2019-03-26,45.96139944,46.2539642,44.26356585,44.79353714,199202000,26.97,28.42,26.12,27.07,16.22,16.3,14.67,14.68,15.46,15.63,13.89,13.95,0,,,,,AAPL_YF_GITHUB;CBOE_VXAPL;CBOE_VIX;CBOE_VIX9D
2019-03-27,45.26356442,45.50576814,44.73598983,45.19641876,119393600,26.87,27.75,26.39,26.97,14.52,16.71,14.51,15.15,14.41,17.13,14.18,14.7,0,,,,,AAPL_YF_GITHUB;CBOE_VXAPL;CBOE_VIX;CBOE_VIX9D
2019-03-28,45.31153658,45.45781901,44.97101104,45.25638199,83121600,27.16,27.58,26.1,26.2,15.38,15.62,14.41,14.43,14.62,15.57,13.64,13.7,0,,,,,AAPL_YF_GITHUB;CBOE_VXAPL;CBOE_VIX;CBOE_VIX9D
2019-03-29,45.52255871,45.58251046,45.21320567,45.55133438,94256000,26.28,26.35,25.54,25.67,14.19,14.43,13.64,13.71,13.16,13.64,12.06,12.34,0,,,,,AAPL_YF_GITHUB;CBOE_VXAPL;CBOE_VIX;CBOE_VIX9D
2019-04-01,45.95660858,45.96619925,45.17483916,45.86068726,111448000,26.88,27.42,26.13,26.5,13.9,14.01,13.32,13.4,13.21,13.34,11.95,12.11,0,,,,,AAPL_YF_GITHUB;CBOE_VXAPL;CBOE_VIX;CBOE_VIX9D
2019-04-02,45.82471878,46.63287086,45.81512811,46.52735519,91062800,26.8,26.86,26.2,26.35,13.62,13.68,13.13,13.36,12.26,12.47,11.51,11.86,0,,,,,AAPL_YF_GITHUB;CBOE_VXAPL;CBOE_VIX;CBOE_VIX9D
2019-04-03,46.34270961,47.12208247,46.31872744,46.84630585,93087200,26.82,27.0,26.25,26.38,13.06,14.27,12.85,13.74,11.75,13.12,11.63,12.29,0,,,,,AAPL_YF_GITHUB;CBOE_VXAPL;CBOE_VIX;CBOE_VIX9D
2019-04-04,46.71200126,47.09089674,46.3163212,46.92782974,76457200,26.63,26.85,26.5,26.78,13.84,14.03,13.4,13.58,12.44,12.45,11.31,11.58,0,,,,,AAPL_YF_GITHUB;CBOE_VXAPL;CBOE_VIX;CBOE_VIX9D
2019-04-05,47.11007931,47.26595604,46.98537866,47.24197388,74106400,26.97,27.11,26.72,27.03,13.46,13.47,12.17,12.82,11.26,11.26,9.92,10.12,0,,,,,AAPL_YF_GITHUB;CBOE_VXAPL;CBOE_VIX;CBOE_VIX9D
2019-04-08,47.10289791,48.01656214,47.08371291,47.98538971,103526800,28.37,28.82,28.26,28.78,13.55,13.77,13.1,13.18,11.63,11.92,10.65,10.74,0,,,,,AAPL_YF_GITHUB;CBOE_VXAPL;CBOE_VIX;CBOE_VIX9D
2019-04-09,48.03813901,48.64485041,47.7767466,47.84149551,143072800,29.15,30.47,29.15,30.32,13.46,14.39,13.31,14.28,11.71,12.21,11.03,11.78,0,,,,,AAPL_YF_GITHUB;CBOE_VXAPL;CBOE_VIX;CBOE_VIX9D
2019-04-10,47.64484321,48.1388486,47.52493973,48.11006927,86781200,30.51,30.52,29.85,30.3,14.09,14.29,13.27,13.3,11.45,11.62,8.77,10.14,0,,,,,AAPL_YF_GITHUB;CBOE_VXAPL;CBOE_VIX;CBOE_VIX9D
2019-04-11,48.16524171,48.2012113,47.58730591,47.70960617,83603200,30.5,30.68,30.24,30.33,13.37,13.58,12.91,13.02,10.81,11.05,10.29,10.52,0,,,,,AAPL_YF_GITHUB;CBOE_VXAPL;CBOE_VIX;CBOE_VIX9D
2019-04-12,47.76954735,47.99496649,47.05252686,47.69041061,111042800,30.51,30.65,29.57,29.58,12.96,12.96,11.95,12.01,10.44,10.61,9.65,9.74,0,,,,,AAPL_YF_GITHUB;CBOE_VXAPL;CBOE_VIX;CBOE_VIX9D
2019-04-15,47.62086796,47.92542384,47.48417624,47.77674103,70146400,31.13,31.33,29.56,29.76,12.46,13.14,12.24,12.32,10.99,11.77,10.53,10.61,0,,,,,AAPL_YF_GITHUB;CBOE_VXAPL;CBOE_VIX;CBOE_VIX9D
2019-04-16,47.83189717,48.28992568,47.61606872,47.7815361,102785600,29.77,31.14,28.88,29.78,12.26,12.47,11.85,12.18,10.39,11.09,10.23,10.76,0,,,,,AAPL_YF_GITHUB;CBOE_VXAPL;CBOE_VIX;CBOE_VIX9D
2019-04-17,47.85109181,48.77195356,47.62807303,48.7120018,115627200,29.87,29.92,28.97,29.75,12.12,13.02,11.03,12.6,10.28,11.83,10.25,11.0,0,,,,,AAPL_YF_GITHUB;CBOE_VXAPL;CBOE_VIX;CBOE_VIX9D
2019-04-18,48.70958455,48.9565854,48.56570258,48.887043,96783200,29.72,29.72,28.68,28.82,12.8,13.12,12.02,12.09,10.66,11.13,9.86,9.93,0,,,,,AAPL_YF_GITHUB;CBOE_VXAPL;CBOE_VIX;CBOE_VIX9D
2019-04-22,48.64006586,49.14605889,48.52255908,49.04773712,77758000,29.48,30.02,28.9,28.9,13.21,13.36,12.38,12.42,13.16,13.17,11.57,11.63,0,,,,,AAPL_YF_GITHUB;CBOE_VXAPL;CBOE_VIX;CBOE_VIX9D
2019-04-23,49.02374536,49.81990639,48.89664793,49.75515747,93292000,28.97,29.08,28.6,28.61,12.66,12.69,12.08,12.28,11.71,12.16,11.48,11.64,0,,,,,AAPL_YF_GITHUB;CBOE_VXAPL;CBOE_VIX;CBOE_VIX9D
2019-04-24,49.72637787,49.99496053,49.65203829,49.67841721,70162400,28.68,29.34,28.68,29.23,12.53,13.23,12.26,13.14,11.91,12.73,11.65,12.54,0,,,,,AAPL_YF_GITHUB;CBOE_VXAPL;CBOE_VIX;CBOE_VIX9D
2019-04-25,49.5992903,49.82230909,49.18921865,49.22758865,74172800,29.29,29.82,29.01,29.41,13.29,14.3,12.81,13.25,13.18,14.12,11.82,12.36,0,,,,,AAPL_YF_GITHUB;CBOE_VXAPL;CBOE_VIX;CBOE_VIX9D
2019-04-26,49.13646245,49.16044461,48.46979915,48.99258041,74596400,29.55,29.65,28.62,28.89,13.44,13.62,12.49,12.73,12.48,12.77,11.32,11.81,0,,,,,AAPL_YF_GITHUB;CBOE_VXAPL;CBOE_VIX;CBOE_VIX9D
2019-04-29,49.01656014,49.39305897,48.88706594,49.06692123,88818800,29.44,30.16,29.01,29.25,13.04,13.27,12.65,13.11,13.0,13.0,12.29,12.52,0,,,,,AAPL_YF_GITHUB;CBOE_VXAPL;CBOE_VIX;CBOE_VIX9D
2019-04-30,48.69521276,48.77674627,47.74797576,48.12207413,186139600,29.68,31.42,29.32,30.35,13.11,14.05,12.88,13.12,13.02,13.82,12.34,12.44,1,2019-03-31,0.59,0.62,0.05084746,AAPL_YF_GITHUB;CBOE_VXAPL;CBOE_VIX;CBOE_VIX9D;ALPHAQUERY_ZACKS_EARNINGS
2019-05-01,50.33070409,51.63285459,50.17482731,50.48418045,259309200,21.47,22.03,20.01,21.44,12.86,14.83,12.74,14.8,12.51,15.09,12.06,14.95,0,,,,,AAPL_YF_GITHUB;CBOE_VXAPL;CBOE_VIX;CBOE_VIX9D
2019-05-02,50.32110326,50.99496039,49.91103531,50.15563583,127985200,21.78,23.5,21.43,22.3,14.35,15.92,13.8,14.42,14.75,16.61,13.47,13.92,0,,,,,AAPL_YF_GITHUB;CBOE_VXAPL;CBOE_VIX;CBOE_VIX9D
2019-05-03,50.57290247,50.80071841,50.41462896,50.77913666,83569600,21.75,21.79,20.27,20.44,14.11,14.15,12.8,12.87,12.5,12.5,10.96,10.96,0,,,,,AAPL_YF_GITHUB;CBOE_VXAPL;CBOE_VIX;CBOE_VIX9D
2019-05-06,48.9901689,50.08129145,48.80072299,49.99496078,129772400,23.64,24.63,23.1,23.19,12.89,18.8,12.89,15.44,20.36,20.36,14.92,15.45,0,,,,,AAPL_YF_GITHUB;CBOE_VXAPL;CBOE_VIX;CBOE_VIX9D
2019-05-07,49.37146934,49.74077053,48.16044318,48.64725113,155054800,24.31,29.91,24.15,28.56,15.9,21.84,15.8,19.32,18.54,24.88,18.36,20.74,0,,,,,AAPL_YF_GITHUB;CBOE_VXAPL;CBOE_VIX;CBOE_VIX9D
2019-05-08,48.41702667,49.24196325,48.38105709,48.65683365,105358000,28.46,29.41,27.01,28.31,18.95,21.74,18.29,19.4,21.96,23.21,19.35,21.33,0,,,,,AAPL_YF_GITHUB;CBOE_VXAPL;CBOE_VIX;CBOE_VIX9D
2019-05-09,48.05731991,48.36427257,47.1604441,48.13405991,139634400,30.34,33.54,28.11,30.05,21.4,23.38,18.87,19.1,26.44,27.26,20.88,21.86,0,,,,,AAPL_YF_GITHUB;CBOE_VXAPL;CBOE_VIX;CBOE_VIX9D
2019-05-10,47.52501984,47.8692664,46.40562437,47.46724319,164834800,30.03,33.12,26.74,27.56,18.79,20.19,15.57,16.04,20.69,23.08,15.84,16.57,0,,,,,AAPL_YF_GITHUB;CBOE_VXAPL;CBOE_VIX;CBOE_VIX9D
2019-05-13,45.18752827,45.61361865,44.01757778,44.70847321,229722400,33.89,36.04,32.89,35.16,18.62,21.32,18.35,20.55,22.85,24.36,21.48,22.76,0,,,,,AAPL_YF_GITHUB;CBOE_VXAPL;CBOE_VIX;CBOE_VIX9D
2019-05-14,44.87458171,45.66658358,44.63385116,45.41622543,146118800,34.36,34.75,29.62,30.38,19.4,19.65,17.45,18.06,22.76,22.76,18.42,18.76,0,,,,,AAPL_YF_GITHUB;CBOE_VXAPL;CBOE_VIX;CBOE_VIX9D
2019-05-15,44.84086333,46.1600652,44.78068071,45.96025848,106178800,31.64,31.64,27.07,27.45,17.57,19.15,16.41,16.44,20.35,20.4,16.12,16.31,0,,,,,AAPL_YF_GITHUB;CBOE_VXAPL;CBOE_VIX;CBOE_VIX9D
2019-05-16,45.71714052,46.33341015,45.45955706,45.75806427,132125600,27.83,28.96,26.52,28.71,16.69,17.13,15.16,15.29,16.14,16.14,14.71,15.06,0,,,,,AAPL_YF_GITHUB;CBOE_VXAPL;CBOE_VIX;CBOE_VIX9D
2019-05-17,44.99975581,45.9554563,44.95883206,45.49806976,131516400,29.8,31.17,28.72,30.68,15.89,16.81,14.86,15.96,17.11,17.11,14.48,16.26,0,,,,,AAPL_YF_GITHUB;CBOE_VXAPL;CBOE_VIX;CBOE_VIX9D
2019-05-20,44.17886393,44.37867069,43.39889576,44.0753479,154449200,33.59,35.16,31.9,32.84,15.88,17.63,15.46,16.31,18.77,19.41,16.61,16.82,0,,,,,AAPL_YF_GITHUB;CBOE_VXAPL;CBOE_VIX;CBOE_VIX9D
2019-05-21,44.58810172,45.25733219,44.46292084,44.92031097,113459200,31.72,31.72,29.61,30.28,15.86,16.22,14.79,14.95,15.81,15.81,13.98,14.5,0,,,,,AAPL_YF_GITHUB;CBOE_VXAPL;CBOE_VIX;CBOE_VIX9D
2019-05-22,44.45329164,44.70605938,43.94535018,44.00071716,118994400,30.82,33.07,30.56,33.04,15.06,15.44,14.42,14.75,14.5,14.94,13.48,13.92,0,,,,,AAPL_YF_GITHUB;CBOE_VXAPL;CBOE_VIX;CBOE_VIX9D
2019-05-23,43.28334354,43.46148176,42.80428854,43.24964142,146118800,34.67,36.04,33.71,34.35,15.93,18.05,15.28,16.92,16.44,18.99,16.42,17.4,0,,,,,AAPL_YF_GITHUB;CBOE_VXAPL;CBOE_VIX;CBOE_VIX9D
2019-05-24,43.37963554,43.8466533,42.99928091,43.08353806,94858800,33.83,33.83,31.52,31.74,16.34,16.52,15.52,15.85,15.78,16.49,15.23,15.36,0,,,,,AAPL_YF_GITHUB;CBOE_VXAPL;CBOE_VIX;CBOE_VIX9D
2019-05-28,43.07150014,43.47351963,42.82836366,42.90539551,111792800,32.45,32.53,31.02,32.25,16.55,17.7,15.9,17.5,16.84,18.53,15.92,17.98,0,,,,,AAPL_YF_GITHUB;CBOE_VXAPL;CBOE_VIX;CBOE_VIX9D
2019-05-29,42.46966847,43.17501064,42.36856211,42.70077133,113924800,33.6,33.72,31.26,31.29,18.55,19.04,17.62,17.9,19.04,19.91,18.04,18.34,0,,,,,AAPL_YF_GITHUB;CBOE_VXAPL;CBOE_VIX;CBOE_VIX9D
2019-05-30,42.8379917,43.14612644,42.52985695,42.92224884,84873600,30.9,33.11,30.58,32.43,17.47,18.11,16.72,17.3,17.18,18.37,16.35,17.12,0,,,,,AAPL_YF_GITHUB;CBOE_VXAPL;CBOE_VIX;CBOE_VIX9D
2019-05-31,42.42393606,42.8476241,42.12543259,42.14469147,108174400,33.77,34.21,32.05,32.91,19.05,19.72,18.01,18.71,19.72,19.93,18.04,19.0,0,,,,,AAPL_YF_GITHUB;CBOE_VXAPL;CBOE_VIX;CBOE_VIX9D
2019-06-03,42.27227058,42.83076334,40.98917678,41.71858978,161584400,32.85,44.95,30.25,33.35,19.41,19.75,18.16,18.86,19.3,20.46,18.59,19.26,0,,,,,AAPL_YF_GITHUB;CBOE_VXAPL;CBOE_VIX;CBOE_VIX9D
2019-06-04,42.2337599,43.29056665,42.01228827,43.24482727,123872000,32.0,32.51,30.34,30.65,18.74,18.74,16.97,16.97,18.52,18.89,16.65,16.65,0,,,,,AAPL_YF_GITHUB;CBOE_VXAPL;CBOE_VIX;CBOE_VIX9D
2019-06-05,44.36181596,44.53273623,43.60592234,43.94294357,119093600,29.61,31.74,29.61,31.15,17.06,17.49,16.04,16.09,16.45,17.52,14.79,14.9,0,,,,,AAPL_YF_GITHUB;CBOE_VXAPL;CBOE_VIX;CBOE_VIX9D
2019-06-06,44.07294866,44.64829451,43.84906734,44.58811188,90105200,31.0,31.08,28.97,29.59,16.25,16.54,15.36,15.93,15.24,15.4,14.22,14.88,0,,,,,AAPL_YF_GITHUB;CBOE_VXAPL;CBOE_VIX;CBOE_VIX9D
2019-06-07,44.89864349,46.20099635,44.72050527,45.77490234,122737600,29.49,29.79,28.52,29.06,15.65,16.44,15.33,16.3,14.44,15.41,14.31,15.02,0,,,,,AAPL_YF_GITHUB;CBOE_VXAPL;CBOE_VIX;CBOE_VIX9D
2019-06-10,46.17451503,47.031515,46.12877565,46.35987854,104883600,29.39,29.79,29.16,29.4,16.3,16.47,15.84,15.94,15.5,16.05,15.25,15.25,0,,,,,AAPL_YF_GITHUB;CBOE_VXAPL;CBOE_VIX;CBOE_VIX9D
2019-06-11,46.90875433,47.18318701,46.60543517,46.89671707,107731600,29.15,30.14,28.75,29.71,15.84,16.7,15.5,15.99,14.85,16.19,14.85,15.15,0,,,,,AAPL_YF_GITHUB;CBOE_VXAPL;CBOE_VIX;CBOE_VIX9D
2019-06-12,46.68968277,47.17595944,46.55487426,46.74745941,73012800,29.99,30.12,29.48,29.64,16.26,16.43,15.78,15.91,15.29,15.49,14.64,14.66,0,,,,,AAPL_YF_GITHUB;CBOE_VXAPL;CBOE_VIX;CBOE_VIX9D
2019-06-13,46.87022217,47.37334797,46.60542085,46.73781967,86698400,29.65,29.7,28.45,28.92,16.16,16.21,15.61,15.82,14.85,15.01,14.37,14.59,0,,,,,AAPL_YF_GITHUB;CBOE_VXAPL;CBOE_VIX;CBOE_VIX9D
2019-06-14,46.11192946,46.60301808,45.81101633,46.39839935,75046000,29.6,30.04,28.65,28.75,16.0,16.4,15.21,15.28,15.16,15.52,13.5,13.56,0,,,,,AAPL_YF_GITHUB;CBOE_VXAPL;CBOE_VIX;CBOE_VIX9D
2019-06-17,46.43690744,46.93281531,46.26117522,46.67523193,58676400,29.46,29.48,27.13,27.74,15.65,15.76,15.24,15.35,15.36,15.5,14.6,14.99,0,,,,,AAPL_YF_GITHUB;CBOE_VXAPL;CBOE_VIX;CBOE_VIX9D
2019-06-18,47.19522031,48.21591539,46.99300755,47.77297211,106204000,27.53,27.65,26.39,26.79,14.89,15.54,14.62,15.15,15.07,15.64,14.15,15.29,0,,,,,AAPL_YF_GITHUB;CBOE_VXAPL;CBOE_VIX;CBOE_VIX9D
2019-06-19,48.06906436,48.1172134,47.49853425,47.63334274,84496800,26.9,27.54,25.6,26.53,15.05,15.71,14.15,14.33,15.32,17.01,13.7,13.87,0,,,,,AAPL_YF_GITHUB;CBOE_VXAPL;CBOE_VIX;CBOE_VIX9D
2019-06-20,48.23517144,48.29294809,47.67186292,48.01610947,86056000,26.3,27.37,25.96,26.55,14.04,16.03,13.19,14.75,13.54,16.55,13.12,14.77,0,,,,,AAPL_YF_GITHUB;CBOE_VXAPL;CBOE_VIX;CBOE_VIX9D
2019-06-21,47.85722119,48.35071942,47.70074417,47.85240555,191202400,27.1,27.2,26.26,26.62,14.74,15.48,14.42,15.4,14.68,14.83,13.94,14.83,0,,,,,AAPL_YF_GITHUB;CBOE_VXAPL;CBOE_VIX;CBOE_VIX9D
2019-06-24,47.79461754,48.18460333,47.70554845,47.80424881,72881600,27.73,27.76,26.83,27.15,15.46,15.56,15.23,15.26,16.22,16.39,15.8,15.8,0,,,,,AAPL_YF_GITHUB;CBOE_VXAPL;CBOE_VIX;CBOE_VIX9D
2019-06-25,47.76815959,47.96796638,47.01226584,47.07967377,84281200,27.38,28.67,27.14,28.67,15.43,16.68,15.1,16.28,15.8,17.74,15.78,17.01,0,,,,,AAPL_YF_GITHUB;CBOE_VXAPL;CBOE_VIX;CBOE_VIX9D
2019-06-26,47.60927874,48.38443135,47.50817235,48.09796143,104270000,28.12,28.61,27.61,28.56,16.1,16.6,15.47,16.21,17.03,17.33,16.28,16.8,0,,,,,AAPL_YF_GITHUB;CBOE_VXAPL;CBOE_VIX;CBOE_VIX9D
2019-06-27,48.21591401,48.52405246,48.04259142,48.08351517,83598800,28.7,29.05,28.37,28.98,15.66,16.4,15.66,15.82,16.85,17.1,16.24,16.34,0,,,,,AAPL_YF_GITHUB;CBOE_VXAPL;CBOE_VIX;CBOE_VIX9D
2019-06-28,47.82833196,48.02573273,47.43594376,47.64537811,124442400,27.14,32.99,27.14,30.09,15.7,16.13,15.08,15.08,16.64,17.06,15.67,15.67,0,,,,,AAPL_YF_GITHUB;CBOE_VXAPL;CBOE_VIX;CBOE_VIX9D
2019-07-01,48.90921594,49.22698197,48.30257405,48.5192337,109012000,26.41,28.31,24.18,27.27,13.85,14.64,13.8,14.06,13.2,13.41,12.32,12.51,0,,,,,AAPL_YF_GITHUB;CBOE_VXAPL;CBOE_VIX;CBOE_VIX9D
2019-07-02,48.48552519,48.8995819,48.47348794,48.80328751,67740800,27.39,27.44,26.15,26.47,14.16,14.3,12.9,12.93,12.31,12.49,10.38,10.42,0,,,,,AAPL_YF_GITHUB;CBOE_VXAPL;CBOE_VIX;CBOE_VIX9D
2019-07-03,48.93570266,49.21495096,48.79367253,49.20772934,45448000,26.64,26.65,25.91,25.93,13.18,13.19,12.56,12.57,10.53,10.53,9.87,9.91,0,,,,,AAPL_YF_GITHUB;CBOE_VXAPL;CBOE_VIX;CBOE_VIX9D
2019-07-05,48.95254642,49.36900913,48.84421476,49.16438675,69062000,,,,,13.0,14.47,12.04,13.28,11.4,12.38,10.34,10.57,0,,,,,AAPL_YF_GITHUB;CBOE_VXAPL;CBOE_VIX;CBOE_VIX9D
2019-07-08,48.34108871,48.48311881,47.76333701,48.15091324,101354400,29.05,30.24,28.9,29.49,13.73,14.44,13.64,13.96,12.31,12.53,11.02,11.12,0,,,,,AAPL_YF_GITHUB;CBOE_VXAPL;CBOE_VIX;CBOE_VIX9D
2019-07-09,47.95351073,48.50959755,47.85962599,48.44460297,82312000,30.2,30.2,29.15,29.24,14.47,14.71,13.99,14.09,12.05,12.05,10.87,11.08,0,,,,,AAPL_YF_GITHUB;CBOE_VXAPL;CBOE_VIX;CBOE_VIX9D
2019-07-10,48.59145467,49.04402553,48.52164077,48.92366028,71588400,29.4,29.4,27.41,27.52,14.38,14.69,12.98,13.03,10.65,10.65,9.88,9.94,0,,,,,AAPL_YF_GITHUB;CBOE_VXAPL;CBOE_VIX;CBOE_VIX9D
2019-07-11,48.94292184,49.20291124,48.55775521,48.56738281,80767200,27.61,28.27,26.9,28.27,13.01,13.33,12.39,12.93,10.09,10.57,9.74,10.08,0,,,,,AAPL_YF_GITHUB;CBOE_VXAPL;CBOE_VIX;CBOE_VIX9D
2019-07-12,48.73589121,49.10902423,48.67570858,48.94051361,70380800,28.14,28.19,27.11,27.16,12.76,12.82,12.28,12.39,9.9,9.93,9.48,9.88,0,,,,,AAPL_YF_GITHUB;CBOE_VXAPL;CBOE_VIX;CBOE_VIX9D
2019-07-15,49.13067846,49.55917838,49.1090136,49.40029907,67789600,28.57,28.57,27.79,28.07,12.58,13.02,12.49,12.68,10.95,11.25,10.79,11.01,0,,,,,AAPL_YF_GITHUB;CBOE_VXAPL;CBOE_VIX;CBOE_VIX9D
2019-07-16,49.25105405,49.61696546,48.98865868,49.22938919,67467200,28.05,28.3,27.09,27.97,12.61,13.14,12.28,12.86,10.98,12.1,10.34,11.71,0,,,,,AAPL_YF_GITHUB;CBOE_VXAPL;CBOE_VIX;CBOE_VIX9D
2019-07-17,49.12106343,49.37142155,48.93329391,48.9525528,56430000,28.18,28.65,27.64,28.65,12.62,13.97,12.24,13.97,11.59,13.42,11.46,13.42,0,,,,,AAPL_YF_GITHUB;CBOE_VXAPL;CBOE_VIX;CBOE_VIX9D
2019-07-18,49.10902296,49.56159748,49.03680307,49.50863647,74162400,28.65,28.99,27.69,27.82,14.45,14.5,13.19,13.53,13.4,14.29,12.1,12.68,0,,,,,AAPL_YF_GITHUB;CBOE_VXAPL;CBOE_VIX;CBOE_VIX9D
2019-07-19,49.53993304,49.71085333,48.71422911,48.7695961,83717200,27.55,28.98,27.24,28.97,13.31,14.45,13.09,14.45,12.68,13.56,12.22,13.56,0,,,,,AAPL_YF_GITHUB;CBOE_VXAPL;CBOE_VIX;CBOE_VIX9D
2019-07-22,49.0247647,49.88658033,49.0151371,49.88417435,89111600,29.0,29.0,27.81,28.59,14.55,14.7,13.42,13.53,15.05,15.24,13.46,13.64,0,,,,,AAPL_YF_GITHUB;CBOE_VXAPL;CBOE_VIX;CBOE_VIX9D
2019-07-23,50.18267957,50.29100756,49.90102167,50.27415466,73420800,28.36,29.58,28.31,28.37,13.42,13.52,12.55,12.61,13.59,13.85,12.3,12.82,0,,,,,AAPL_YF_GITHUB;CBOE_VXAPL;CBOE_VIX;CBOE_VIX9D
2019-07-24,49.9925077,50.34878784,49.87214243,50.23323822,59966400,28.79,28.82,28.09,28.09,12.8,13.1,11.98,12.07,13.39,13.39,12.13,12.19,0,,,,,AAPL_YF_GITHUB;CBOE_VXAPL;CBOE_VIX;CBOE_VIX9D
2019-07-25,50.28620161,50.37045877,49.76622277,49.83603668,55638400,28.17,29.1,27.86,27.99,12.24,13.54,11.69,12.74,12.78,13.92,12.45,12.53,0,,,,,AAPL_YF_GITHUB;CBOE_VXAPL;CBOE_VIX;CBOE_VIX9D
2019-07-26,49.94676517,50.48840882,49.86491768,50.00935745,70475600,29.01,29.01,26.85,27.7,12.58,12.72,12.01,12.16,12.23,12.29,11.5,11.54,0,,,,,AAPL_YF_GITHUB;CBOE_VXAPL;CBOE_VIX;CBOE_VIX9D
2019-07-29,50.18268013,50.70747084,50.17786449,50.47636795,86693600,28.52,29.5,28.46,29.17,12.15,13.17,12.15,12.83,12.69,13.4,12.56,12.67,0,,,,,AAPL_YF_GITHUB;CBOE_VXAPL;CBOE_VIX;CBOE_VIX9D
2019-07-30,50.25490421,50.59192916,49.90584568,50.25971985,135742800,29.61,30.49,27.74,28.64,12.87,14.18,12.87,13.94,14.33,14.61,13.61,14.46,1,2019-06-30,0.52,0.55,0.05769231,AAPL_YF_GITHUB;CBOE_VXAPL;CBOE_VIX;CBOE_VIX9D;ALPHAQUERY_ZACKS_EARNINGS
2019-07-31,52.09889907,53.29051442,50.86635997,51.28522873,277125600,22.2,27.24,21.52,24.95,13.83,16.55,13.46,16.12,14.44,18.41,12.36,18.41,0,,,,,AAPL_YF_GITHUB;CBOE_VXAPL;CBOE_VIX;CBOE_VIX9D
2019-08-01,51.49224923,52.48646731,49.76862175,50.17545319,216071600,24.27,48.11,20.0,30.16,15.41,19.46,13.73,17.87,15.57,22.44,13.1,19.32,0,,,,,AAPL_YF_GITHUB;CBOE_VXAPL;CBOE_VIX;CBOE_VIX9D
2019-08-02,49.47733225,49.6939882,48.5384849,49.11383057,163448400,30.07,33.1,29.05,29.77,17.69,20.11,17.04,17.61,19.5,22.31,17.69,17.69,0,,,,,AAPL_YF_GITHUB;CBOE_VXAPL;CBOE_VIX;CBOE_VIX9D
2019-08-05,47.66222258,47.82110188,46.35986997,46.54282379,209572000,35.31,38.55,33.72,36.71,19.96,24.81,19.91,24.59,24.12,30.16,23.73,29.14,0,,,,,AAPL_YF_GITHUB;CBOE_VXAPL;CBOE_VIX;CBOE_VIX9D
2019-08-06,47.257796,47.68148396,46.71133683,47.4239006,143299200,34.28,35.92,32.93,33.5,22.29,22.87,19.77,20.17,24.32,25.46,21.24,21.84,0,,,,,AAPL_YF_GITHUB;CBOE_VXAPL;CBOE_VIX;CBOE_VIX9D
2019-08-07,47.04114039,48.04017034,46.65837984,47.91498947,133457600,34.61,36.24,32.7,32.76,20.7,23.67,18.94,19.49,25.56,27.65,19.98,20.95,0,,,,,AAPL_YF_GITHUB;CBOE_VXAPL;CBOE_VIX;CBOE_VIX9D
2019-08-08,48.19424706,48.99588009,47.99925593,48.97180557,108038000,31.97,32.39,29.56,29.6,19.36,19.89,16.82,16.91,19.66,19.76,16.46,16.77,0,,,,,AAPL_YF_GITHUB;CBOE_VXAPL;CBOE_VIX;CBOE_VIX9D
2019-08-09,48.6431696,48.99596946,48.15746049,48.56826019,98478800,30.33,31.79,29.6,31.09,18.14,19.44,17.31,17.97,16.76,20.2,16.76,17.75,0,,,,,AAPL_YF_GITHUB;CBOE_VXAPL;CBOE_VIX;CBOE_VIX9D
2019-08-12,48.23720759,48.82440727,48.12363406,48.44502258,89927600,32.57,33.62,30.94,32.51,17.87,21.26,17.77,21.09,21.47,23.13,19.87,22.45,0,,,,,AAPL_YF_GITHUB;CBOE_VXAPL;CBOE_VIX;CBOE_VIX9D
2019-08-13,48.57550403,51.26259663,48.44501359,50.49658203,188874000,32.27,43.12,18.09,27.43,21.28,21.64,17.52,17.52,22.08,22.29,17.49,17.49,0,,,,,AAPL_YF_GITHUB;CBOE_VXAPL;CBOE_VIX;CBOE_VIX9D
2019-08-14,49.09262473,49.88522045,48.95488524,48.99354935,146189600,31.87,35.5,30.07,34.52,17.81,22.71,17.75,22.1,17.62,25.27,17.62,24.42,0,,,,,AAPL_YF_GITHUB;CBOE_VXAPL;CBOE_VIX;CBOE_VIX9D
2019-08-15,49.16511874,49.57108078,48.24928165,48.74948883,108909600,34.11,36.4,33.67,34.06,21.58,24.1,20.78,21.18,24.19,25.86,22.04,22.45,0,,,,,AAPL_YF_GITHUB;CBOE_VXAPL;CBOE_VIX;CBOE_VIX9D
2019-08-16,49.3632743,50.05921356,49.25694984,49.89972687,110481600,31.92,33.22,19.74,29.87,20.48,20.5,18.41,18.47,22.5,22.5,18.14,18.36,0,,,,,AAPL_YF_GITHUB;CBOE_VXAPL;CBOE_VIX;CBOE_VIX9D
2019-08-19,50.89530059,51.405172,50.75273083,50.83005905,97654400,24.16,35.44,24.16,28.17,17.93,18.22,16.52,16.88,17.48,17.76,16.49,17.2,0,,,,,AAPL_YF_GITHUB;CBOE_VXAPL;CBOE_VIX;CBOE_VIX9D
2019-08-20,50.95813026,51.55499408,50.82280957,50.83247375,107537200,28.13,29.91,26.16,27.13,16.78,17.7,16.45,17.5,17.64,18.94,16.77,18.43,0,,,,,AAPL_YF_GITHUB;CBOE_VXAPL;CBOE_VIX;CBOE_VIX9D
2019-08-21,51.46800013,51.62748312,51.13211353,51.38342285,86141600,27.6,27.92,26.0,27.36,17.01,17.04,15.51,15.8,16.25,16.86,15.86,16.09,0,,,,,AAPL_YF_GITHUB;CBOE_VXAPL;CBOE_VIX;CBOE_VIX9D
2019-08-22,51.51633142,51.81838786,50.92671665,51.33993149,89014800,27.28,28.98,26.74,27.81,16.12,17.68,15.63,16.68,15.81,18.41,15.63,16.71,0,,,,,AAPL_YF_GITHUB;CBOE_VXAPL;CBOE_VIX;CBOE_VIX9D
2019-08-23,50.60773339,51.24084608,48.57066689,48.96696472,187272000,29.72,37.98,22.51,36.54,16.15,21.07,16.04,19.87,19.01,24.16,16.11,21.55,0,,,,,AAPL_YF_GITHUB;CBOE_VXAPL;CBOE_VIX;CBOE_VIX9D
2019-08-26,49.74508213,50.0664707,49.55176523,49.89731979,104174400,34.16,35.67,33.15,33.41,20.34,21.33,19.06,19.32,22.28,23.51,19.47,19.82,0,,,,,AAPL_YF_GITHUB;CBOE_VXAPL;CBOE_VIX;CBOE_VIX9D
2019-08-27,50.22836449,50.39510024,49.18204047,49.33427811,103493200,32.45,35.22,32.34,34.32,20.18,21.04,18.49,20.31,19.12,21.99,18.4,20.81,0,,,,,AAPL_YF_GITHUB;CBOE_VXAPL;CBOE_VIX;CBOE_VIX9D
2019-08-28,49.31978196,49.71124597,49.13129902,49.66533279,63755200,34.69,35.79,32.91,33.16,20.55,21.64,19.1,19.35,22.0,22.67,18.9,19.16,0,,,,,AAPL_YF_GITHUB;CBOE_VXAPL;CBOE_VIX;CBOE_VIX9D
2019-08-29,50.38301078,50.58116156,49.93838462,50.50624847,83962000,31.18,38.32,30.0,31.04,19.02,19.2,17.6,17.88,17.44,18.57,16.76,16.85,0,,,,,AAPL_YF_GITHUB;CBOE_VXAPL;CBOE_VIX;CBOE_VIX9D
2019-08-30,50.78414135,50.85421681,50.06887014,50.44100571,84573600,30.53,32.29,30.29,30.91,17.94,19.18,17.09,18.98,16.81,18.86,16.21,18.6,0,,,,,AAPL_YF_GITHUB;CBOE_VXAPL;CBOE_VIX;CBOE_VIX9D
2019-09-03,49.88280174,50.01570729,49.34876807,49.70640182,80092000,33.13,34.05,31.07,32.77,20.96,21.15,19.41,19.66,20.76,21.59,18.94,19.07,0,,,,,AAPL_YF_GITHUB;CBOE_VXAPL;CBOE_VIX;CBOE_VIX9D
2019-09-04,50.35643442,50.61982676,50.09787602,50.54975128,76752400,31.1,31.45,29.58,29.81,18.23,18.83,17.26,17.33,16.87,17.65,15.46,15.6,0,,,,,AAPL_YF_GITHUB;CBOE_VXAPL;CBOE_VIX;CBOE_VIX9D
2019-09-05,51.2287766,51.70481788,51.11036913,51.53808212,95654800,28.79,28.82,27.08,27.44,16.92,17.05,15.45,16.27,14.91,14.93,13.01,14.59,0,,,,,AAPL_YF_GITHUB;CBOE_VXAPL;CBOE_VIX;CBOE_VIX9D
2019-09-06,51.724143,51.81355052,51.35200742,51.53324127,77449200,27.28,27.9,26.33,27.09,15.92,16.06,14.91,15.0,14.16,14.29,12.34,12.39,0,,,,,AAPL_YF_GITHUB;CBOE_VXAPL;CBOE_VIX;CBOE_VIX9D
2019-09-09,51.91504895,52.30168271,51.00404929,51.75314713,109237600,27.37,28.56,26.43,27.39,15.26,16.13,14.95,15.27,13.73,14.98,13.52,13.66,0,,,,,AAPL_YF_GITHUB;CBOE_VXAPL;CBOE_VIX;CBOE_VIX9D
2019-09-10,51.67823063,52.38383401,51.15869504,52.36450195,127111600,27.64,30.32,25.24,26.37,15.53,16.52,15.11,15.2,14.59,15.65,13.34,13.76,0,,,,,AAPL_YF_GITHUB;CBOE_VXAPL;CBOE_VIX;CBOE_VIX9D
2019-09-11,52.69556689,54.05844558,52.61340473,54.02944565,177158400,26.18,26.37,25.04,25.74,15.33,15.52,14.55,14.61,14.1,14.13,13.09,13.13,0,,,,,AAPL_YF_GITHUB;CBOE_VXAPL;CBOE_VIX;CBOE_VIX9D
2019-09-12,54.32182609,54.71329002,53.85303395,53.9086113,128906800,25.59,35.93,24.55,25.66,14.69,14.94,13.85,14.22,13.24,13.79,11.2,13.1,0,,,,,AAPL_YF_GITHUB;CBOE_VXAPL;CBOE_VIX;CBOE_VIX9D
2019-09-13,53.16193115,53.35282919,52.44182966,52.85987473,159053200,26.84,26.97,25.65,26.35,14.16,14.31,13.51,13.74,13.06,13.43,12.26,12.62,0,,,,,AAPL_YF_GITHUB;CBOE_VXAPL;CBOE_VIX;CBOE_VIX9D
2019-09-16,52.61339825,53.19334883,52.57231902,53.13776779,84632400,27.06,27.37,26.14,26.27,14.89,15.29,14.5,14.67,15.04,15.18,14.14,14.6,0,,,,,AAPL_YF_GITHUB;CBOE_VXAPL;CBOE_VIX;CBOE_VIX9D
2019-09-17,53.15226635,53.36008131,52.94928163,53.33108139,73274800,26.75,26.97,25.29,26.22,14.92,15.03,14.4,14.44,14.95,15.25,14.43,14.54,0,,,,,AAPL_YF_GITHUB;CBOE_VXAPL;CBOE_VIX;CBOE_VIX9D
2019-09-18,53.4180688,53.85061562,53.02660489,53.83128357,101360000,26.55,27.81,24.88,25.73,14.61,15.8,13.8,13.95,15.15,17.31,13.71,14.13,0,,,,,AAPL_YF_GITHUB;CBOE_VXAPL;CBOE_VIX;CBOE_VIX9D
2019-09-19,53.64763389,54.07051287,53.25133603,53.39390945,88242400,26.14,26.37,25.18,25.77,14.66,14.66,13.31,14.05,14.1,14.1,12.18,13.18,0,,,,,AAPL_YF_GITHUB;CBOE_VXAPL;CBOE_VIX;CBOE_VIX9D
2019-09-20,53.49539491,53.78053437,52.55056166,52.61338806,221652400,25.75,27.37,23.72,26.87,13.94,15.84,13.35,15.32,12.2,15.67,11.78,14.68,0,,,,,AAPL_YF_GITHUB;CBOE_VXAPL;CBOE_VIX;CBOE_VIX9D
2019-09-23,52.90819651,53.12326052,52.59405713,52.85261917,76662000,28.37,28.37,26.61,27.09,15.35,16.0,14.71,14.91,12.43,15.43,8.88,9.83,0,,,,,AAPL_YF_GITHUB;CBOE_VXAPL;CBOE_VIX;CBOE_VIX9D
2019-09-24,53.41083115,53.76363471,52.48291459,52.60131836,124763200,26.9,34.38,26.64,29.43,14.77,17.62,14.33,17.05,13.49,18.69,13.12,17.73,0,,,,,AAPL_YF_GITHUB;CBOE_VXAPL;CBOE_VIX;CBOE_VIX9D
2019-09-25,52.81154115,53.52439351,52.47082065,53.41082001,87613600,29.33,31.1,27.76,28.09,17.05,18.45,15.69,15.96,17.77,19.66,14.93,15.3,0,,,,,AAPL_YF_GITHUB;CBOE_VXAPL;CBOE_VIX;CBOE_VIX9D
2019-09-26,53.16193802,53.38908507,52.87921361,53.1353569,75334000,28.56,41.73,25.83,28.24,16.23,17.09,15.35,16.07,15.51,17.4,14.57,15.2,0,,,,,AAPL_YF_GITHUB;CBOE_VXAPL;CBOE_VIX;CBOE_VIX9D
2019-09-27,53.29241532,53.39390952,52.50465353,52.87678909,101408000,28.05,31.62,22.96,29.07,15.77,18.69,15.15,17.22,15.14,19.41,13.44,16.77,0,,,,,AAPL_YF_GITHUB;CBOE_VXAPL;CBOE_VIX;CBOE_VIX9D
2019-09-30,53.37941302,54.2686691,53.3528319,54.12126541,103909600,29.15,30.04,28.47,28.85,17.23,17.35,16.2,16.24,16.97,17.03,15.2,15.28,0,,,,,AAPL_YF_GITHUB;CBOE_VXAPL;CBOE_VIX;CBOE_VIX9D
2019-10-01,54.38707616,55.14825691,54.17684237,54.27108383,139223200,28.74,31.93,27.04,30.45,16.02,18.62,15.79,18.56,15.26,19.29,14.65,18.94,0,,,,,AAPL_YF_GITHUB;CBOE_VXAPL;CBOE_VIX;CBOE_VIX9D
2019-10-02,53.90137228,54.0270288,52.66173135,52.91062927,138449200,31.35,34.11,31.29,33.37,18.75,21.46,18.75,20.56,20.31,23.43,20.24,21.71,0,,,,,AAPL_YF_GITHUB;CBOE_VXAPL;CBOE_VIX;CBOE_VIX9D
2019-10-03,52.78254908,53.39391471,51.98512302,53.36008453,114426000,33.52,43.49,31.84,31.87,20.11,21.44,19.03,19.12,21.01,23.04,19.23,19.48,0,,,,,AAPL_YF_GITHUB;CBOE_VXAPL;CBOE_VIX;CBOE_VIX9D
2019-10-04,54.524809,54.97185399,54.10193001,54.85586166,138478800,31.19,31.6,29.49,29.49,19.42,19.97,16.97,17.04,18.7,18.7,16.02,16.27,0,,,,,AAPL_YF_GITHUB;CBOE_VXAPL;CBOE_VIX;CBOE_VIX9D
2019-10-07,54.67704858,55.56146702,54.57313925,54.86794662,122306000,31.75,34.37,25.31,31.37,18.27,18.52,16.44,17.86,18.43,18.65,16.32,17.7,0,,,,,AAPL_YF_GITHUB;CBOE_VXAPL;CBOE_VIX;CBOE_VIX9D
2019-10-08,54.56830565,55.10958839,54.20825308,54.22516632,111820000,32.42,35.48,19.14,33.4,17.61,20.38,17.42,20.28,19.89,20.74,18.32,20.29,0,,,,,AAPL_YF_GITHUB;CBOE_VXAPL;CBOE_VIX;CBOE_VIX9D
2019-10-09,54.8606987,55.04434769,54.52481209,54.8606987,74770400,32.43,34.33,31.06,32.14,19.94,20.0,17.77,18.64,19.39,19.93,16.86,18.26,0,,,,,AAPL_YF_GITHUB;CBOE_VXAPL;CBOE_VIX;CBOE_VIX9D
2019-10-10,55.07818891,55.68472073,54.92595494,55.60014343,113013600,32.13,34.03,31.41,32.1,19.28,19.8,17.56,17.57,19.9,19.94,17.6,17.78,0,,,,,AAPL_YF_GITHUB;CBOE_VXAPL;CBOE_VIX;CBOE_VIX9D
2019-10-11,56.2912406,57.42455701,56.13658784,57.0790062,166795600,30.78,34.68,30.03,31.3,17.35,17.44,15.11,15.58,16.93,17.75,14.59,15.28,0,,,,,AAPL_YF_GITHUB;CBOE_VXAPL;CBOE_VIX;CBOE_VIX9D
2019-10-14,56.76243394,57.54295029,56.7068566,56.99682999,96427600,32.6,32.7,30.62,31.52,15.66,16.5,14.51,14.57,16.09,16.09,13.88,14.01,0,,,,,AAPL_YF_GITHUB;CBOE_VXAPL;CBOE_VIX;CBOE_VIX9D
2019-10-15,57.1224996,57.42697117,56.75761673,56.86394119,87360000,31.18,31.53,29.64,30.21,13.94,14.43,13.39,13.54,13.44,13.44,12.25,12.3,0,,,,,AAPL_YF_GITHUB;CBOE_VXAPL;CBOE_VIX;CBOE_VIX9D
2019-10-16,56.39272756,56.8446065,56.35164833,56.63437271,73903200,30.43,30.91,28.45,29.41,13.94,14.26,13.6,13.68,13.05,13.44,11.8,11.92,0,,,,,AAPL_YF_GITHUB;CBOE_VXAPL;CBOE_VIX;CBOE_VIX9D
2019-10-17,56.80836158,57.06450487,56.42898058,56.85427475,67585200,28.85,29.43,27.29,28.96,13.79,14.18,13.31,13.79,12.12,12.73,11.62,11.9,0,,,,,AAPL_YF_GITHUB;CBOE_VXAPL;CBOE_VIX;CBOE_VIX9D
2019-10-18,56.68753862,57.410059,56.61504434,57.12733459,97433600,28.89,29.98,28.12,29.75,14.2,15.16,13.78,14.25,12.89,13.86,12.26,12.35,0,,,,,AAPL_YF_GITHUB;CBOE_VXAPL;CBOE_VIX;CBOE_VIX9D
2019-10-21,57.39555965,58.23406866,57.34723136,58.11807632,87247200,29.37,30.23,24.95,28.77,14.24,14.63,14.0,14.0,13.46,13.72,12.61,12.61,0,,,,,AAPL_YF_GITHUB;CBOE_VXAPL;CBOE_VIX;CBOE_VIX9D
2019-10-22,58.27513805,58.52644735,57.9030025,57.98516464,82293600,28.51,29.61,28.37,29.52,13.99,14.61,13.7,14.46,12.53,13.52,12.05,13.3,0,,,,,AAPL_YF_GITHUB;CBOE_VXAPL;CBOE_VIX;CBOE_VIX9D
2019-10-23,58.50229019,58.77776551,58.28964129,58.7632637,75828800,28.98,29.57,28.42,28.93,14.83,15.12,14.01,14.01,13.46,13.66,12.27,12.27,0,,,,,AAPL_YF_GITHUB;CBOE_VXAPL;CBOE_VIX;CBOE_VIX9D
2019-10-24,59.08465636,59.15473552,58.43221517,58.85992813,69275200,28.75,30.03,27.83,28.2,13.98,14.34,13.4,13.71,12.17,12.92,11.4,11.89,0,,,,,AAPL_YF_GITHUB;CBOE_VXAPL;CBOE_VIX;CBOE_VIX9D
2019-10-25,58.75843202,59.62110324,58.69077168,59.58485794,73477200,28.32,28.63,27.72,27.82,13.53,13.79,12.62,12.65,12.07,12.07,10.33,10.33,0,,,,,AAPL_YF_GITHUB;CBOE_VXAPL;CBOE_VIX;CBOE_VIX9D
2019-10-28,59.7878342,60.2300452,59.61868336,60.18171692,96572800,28.42,28.89,27.39,28.65,13.01,13.14,12.66,13.11,11.54,11.76,11.29,11.7,0,,,,,AAPL_YF_GITHUB;CBOE_VXAPL;CBOE_VIX;CBOE_VIX9D
2019-10-29,60.16239473,60.35087766,58.61586721,58.78984833,142839600,28.78,31.6,27.84,31.46,13.16,13.52,13.07,13.2,12.19,12.3,11.6,11.75,0,,,,,AAPL_YF_GITHUB;CBOE_VXAPL;CBOE_VIX;CBOE_VIX9D
2019-10-30,59.14506431,59.27555475,58.28722699,58.78259659,124522000,30.78,42.22,30.5,35.14,13.23,13.77,12.27,12.33,12.21,13.03,10.6,10.67,1,2019-09-30,0.71,0.76,0.07042254,AAPL_YF_GITHUB;CBOE_VXAPL;CBOE_VIX;CBOE_VIX9D;ALPHAQUERY_ZACKS_EARNINGS
2019-10-31,59.74433541,60.21070868,57.33271467,60.1116333,139162000,24.3,25.32,23.65,23.7,12.21,13.95,12.19,13.22,11.67,12.97,11.41,11.58,0,,,,,AAPL_YF_GITHUB;CBOE_VXAPL;CBOE_VIX;CBOE_VIX9D
2019-11-01,60.30012642,61.84423871,60.20830377,61.81766129,151125200,23.42,24.29,20.56,23.42,12.99,13.12,12.25,12.3,10.81,11.56,9.79,9.84,0,,,,,AAPL_YF_GITHUB;CBOE_VXAPL;CBOE_VIX;CBOE_VIX9D
2019-11-04,62.18254608,62.30820628,61.71134244,62.223629,103272000,23.94,27.88,22.68,25.4,12.68,13.13,12.44,12.83,11.17,11.71,10.76,11.08,0,,,,,AAPL_YF_GITHUB;CBOE_VXAPL;CBOE_VIX;CBOE_VIX9D
2019-11-05,62.11489201,62.39037106,61.93849574,62.13422775,79897600,24.15,24.74,22.4,22.4,12.85,13.28,12.25,13.1,11.58,11.58,10.64,10.99,0,,,,,AAPL_YF_GITHUB;CBOE_VXAPL;CBOE_VIX;CBOE_VIX9D
2019-11-06,62.04721599,62.22120077,61.70891429,62.16078949,75864400,23.34,23.56,21.45,21.81,13.18,13.39,12.6,12.62,11.14,11.86,9.47,9.47,0,,,,,AAPL_YF_GITHUB;CBOE_VXAPL;CBOE_VIX;CBOE_VIX9D
2019-11-07,62.71099086,63.10121153,62.55829614,62.87822723,94940400,21.87,24.2,19.71,21.73,12.59,12.89,12.26,12.73,10.04,10.3,9.68,10.16,0,,,,,AAPL_YF_GITHUB;CBOE_VXAPL;CBOE_VIX;CBOE_VIX9D
2019-11-08,62.69884884,63.12299737,62.25288784,63.05028915,69986400,21.83,26.64,19.57,21.54,12.98,13.05,12.0,12.07,10.15,10.76,9.3,9.32,0,,,,,AAPL_YF_GITHUB;CBOE_VXAPL;CBOE_VIX;CBOE_VIX9D
2019-11-11,62.60432828,63.61501703,62.59948353,63.54957962,81821200,21.97,22.21,20.41,21.03,13.15,13.49,12.66,12.69,9.3,11.8,9.3,10.69,0,,,,,AAPL_YF_GITHUB;CBOE_VXAPL;CBOE_VIX;CBOE_VIX9D
2019-11-12,63.39203645,63.69258107,63.23934917,63.4914093,87388800,21.42,21.66,19.02,21.36,12.64,13.1,12.36,12.68,10.87,11.34,10.44,10.8,0,,,,,AAPL_YF_GITHUB;CBOE_VXAPL;CBOE_VIX;CBOE_VIX9D
2019-11-13,63.29024493,64.17489627,63.27570329,64.09976196,102734400,21.66,25.58,20.5,21.77,12.91,13.9,12.88,13.0,11.93,11.97,10.92,10.97,0,,,,,AAPL_YF_GITHUB;CBOE_VXAPL;CBOE_VIX;CBOE_VIX9D
2019-11-14,63.92526646,64.19914651,63.52535632,63.65623856,89182800,22.07,22.93,21.74,22.14,13.16,13.81,12.93,13.05,11.46,12.03,10.91,11.23,0,,,,,AAPL_YF_GITHUB;CBOE_VXAPL;CBOE_VIX;CBOE_VIX9D
2019-11-15,63.90829469,64.41727456,63.74591049,64.41242981,100206400,22.01,23.02,19.83,21.54,12.95,12.97,11.92,12.05,10.86,11.07,9.57,9.67,0,,,,,AAPL_YF_GITHUB;CBOE_VXAPL;CBOE_VIX;CBOE_VIX9D
2019-11-18,64.42208884,64.81715401,64.0415727,64.73717499,86703200,22.64,23.46,21.44,22.32,12.39,13.1,12.32,12.46,9.67,11.62,9.67,10.18,0,,,,,AAPL_YF_GITHUB;CBOE_VXAPL;CBOE_VIX;CBOE_VIX9D
2019-11-19,64.93109914,64.95533769,64.32275381,64.54088593,76167200,22.64,24.14,22.35,23.39,12.33,13.01,12.16,12.86,10.12,10.7,9.69,10.25,0,,,,,AAPL_YF_GITHUB;CBOE_VXAPL;CBOE_VIX;CBOE_VIX9D
2019-11-20,64.35910421,64.48997904,63.11331553,63.78953171,106234400,24.07,29.08,23.06,24.85,13.42,14.17,12.61,12.78,10.66,12.91,9.84,10.2,0,,,,,AAPL_YF_GITHUB;CBOE_VXAPL;CBOE_VIX;CBOE_VIX9D
2019-11-21,63.91070946,63.98826984,63.30235684,63.50352859,121395200,25.09,26.89,23.66,26.26,13.35,13.86,12.49,13.13,10.75,11.76,10.32,10.56,0,,,,,AAPL_YF_GITHUB;CBOE_VXAPL;CBOE_VIX;CBOE_VIX9D
2019-11-22,63.64410405,63.78710183,63.21995544,63.44778442,65325200,25.88,26.1,24.09,24.17,12.82,13.25,12.33,12.34,10.53,10.88,9.22,9.22,0,,,,,AAPL_YF_GITHUB;CBOE_VXAPL;CBOE_VIX;CBOE_VIX9D
2019-11-25,63.67318718,64.57723231,63.62713617,64.56026459,84020400,24.57,24.62,22.91,23.08,12.51,12.59,11.73,11.87,10.36,10.38,9.64,9.76,0,,,,,AAPL_YF_GITHUB;CBOE_VXAPL;CBOE_VIX;CBOE_VIX9D
2019-11-26,64.69841779,64.75173962,63.62229158,64.05613708,105207600,23.16,23.72,21.52,22.92,11.88,12.04,11.42,11.54,9.92,10.04,9.45,9.5,0,,,,,AAPL_YF_GITHUB;CBOE_VXAPL;CBOE_VIX;CBOE_VIX9D
2019-11-27,64.36879725,64.95049276,64.30335983,64.91655731,65235600,22.97,23.02,21.63,22.35,11.55,11.79,11.44,11.75,9.69,9.93,9.06,9.9,0,,,,,AAPL_YF_GITHUB;CBOE_VXAPL;CBOE_VIX;CBOE_VIX9D
2019-11-29,64.61598968,64.95530696,64.44632733,64.77352905,46617600,23.38,23.8,22.91,23.68,12.5,12.83,12.12,12.62,11.36,11.68,10.97,11.36,0,,,,,AAPL_YF_GITHUB;CBOE_VXAPL;CBOE_VIX;CBOE_VIX9D
2019-12-02,64.77838909,65.01591495,63.852539,64.02462006,94487200,24.89,41.06,19.6,25.5,12.69,15.27,12.55,14.91,13.29,16.2,13.29,15.3,0,,,,,AAPL_YF_GITHUB;CBOE_VXAPL;CBOE_VIX;CBOE_VIX9D
2019-12-03,62.6067544,62.90244685,62.11716841,62.88306046,114430400,30.6,30.6,26.44,27.33,14.68,17.99,14.61,15.96,19.35,20.59,16.47,16.86,0,,,,,AAPL_YF_GITHUB;CBOE_VXAPL;CBOE_VIX;CBOE_VIX9D
2019-12-04,63.27571089,63.81861881,63.18118278,63.43809509,67181600,26.59,26.82,25.26,26.22,16.38,16.4,14.12,14.8,15.88,16.01,14.03,14.92,0,,,,,AAPL_YF_GITHUB;CBOE_VXAPL;CBOE_VIX;CBOE_VIX9D
2019-12-05,63.93495914,64.44393901,63.67804683,64.3687973,74424400,25.73,28.4,24.06,25.87,14.46,15.37,14.17,14.52,14.54,15.63,13.69,13.94,0,,,,,AAPL_YF_GITHUB;CBOE_VXAPL;CBOE_VIX;CBOE_VIX9D
2019-12-06,64.82929215,65.68243402,64.78565982,65.61214447,106075600,24.7,25.17,22.06,23.52,14.37,14.47,13.19,13.62,12.47,12.85,12.2,12.81,0,,,,,AAPL_YF_GITHUB;CBOE_VXAPL;CBOE_VIX;CBOE_VIX9D
2019-12-09,65.44005586,65.63394937,64.20639051,64.69355774,128042400,24.93,26.61,24.16,24.75,14.25,16.07,12.25,15.86,14.7,17.41,14.27,17.06,0,,,,,AAPL_YF_GITHUB;CBOE_VXAPL;CBOE_VIX;CBOE_VIX9D
2019-12-10,65.10076146,65.45704663,64.43666081,65.07167816,90420400,24.61,25.47,21.82,23.58,15.8,16.9,14.93,15.68,16.58,17.89,15.97,16.24,0,,,,,AAPL_YF_GITHUB;CBOE_VXAPL;CBOE_VIX;CBOE_VIX9D
2019-12-11,65.15165693,65.70668782,65.07652262,65.62670135,78756800,23.57,24.08,23.32,23.86,15.57,15.97,14.98,14.99,16.73,17.03,14.36,15.27,0,,,,,AAPL_YF_GITHUB;CBOE_VXAPL;CBOE_VIX;CBOE_VIX9D
2019-12-12,64.9020079,66.06053923,64.79051948,65.79393005,137310400,24.82,27.58,22.49,23.42,14.94,15.55,13.6,13.94,16.25,16.7,13.81,14.67,0,,,,,AAPL_YF_GITHUB;CBOE_VXAPL;CBOE_VIX;CBOE_VIX9D
2019-12-13,65.7939375,66.72463995,65.66548134,66.68828583,133587600,23.46,26.03,21.22,21.45,13.18,14.35,12.54,12.63,14.94,15.35,11.84,12.41,0,,,,,AAPL_YF_GITHUB;CBOE_VXAPL;CBOE_VIX;CBOE_VIX9D
2019-12-16,67.13666516,68.05525192,67.13182041,67.82984161,128186000,20.95,22.63,19.45,21.47,12.47,12.53,11.71,12.14,11.01,12.08,10.58,11.63,0,,,,,AAPL_YF_GITHUB;CBOE_VXAPL;CBOE_VIX;CBOE_VIX9D
2019-12-17,67.75955197,68.29276287,67.57292187,67.9631424,114158400,21.9,22.34,20.1,21.36,12.23,12.47,11.9,12.29,11.35,11.6,10.87,11.16,0,,,,,AAPL_YF_GITHUB;CBOE_VXAPL;CBOE_VIX;CBOE_VIX9D
2019-12-18,67.81530001,68.32427982,67.65048975,67.80075836,116028400,21.6,21.94,19.37,21.02,12.24,12.7,11.93,12.58,10.71,10.88,9.9,10.3,0,,,,,AAPL_YF_GITHUB;CBOE_VXAPL;CBOE_VIX;CBOE_VIX9D
2019-12-19,67.74257653,68.14975733,67.60927567,67.86860657,98369200,21.71,22.66,21.39,21.88,12.55,12.78,12.43,12.5,10.26,10.29,9.33,9.39,0,,,,,AAPL_YF_GITHUB;CBOE_VXAPL;CBOE_VIX;CBOE_VIX9D
2019-12-20,68.40425866,68.50605018,67.51475529,67.7280426,275978000,22.97,23.07,20.89,21.55,12.55,12.61,12.04,12.51,8.82,9.36,8.55,9.27,0,,,,,AAPL_YF_GITHUB;CBOE_VXAPL;CBOE_VIX;CBOE_VIX9D
2019-12-23,67.99223319,68.89385224,67.953453,68.83325958,98572000,22.59,22.99,21.1,22.28,12.81,12.9,12.41,12.61,10.37,10.48,9.59,9.83,0,,,,,AAPL_YF_GITHUB;CBOE_VXAPL;CBOE_VIX;CBOE_VIX9D
2019-12-24,69.00050346,69.04898055,68.57151006,68.89870453,48478800,22.46,23.43,22.42,23.4,12.65,12.84,12.56,12.67,9.84,10.08,9.49,9.56,0,,,,,AAPL_YF_GITHUB;CBOE_VXAPL;CBOE_VIX;CBOE_VIX9D
2019-12-26,69.03199765,70.28263086,69.00291436,70.26566315,93121200,23.94,25.39,23.47,25.25,12.74,12.75,11.72,12.65,10.11,10.16,9.71,9.94,0,,,,,AAPL_YF_GITHUB;CBOE_VXAPL;CBOE_VIX;CBOE_VIX9D
2019-12-27,70.55891406,71.24967161,69.8318024,70.23898315,146266000,25.47,32.47,25.46,27.81,12.61,13.72,11.89,13.43,10.32,11.58,10.3,11.0,0,,,,,AAPL_YF_GITHUB;CBOE_VXAPL;CBOE_VIX;CBOE_VIX9D
2019-12-30,70.15660088,70.93946068,69.12895177,70.65588379,144114400,28.38,29.08,27.69,28.82,13.74,15.14,13.44,14.82,10.99,14.46,10.99,13.77,0,,,,,AAPL_YF_GITHUB;CBOE_VXAPL;CBOE_VIX;CBOE_VIX9D
2019-12-31,70.27051536,71.17940522,70.17114251,71.1721344,100805600,28.66,29.91,27.79,28.13,14.84,15.39,13.75,13.78,14.47,14.69,13.16,13.26,0,,,,,AAPL_YF_GITHUB;CBOE_VXAPL;CBOE_VIX;CBOE_VIX9D
2020-01-02,71.79987337,72.85661317,71.54538716,72.79602051,135480400,28.45,29.86,28.36,29.29,13.46,13.72,12.42,12.47,12.44,12.75,10.43,10.6,0,,,,,AAPL_YF_GITHUB;CBOE_VXAPL;CBOE_VIX;CBOE_VIX9D
2020-01-03,72.02042388,72.85175328,71.86288447,72.08828735,146322800,30.61,34.84,24.71,29.29,15.01,16.2,13.13,14.02,14.88,14.88,11.91,12.78,0,,,,,AAPL_YF_GITHUB;CBOE_VXAPL;CBOE_VIX;CBOE_VIX9D
2020-01-06,71.20606216,72.70148465,70.95399466,72.66270447,118387200,30.87,36.12,29.16,29.32,15.45,16.39,13.54,13.85,15.89,15.89,12.11,12.42,0,,,,,AAPL_YF_GITHUB;CBOE_VXAPL;CBOE_VIX;CBOE_VIX9D
2020-01-07,72.67240923,72.92932151,72.1004181,72.32097626,108872000,29.64,30.49,28.71,29.54,13.84,14.46,13.39,13.79,13.2,13.56,11.73,12.34,0,,,,,AAPL_YF_GITHUB;CBOE_VXAPL;CBOE_VIX;CBOE_VIX9D
2020-01-08,72.0228575,73.7873154,72.0228575,73.48435211,132079200,29.86,31.13,26.55,28.8,15.16,15.24,12.83,13.45,13.43,13.45,10.81,12.22,0,,,,,AAPL_YF_GITHUB;CBOE_VXAPL;CBOE_VIX;CBOE_VIX9D
2020-01-09,74.46596521,75.23912827,74.21390502,75.04523468,170108400,28.73,31.49,28.7,30.58,12.95,13.24,12.53,12.54,11.65,11.77,10.83,10.86,0,,,,,AAPL_YF_GITHUB;CBOE_VXAPL;CBOE_VIX;CBOE_VIX9D
2020-01-10,75.28031907,75.78202805,74.71074661,75.21487427,140644800,30.63,31.98,30.51,31.67,12.42,12.87,12.09,12.56,10.51,11.08,9.8,10.57,0,,,,,AAPL_YF_GITHUB;CBOE_VXAPL;CBOE_VIX;CBOE_VIX9D
2020-01-13,75.53237897,76.84844959,75.41361235,76.82178497,121532000,34.33,35.14,33.97,34.47,12.84,13.09,12.32,12.32,11.39,11.67,10.05,10.05,0,,,,,AAPL_YF_GITHUB;CBOE_VXAPL;CBOE_VIX;CBOE_VIX9D
2020-01-14,76.75878911,76.96965039,75.66085034,75.78445435,161954400,34.38,37.35,25.94,34.83,12.72,13.82,12.05,12.39,10.29,11.11,9.49,10.18,0,,,,,AAPL_YF_GITHUB;CBOE_VXAPL;CBOE_VIX;CBOE_VIX9D
2020-01-15,75.58327477,76.467926,75.02581794,75.45966339,121923600,34.72,35.5,33.88,34.88,12.79,12.83,11.95,12.42,10.35,10.43,9.68,9.69,0,,,,,AAPL_YF_GITHUB;CBOE_VXAPL;CBOE_VIX;CBOE_VIX9D
2020-01-16,76.0050048,76.51641067,75.64144885,76.40491486,108829200,34.62,34.63,32.8,33.05,12.2,12.42,11.78,12.32,9.49,9.83,9.24,9.71,0,,,,,AAPL_YF_GITHUB;CBOE_VXAPL;CBOE_VIX;CBOE_VIX9D
2020-01-17,76.65454881,77.2532045,76.34674081,77.25078583,137816400,32.98,32.99,30.83,31.54,12.21,12.48,11.75,12.1,9.73,9.84,8.98,9.04,0,,,,,AAPL_YF_GITHUB;CBOE_VXAPL;CBOE_VIX;CBOE_VIX9D
2020-01-21,76.87754829,77.32108333,76.58912662,76.72727966,110843200,32.2,32.93,31.61,31.97,13.23,13.33,12.32,12.85,11.82,12.17,11.01,11.38,0,,,,,AAPL_YF_GITHUB;CBOE_VXAPL;CBOE_VIX;CBOE_VIX9D
2020-01-22,77.21443963,77.55618314,76.90663156,77.00115967,101832400,31.89,32.01,30.98,31.44,12.45,13.01,12.31,12.91,11.25,11.28,10.41,11.03,0,,,,,AAPL_YF_GITHUB;CBOE_VXAPL;CBOE_VIX;CBOE_VIX9D
2020-01-23,77.05446623,77.45195018,76.50428022,77.37197113,104472000,31.48,32.31,30.44,31.72,13.26,14.15,12.94,12.98,11.0,13.01,11.0,11.4,0,,,,,AAPL_YF_GITHUB;CBOE_VXAPL;CBOE_VIX;CBOE_VIX9D
2020-01-24,77.61919406,78.36569234,76.95751958,77.14899445,146537600,31.63,35.26,31.21,35.01,12.75,15.98,12.62,14.56,11.39,17.8,11.27,14.65,0,,,,,AAPL_YF_GITHUB;CBOE_VXAPL;CBOE_VIX;CBOE_VIX9D
2020-01-27,75.14944475,75.5638965,73.89396653,74.88041687,161940000,39.89,39.89,36.49,38.0,17.42,19.02,16.82,18.23,14.58,22.15,14.58,21.3,0,,,,,AAPL_YF_GITHUB;CBOE_VXAPL;CBOE_VIX;CBOE_VIX9D
2020-01-28,75.76506027,77.17080697,75.66568743,76.99872589,162234000,37.23,37.64,34.34,34.34,16.94,18.03,15.69,16.28,19.12,19.88,17.35,18.34,1,2019-12-31,1.13,1.25,0.10619469,AAPL_YF_GITHUB;CBOE_VXAPL;CBOE_VIX;CBOE_VIX9D;ALPHAQUERY_ZACKS_EARNINGS
2020-01-29,78.63715351,79.46121217,77.8930739,78.61048889,216229200,28.78,29.84,26.72,28.23,15.68,16.65,14.94,16.39,16.88,19.2,16.24,18.12,0,,,,,AAPL_YF_GITHUB;CBOE_VXAPL;CBOE_VIX;CBOE_VIX9D
2020-01-30,77.68948346,78.54989624,77.25563797,78.4965744,126743200,28.82,30.45,27.0,27.73,17.82,18.39,15.3,15.49,20.19,21.23,16.11,16.41,0,,,,,AAPL_YF_GITHUB;CBOE_VXAPL;CBOE_VIX;CBOE_VIX9D
2020-01-31,77.78399672,78.20814528,74.72043611,75.01612854,199588400,28.58,35.98,27.49,35.24,16.25,19.99,16.18,18.84,18.23,23.33,18.07,21.66,0,,,,,AAPL_YF_GITHUB;CBOE_VXAPL;CBOE_VIX;CBOE_VIX9D
2020-02-03,73.75337983,75.98076652,73.24925218,74.81011963,173788400,35.68,40.45,31.2,31.94,18.64,18.88,17.1,17.97,20.09,20.31,18.29,19.23,0,,,,,AAPL_YF_GITHUB;CBOE_VXAPL;CBOE_VIX;CBOE_VIX9D
2020-02-04,76.42187506,77.47134393,76.01469422,77.27986908,136616400,30.41,31.67,27.03,28.74,16.45,16.46,15.63,16.05,16.29,16.61,15.68,15.81,0,,,,,AAPL_YF_GITHUB;CBOE_VXAPL;CBOE_VIX;CBOE_VIX9D
2020-02-05,78.41173571,78.71228029,77.30410767,77.91003418,118826800,28.14,29.64,27.03,28.75,16.29,16.32,15.02,15.15,14.74,15.75,13.52,13.69,0,,,,,AAPL_YF_GITHUB;CBOE_VXAPL;CBOE_VIX;CBOE_VIX9D
2020-02-06,78.18151062,78.82379143,77.62163495,78.82136536,105425600,28.76,29.04,26.75,26.99,15.13,15.66,14.7,14.96,13.95,14.57,12.8,12.98,0,,,,,AAPL_YF_GITHUB;CBOE_VXAPL;CBOE_VIX;CBOE_VIX9D
2020-02-07,78.31845427,78.5686882,77.25678206,77.74996185,117684000,27.28,30.67,27.28,29.7,15.07,16.16,14.81,15.47,14.38,15.21,12.9,13.73,0,,,,,AAPL_YF_GITHUB;CBOE_VXAPL;CBOE_VIX;CBOE_VIX9D
2020-02-10,76.32872997,78.11923981,76.2485611,78.11923981,109348800,31.72,32.0,29.89,29.91,15.88,16.43,15.01,15.04,15.54,15.54,12.85,12.89,0,,,,,AAPL_YF_GITHUB;CBOE_VXAPL;CBOE_VIX;CBOE_VIX9D
2020-02-11,78.6172854,78.69016619,77.42927653,77.64792633,94323200,29.04,30.89,28.91,30.43,14.91,15.27,14.38,15.18,12.3,13.23,11.94,13.04,0,,,,,AAPL_YF_GITHUB;CBOE_VXAPL;CBOE_VIX;CBOE_VIX9D
2020-02-12,78.09980748,79.4967462,78.09980748,79.49188995,113730400,29.31,29.57,27.0,28.32,14.86,14.88,13.73,13.74,11.97,11.97,10.76,10.84,0,,,,,AAPL_YF_GITHUB;CBOE_VXAPL;CBOE_VIX;CBOE_VIX9D
2020-02-13,78.76060277,79.25378246,78.55652918,78.92580414,94747600,29.05,29.05,26.66,27.98,14.43,15.44,14.0,14.15,12.9,13.06,11.55,11.83,0,,,,,AAPL_YF_GITHUB;CBOE_VXAPL;CBOE_VIX;CBOE_VIX9D
2020-02-14,78.89423513,79.19549303,78.43507131,78.94525909,80113600,27.83,28.12,25.92,26.54,14.12,14.54,13.38,13.68,11.85,12.31,10.95,10.98,0,,,,,AAPL_YF_GITHUB;CBOE_VXAPL;CBOE_VIX;CBOE_VIX9D
2020-02-18,76.6153989,77.68193473,76.43318951,77.49972534,152531200,30.8,30.8,27.33,27.59,14.98,15.49,14.53,14.83,13.94,14.7,12.91,13.02,0,,,,,AAPL_YF_GITHUB;CBOE_VXAPL;CBOE_VIX;CBOE_VIX9D
2020-02-19,77.7426686,78.85293286,77.7426686,78.62213135,93984000,27.42,27.93,25.2,25.9,14.66,14.74,14.21,14.38,12.27,12.48,11.81,11.88,0,,,,,AAPL_YF_GITHUB;CBOE_VXAPL;CBOE_VIX;CBOE_VIX9D
2020-02-20,78.38162742,78.87237541,77.30780341,77.81555939,100566000,25.93,30.78,25.81,28.08,14.54,17.21,14.49,15.56,12.91,16.81,12.31,13.86,0,,,,,AAPL_YF_GITHUB;CBOE_VXAPL;CBOE_VIX;CBOE_VIX9D
2020-02-21,77.40740945,77.85200453,75.43469024,76.05419922,129554000,28.48,33.0,28.38,31.64,17.33,18.21,16.19,17.08,15.93,18.16,15.48,15.77,0,,,,,AAPL_YF_GITHUB;CBOE_VXAPL;CBOE_VIX;CBOE_VIX9D
2020-02-24,72.21807573,73.89925662,70.26722112,72.44158173,222195200,37.5,41.95,31.22,39.68,22.25,26.35,22.0,25.03,27.46,33.45,24.77,31.9,0,,,,,AAPL_YF_GITHUB;CBOE_VXAPL;CBOE_VIX;CBOE_VIX9D
2020-02-25,73.11457407,73.49842534,69.51411393,69.987854,230673600,37.28,43.82,35.96,42.97,22.19,30.25,22.19,27.85,26.81,39.45,26.81,36.35,0,,,,,AAPL_YF_GITHUB;CBOE_VXAPL;CBOE_VIX;CBOE_VIX9D
2020-02-26,69.61126393,72.3687004,69.60397585,71.09809113,198054800,42.16,46.2,37.86,39.83,26.63,29.57,24.76,27.56,33.12,36.85,29.9,34.84,0,,,,,AAPL_YF_GITHUB;CBOE_VXAPL;CBOE_VIX;CBOE_VIX9D
2020-02-27,68.2920878,69.48252112,66.3145048,66.45055389,320605600,37.8,51.32,37.8,50.65,28.95,39.31,27.79,39.16,40.94,54.9,37.5,54.74,0,,,,,AAPL_YF_GITHUB;CBOE_VXAPL;CBOE_VIX;CBOE_VIX9D
2020-02-28,62.50023068,67.63853219,62.28400538,66.41165161,426510000,50.69,63.38,50.69,58.81,42.02,49.48,39.37,40.11,60.19,70.48,52.12,52.9,0,,,,,AAPL_YF_GITHUB;CBOE_VXAPL;CBOE_VIX;CBOE_VIX9D
2020-03-02,68.57874838,73.23359136,67.47091599,72.59464264,341397200,52.0,53.72,42.65,43.32,34.86,43.77,31.5,33.42,49.32,53.55,36.41,42.17,0,,,,,AAPL_YF_GITHUB;CBOE_VXAPL;CBOE_VIX;CBOE_VIX9D
2020-03-03,73.77535934,73.85552819,69.43391137,70.28908539,319475600,42.53,52.52,31.65,51.03,33.64,41.06,24.93,36.82,42.37,53.72,31.43,47.34,0,,,,,AAPL_YF_GITHUB;CBOE_VXAPL;CBOE_VIX;CBOE_VIX9D
2020-03-04,72.01886735,73.70976837,71.21471719,73.54942322,219178400,44.82,48.8,42.1,42.36,34.44,35.58,30.3,31.99,38.69,42.81,34.57,37.06,0,,,,,AAPL_YF_GITHUB;CBOE_VXAPL;CBOE_VIX;CBOE_VIX9D
2020-03-05,71.79533413,72.77440532,70.79683053,71.16368103,187572800,47.13,54.66,45.38,52.39,33.61,42.84,33.54,39.62,45.0,55.09,40.85,48.63,0,,,,,AAPL_YF_GITHUB;CBOE_VXAPL;CBOE_VIX;CBOE_VIX9D
2020-03-06,68.51073405,70.65351836,68.3236684,70.21864319,226176800,61.38,64.26,55.47,56.65,41.46,54.39,40.84,41.94,59.81,68.91,46.1,48.55,0,,,,,AAPL_YF_GITHUB;CBOE_VXAPL;CBOE_VIX;CBOE_VIX9D
2020-03-09,64.07696194,67.56080421,63.89475257,64.6648941,286744800,55.78,76.62,55.78,69.01,41.94,62.12,41.94,54.46,48.62,76.77,48.62,70.3,0,,,,,AAPL_YF_GITHUB;CBOE_VXAPL;CBOE_VIX;CBOE_VIX9D
2020-03-10,67.33001496,69.58940835,65.44232101,69.32216644,285290000,60.34,69.42,59.52,60.76,49.68,55.66,43.56,47.3,60.23,69.68,55.31,57.39,0,,,,,AAPL_YF_GITHUB;CBOE_VXAPL;CBOE_VIX;CBOE_VIX9D
2020-03-11,67.39076056,68.32124001,66.04726274,66.9145813,255598800,63.36,69.72,62.89,66.91,52.24,55.82,49.98,53.9,64.49,70.94,60.23,68.21,0,,,,,AAPL_YF_GITHUB;CBOE_VXAPL;CBOE_VIX;CBOE_VIX9D
2020-03-12,62.17955231,65.59536986,60.25056195,60.30643845,418474000,79.8,85.53,71.0,83.52,61.46,76.83,59.91,75.47,68.0,103.58,68.0,103.56,0,,,,,AAPL_YF_GITHUB;CBOE_VXAPL;CBOE_VIX;CBOE_VIX9D
2020-03-13,64.35391881,68.00539402,61.45314156,67.53164673,370732000,73.98,87.63,64.34,68.0,71.31,77.57,55.17,57.83,80.57,102.31,65.05,69.87,0,,,,,AAPL_YF_GITHUB;CBOE_VXAPL;CBOE_VIX;CBOE_VIX9D
2020-03-16,58.78074955,62.94240957,58.30700587,58.84391785,322423600,51.96,104.4,51.96,101.69,57.83,83.56,57.83,82.69,69.87,109.46,69.87,106.66,0,,,,,AAPL_YF_GITHUB;CBOE_VXAPL;CBOE_VIX;CBOE_VIX9D
2020-03-17,60.13152785,62.58527879,57.91829094,61.43128967,324056000,91.89,101.53,85.73,90.64,82.69,84.83,70.37,75.91,103.09,110.92,85.08,92.93,0,,,,,AAPL_YF_GITHUB;CBOE_VXAPL;CBOE_VIX;CBOE_VIX9D
2020-03-18,58.25113092,60.73646608,57.60732216,59.9274559,300233600,97.52,102.88,88.52,93.29,69.37,85.47,69.37,76.45,92.46,111.68,86.8,97.22,0,,,,,AAPL_YF_GITHUB;CBOE_VXAPL;CBOE_VIX;CBOE_VIX9D
2020-03-19,60.10237728,61.4264315,58.94109634,59.46828842,271857200,82.84,97.55,82.84,87.3,80.62,84.26,68.57,72.0,98.77,107.42,87.38,91.02,0,,,,,AAPL_YF_GITHUB;CBOE_VXAPL;CBOE_VIX;CBOE_VIX9D
2020-03-20,60.05134655,61.18104684,55.39164746,55.69290161,401693200,83.53,86.14,71.06,84.61,67.86,69.51,57.42,66.04,85.52,87.38,72.09,83.47,0,,,,,AAPL_YF_GITHUB;CBOE_VXAPL;CBOE_VIX;CBOE_VIX9D
2020-03-23,55.41109647,55.51313329,51.65272343,54.50976563,336752800,86.96,89.93,73.37,74.14,74.08,76.74,60.46,61.59,90.13,92.38,77.83,78.76,0,,,,,AAPL_YF_GITHUB;CBOE_VXAPL;CBOE_VIX;CBOE_VIX9D
2020-03-24,57.42267859,60.17525538,56.92221075,59.97846985,287531200,67.11,70.36,59.55,68.68,58.76,61.88,36.24,61.67,68.82,78.89,68.11,78.04,0,,,,,AAPL_YF_GITHUB;CBOE_VXAPL;CBOE_VIX;CBOE_VIX9D
2020-03-25,60.91867716,62.74077119,59.35167703,59.64807129,303602000,66.39,75.31,61.62,75.04,61.44,68.86,58.03,63.95,81.99,84.66,76.58,81.3,0,,,,,AAPL_YF_GITHUB;CBOE_VXAPL;CBOE_VIX;CBOE_VIX9D
2020-03-26,59.8910049,62.84522326,59.85213267,62.78691864,252087200,71.14,72.1,64.94,67.53,65.67,67.06,57.66,61.0,74.4,76.68,67.61,73.61,0,,,,,AAPL_YF_GITHUB;CBOE_VXAPL;CBOE_VIX;CBOE_VIX9D
2020-03-27,61.40455419,62.16254394,60.0197638,60.187397,204216800,71.49,71.92,68.05,70.52,64.95,69.1,61.8,65.54,82.63,82.63,69.07,72.33,0,,,,,AAPL_YF_GITHUB;CBOE_VXAPL;CBOE_VIX;CBOE_VIX9D
2020-03-30,60.9162379,62.07751865,60.59068767,61.90502548,167976400,69.22,69.22,60.83,64.36,66.3,67.69,56.6,57.08,72.14,73.94,62.16,62.8,0,,,,,AAPL_YF_GITHUB;CBOE_VXAPL;CBOE_VIX;CBOE_VIX9D
2020-03-31,62.09696014,63.77085318,61.22235361,61.77869797,197002000,64.1,64.33,58.56,61.56,56.69,58.75,50.88,53.54,61.02,65.73,56.24,60.16,0,,,,,AAPL_YF_GITHUB;CBOE_VXAPL;CBOE_VIX;CBOE_VIX9D
2020-04-01,59.88615798,60.42549811,58.09564807,58.52809143,176218400,65.68,71.01,63.97,69.41,57.38,60.59,52.76,57.06,68.87,68.87,57.08,61.33,0,,,,,AAPL_YF_GITHUB;CBOE_VXAPL;CBOE_VIX;CBOE_VIX9D
2020-04-02,58.38960208,59.55817098,57.5538678,59.5047226,165934000,68.8,70.22,63.0,63.17,54.46,57.24,50.45,50.91,58.78,61.1,52.29,52.81,0,,,,,AAPL_YF_GITHUB;CBOE_VXAPL;CBOE_VIX;CBOE_VIX9D
2020-04-03,58.98724977,59.69179121,58.05676677,58.64955521,129880000,63.53,63.53,57.57,60.19,51.11,52.29,46.74,46.8,51.16,52.05,46.37,46.66,0,,,,,AAPL_YF_GITHUB;CBOE_VXAPL;CBOE_VIX;CBOE_VIX9D
2020-04-06,60.95511717,63.92148416,60.58584211,63.76600266,201820400,57.42,57.55,51.28,51.61,44.17,45.73,43.45,45.24,45.56,47.86,44.26,47.02,0,,,,,AAPL_YF_GITHUB;CBOE_VXAPL;CBOE_VIX;CBOE_VIX9D
2020-04-07,65.78974415,66.00840138,62.92298561,63.02745056,202887200,56.22,56.22,42.07,54.2,44.83,47.51,43.51,46.7,45.6,50.16,44.85,48.34,0,,,,,AAPL_YF_GITHUB;CBOE_VXAPL;CBOE_VIX;CBOE_VIX9D
2020-04-08,63.8315883,64.95642874,63.46474512,64.64060211,168895200,52.14,52.82,42.06,49.23,45.9,47.28,42.53,43.35,44.87,47.12,41.88,42.46,0,,,,,AAPL_YF_GITHUB;CBOE_VXAPL;CBOE_VIX;CBOE_VIX9D
2020-04-09,65.27955255,65.61238718,64.30776916,65.10705566,161834800,49.06,50.98,48.08,48.18,43.0,45.73,41.39,41.67,42.96,43.81,40.09,40.42,0,,,,,AAPL_YF_GITHUB;CBOE_VXAPL;CBOE_VIX;CBOE_VIX9D
2020-04-13,65.18481071,66.4942926,64.58230224,66.38496399,131022800,50.56,51.0,47.86,47.92,44.6,45.04,41.17,41.17,46.43,48.82,41.65,41.74,0,,,,,AAPL_YF_GITHUB;CBOE_VXAPL;CBOE_VIX;CBOE_VIX9D
2020-04-14,68.0248221,70.02912489,67.55107484,69.73758698,194994800,45.87,46.36,43.89,44.42,40.24,40.57,37.31,37.76,39.63,40.32,38.74,38.81,0,,,,,AAPL_YF_GITHUB;CBOE_VXAPL;CBOE_VIX;CBOE_VIX9D
2020-04-15,68.60789453,69.56266977,68.17788312,69.10107422,131154400,46.21,48.68,41.44,47.92,39.4,43.23,39.34,40.84,44.25,44.98,41.13,41.64,0,,,,,AAPL_YF_GITHUB;CBOE_VXAPL;CBOE_VIX;CBOE_VIX9D
2020-04-16,69.81777207,70.01698942,68.59575487,69.65013885,157125200,46.93,48.97,44.29,46.84,41.92,43.02,39.87,40.11,41.62,44.19,40.04,40.49,0,,,,,AAPL_YF_GITHUB;CBOE_VXAPL;CBOE_VIX;CBOE_VIX9D
2020-04-17,69.1642493,69.71330926,67.26197929,68.70507813,215250000,47.05,49.48,43.48,46.34,39.5,40.26,37.63,38.15,40.22,40.96,20.07,36.18,0,,,,,AAPL_YF_GITHUB;CBOE_VXAPL;CBOE_VIX;CBOE_VIX9D
2020-04-20,67.52680121,68.43298447,67.25955929,67.2789917,130015200,48.22,50.58,48.09,50.57,40.68,43.83,39.88,43.83,43.25,44.04,39.95,44.0,0,,,,,AAPL_YF_GITHUB;CBOE_VXAPL;CBOE_VIX;CBOE_VIX9D
2020-04-21,67.12107375,67.3567315,64.48511,65.19937134,180991600,51.11,55.97,46.42,53.62,44.28,47.77,43.77,45.41,46.37,48.38,44.68,45.46,0,,,,,AAPL_YF_GITHUB;CBOE_VXAPL;CBOE_VIX;CBOE_VIX9D
2020-04-22,66.47242175,67.5146617,66.12987457,67.07736206,116862400,51.48,51.6,42.0,50.22,44.91,45.07,41.41,41.98,42.8,43.21,32.18,40.21,0,,,,,AAPL_YF_GITHUB;CBOE_VXAPL;CBOE_VIX;CBOE_VIX9D
2020-04-23,67.02147935,68.45000233,66.77853347,66.8174057,124814400,49.34,49.66,46.23,48.48,41.3,42.47,39.06,41.38,38.65,40.47,36.14,39.35,0,,,,,AAPL_YF_GITHUB;CBOE_VXAPL;CBOE_VIX;CBOE_VIX9D
2020-04-24,67.34459633,68.75611121,67.29600419,68.7463913,126161200,47.27,47.69,36.95,42.77,41.91,42.08,35.6,35.93,37.27,38.18,31.15,31.72,0,,,,,AAPL_YF_GITHUB;CBOE_VXAPL;CBOE_VIX;CBOE_VIX9D
2020-04-27,68.46214844,69.12782522,68.01270448,68.79499054,117087600,43.84,44.41,38.0,40.74,36.29,36.44,32.51,33.29,33.89,33.91,30.94,31.41,0,,,,,AAPL_YF_GITHUB;CBOE_VXAPL;CBOE_VIX;CBOE_VIX9D
2020-04-28,69.25899565,69.44120503,67.58753453,67.67984772,112004800,39.58,43.33,39.49,42.71,33.21,35.39,30.54,33.57,29.77,35.59,29.77,32.44,0,,,,,AAPL_YF_GITHUB;CBOE_VXAPL;CBOE_VIX;CBOE_VIX9D
2020-04-29,69.17396407,70.37411698,68.96989048,69.90280151,137280800,40.47,40.98,33.1,38.45,32.48,33.19,30.71,31.23,30.39,31.32,29.57,29.66,0,,,,,AAPL_YF_GITHUB;CBOE_VXAPL;CBOE_VIX;CBOE_VIX9D
2020-04-30,70.4445986,71.55486327,70.05345922,71.37751007,183064000,38.48,40.84,32.83,39.11,30.99,35.94,30.93,34.15,32.45,35.23,31.54,32.88,1,2020-03-31,0.52,0.64,0.23076923,AAPL_YF_GITHUB;CBOE_VXAPL;CBOE_VIX;CBOE_VIX9D;ALPHAQUERY_ZACKS_EARNINGS
2020-05-01,69.54323881,72.64079792,69.44606197,70.22834778,240616800,37.52,40.62,31.43,39.01,38.17,39.57,36.59,37.19,37.64,39.36,34.89,35.57,0,,,,,AAPL_YF_GITHUB;CBOE_VXAPL;CBOE_VIX;CBOE_VIX9D
2020-05-04,70.25265616,71.35076876,69.56025899,71.22200775,133568000,38.66,39.49,36.25,37.43,39.13,40.32,35.53,35.97,40.13,40.73,34.92,35.45,0,,,,,AAPL_YF_GITHUB;CBOE_VXAPL;CBOE_VIX;CBOE_VIX9D
2020-05-05,71.68359763,73.12669649,71.53782865,72.29096222,147751200,36.06,36.51,27.28,35.33,34.82,36.22,31.95,33.61,33.5,33.51,30.53,33.19,0,,,,,AAPL_YF_GITHUB;CBOE_VXAPL;CBOE_VIX;CBOE_VIX9D
2020-05-06,72.99550015,73.67088924,72.60921718,73.0368042,142333600,34.0,36.19,32.41,34.45,32.69,35.69,31.68,34.12,30.98,34.06,30.59,33.98,0,,,,,AAPL_YF_GITHUB;CBOE_VXAPL;CBOE_VIX;CBOE_VIX9D
2020-05-07,73.66603686,74.13978421,73.36235457,73.79236603,115215200,33.41,34.19,29.75,32.92,32.12,32.28,30.37,31.44,30.08,30.94,28.77,29.75,0,,,,,AAPL_YF_GITHUB;CBOE_VXAPL;CBOE_VIX;CBOE_VIX9D
2020-05-08,74.45498205,75.60235253,74.12611582,75.54875946,133838400,31.68,32.23,27.78,30.66,30.14,30.39,27.89,27.98,27.36,27.96,24.71,24.89,0,,,,,AAPL_YF_GITHUB;CBOE_VXAPL;CBOE_VIX;CBOE_VIX9D
2020-05-11,75.05424012,77.23448699,74.84473724,76.7375412,145946400,31.84,43.03,31.14,32.46,28.46,31.46,26.97,27.57,30.04,30.12,25.72,26.17,0,,,,,AAPL_YF_GITHUB;CBOE_VXAPL;CBOE_VIX;CBOE_VIX9D
2020-05-12,77.42450325,77.87760966,75.73877106,75.86057281,162301200,31.87,34.72,31.54,34.05,28.47,33.04,26.0,33.04,24.55,33.36,24.42,33.36,0,,,,,AAPL_YF_GITHUB;CBOE_VXAPL;CBOE_VIX;CBOE_VIX9D
2020-05-13,76.04082628,76.96652398,73.86301053,74.9446106,200622400,33.18,41.48,32.84,39.3,32.74,37.42,30.77,35.28,32.32,39.33,31.15,34.63,0,,,,,AAPL_YF_GITHUB;CBOE_VXAPL;CBOE_VIX;CBOE_VIX9D
2020-05-14,74.1797115,75.46593781,73.45377032,75.40503693,158929200,40.46,44.33,28.04,38.18,35.16,39.28,32.33,32.61,37.74,39.52,31.05,31.66,0,,,,,AAPL_YF_GITHUB;CBOE_VXAPL;CBOE_VIX;CBOE_VIX9D
2020-05-15,73.16630293,75.00550614,73.13219488,74.95922089,166348400,39.65,41.8,29.8,36.57,32.5,35.13,31.04,31.89,33.41,34.48,28.7,29.71,0,,,,,AAPL_YF_GITHUB;CBOE_VXAPL;CBOE_VIX;CBOE_VIX9D
2020-05-18,76.28930455,77.10050086,75.59503315,76.72534943,135178400,34.87,35.54,30.25,33.0,30.71,31.08,28.35,29.3,27.52,27.72,26.61,27.62,0,,,,,AAPL_YF_GITHUB;CBOE_VXAPL;CBOE_VIX;CBOE_VIX9D
2020-05-19,76.74240439,77.59257816,76.25032804,76.28199768,101729600,32.5,35.08,28.9,35.08,28.73,30.74,28.37,30.53,27.81,28.4,25.6,28.03,0,,,,,AAPL_YF_GITHUB;CBOE_VXAPL;CBOE_VIX;CBOE_VIX9D
2020-05-20,77.14434775,77.83618073,77.1053703,77.76554108,111504800,32.56,33.49,28.5,32.89,29.52,29.83,27.83,27.99,25.14,26.27,24.75,24.93,0,,,,,AAPL_YF_GITHUB;CBOE_VXAPL;CBOE_VIX;CBOE_VIX9D
2020-05-21,77.62668985,78.16992832,76.94703403,77.18576813,102688800,31.65,35.52,31.65,34.16,28.97,30.2,27.67,29.53,24.84,28.24,24.22,26.15,0,,,,,AAPL_YF_GITHUB;CBOE_VXAPL;CBOE_VIX;CBOE_VIX9D
2020-05-22,76.92268239,77.76555593,76.82037307,77.68273163,81803200,33.55,34.63,26.79,31.47,31.36,31.55,28.03,28.16,26.08,26.91,23.18,23.47,0,,,,,AAPL_YF_GITHUB;CBOE_VXAPL;CBOE_VIX;CBOE_VIX9D
2020-05-26,78.80573295,78.98599716,77.10050844,77.15653992,125522000,31.53,32.7,27.87,31.84,27.72,28.58,27.18,28.01,25.16,26.35,24.83,25.5,0,,,,,AAPL_YF_GITHUB;CBOE_VXAPL;CBOE_VIX;CBOE_VIX9D
2020-05-27,77.01281454,77.63886989,76.2698194,77.4927063,112945200,31.22,33.87,23.39,31.66,27.62,30.53,25.92,27.62,24.93,29.13,24.59,25.17,0,,,,,AAPL_YF_GITHUB;CBOE_VXAPL;CBOE_VIX;CBOE_VIX9D
2020-05-28,77.16626626,78.79110463,76.88856218,77.52680206,133560800,32.14,33.06,30.5,31.75,27.82,29.89,27.43,28.59,26.19,28.03,24.74,26.02,0,,,,,AAPL_YF_GITHUB;CBOE_VXAPL;CBOE_VIX;CBOE_VIX9D
2020-05-29,77.77040626,78.23325136,77.09318892,77.45128632,153532400,31.96,34.4,23.71,31.09,29.3,30.16,27.29,27.51,28.71,28.88,24.39,24.59,0,,,,,AAPL_YF_GITHUB;CBOE_VXAPL;CBOE_VIX;CBOE_VIX9D
2020-06-01,77.4050099,78.52558745,77.27346193,78.40378571,80791200,29.6,33.54,29.45,30.99,28.94,30.6,28.11,28.23,30.41,30.42,27.02,27.08,0,,,,,AAPL_YF_GITHUB;CBOE_VXAPL;CBOE_VIX;CBOE_VIX9D
2020-06-02,78.13582198,78.79111599,77.69246183,78.76675415,87642800,30.89,31.66,26.28,29.5,28.4,28.52,26.66,26.84,27.27,27.57,24.81,25.06,0,,,,,AAPL_YF_GITHUB;CBOE_VXAPL;CBOE_VIX;CBOE_VIX9D
2020-06-03,79.08833049,79.46348205,78.51342224,79.20038605,104491200,29.86,30.2,25.52,28.53,26.75,26.98,25.04,25.66,25.1,25.38,23.22,23.97,0,,,,,AAPL_YF_GITHUB;CBOE_VXAPL;CBOE_VIX;CBOE_VIX9D
2020-06-04,79.02254105,79.32216859,78.14312857,78.51828003,87560400,28.77,29.86,28.19,29.17,26.23,26.43,24.38,25.81,24.27,24.48,21.83,23.56,0,,,,,AAPL_YF_GITHUB;CBOE_VXAPL;CBOE_VIX;CBOE_VIX9D
2020-06-05,78.76919529,80.81546325,78.73996406,80.75456238,137250400,28.87,28.92,26.09,27.07,24.79,25.09,23.54,24.52,21.97,23.4,21.54,22.63,0,,,,,AAPL_YF_GITHUB;CBOE_VXAPL;CBOE_VIX;CBOE_VIX9D
2020-06-08,80.45005995,81.26613321,79.73630345,81.23202515,95654400,27.8,28.79,26.84,27.89,25.56,25.98,24.65,25.81,24.95,25.44,24.27,25.18,0,,,,,AAPL_YF_GITHUB;CBOE_VXAPL;CBOE_VIX;CBOE_VIX9D
2020-06-09,80.91046941,84.19180139,80.87879977,83.79716492,147712400,28.36,30.97,26.11,30.27,25.93,27.7,25.71,27.57,25.87,27.09,25.33,26.92,0,,,,,AAPL_YF_GITHUB;CBOE_VXAPL;CBOE_VIX;CBOE_VIX9D
2020-06-10,84.74964695,86.42320163,84.30872526,85.95304871,166651600,30.4,32.66,30.17,31.65,26.73,29.01,26.06,27.57,26.93,29.37,19.54,27.1,0,,,,,AAPL_YF_GITHUB;CBOE_VXAPL;CBOE_VIX;CBOE_VIX9D
2020-06-11,85.09311611,85.51942213,81.72408385,81.82639313,201662400,30.54,40.19,30.54,39.96,30.45,42.58,29.49,40.79,32.39,47.21,29.39,42.06,0,,,,,AAPL_YF_GITHUB;CBOE_VXAPL;CBOE_VIX;CBOE_VIX9D
2020-06-12,83.97498022,84.72527556,81.41714403,82.53284454,200146000,35.98,44.2,35.97,38.83,37.68,44.16,34.97,36.09,37.47,47.47,34.48,36.52,0,,,,,AAPL_YF_GITHUB;CBOE_VXAPL;CBOE_VIX;CBOE_VIX9D
2020-06-15,81.18087757,84.20886771,81.01765993,83.55357361,138808800,41.88,43.31,32.6,37.33,44.09,44.44,34.28,34.4,44.5,45.38,35.93,35.98,0,,,,,AAPL_YF_GITHUB;CBOE_VXAPL;CBOE_VIX;CBOE_VIX9D
2020-06-16,85.61688846,86.04076363,83.97500316,85.76792145,165428800,35.42,37.56,32.98,36.2,34.28,37.45,31.73,33.67,34.75,40.43,33.07,35.38,0,,,,,AAPL_YF_GITHUB;CBOE_VXAPL;CBOE_VIX;CBOE_VIX9D
2020-06-17,86.5157952,86.57669609,85.52676543,85.6485672,114406400,35.79,36.86,33.2,36.8,33.28,35.17,32.25,33.47,35.47,37.15,32.63,33.98,0,,,,,AAPL_YF_GITHUB;CBOE_VXAPL;CBOE_VIX;CBOE_VIX9D
2020-06-18,85.60471568,86.10166895,85.07122337,85.68267059,96820400,37.11,37.88,32.05,36.35,33.83,36.25,32.24,32.94,36.04,36.04,31.11,32.05,0,,,,,AAPL_YF_GITHUB;CBOE_VXAPL;CBOE_VIX;CBOE_VIX9D
2020-06-19,86.39156401,86.85927865,84.07976134,85.19303131,264476000,35.79,38.71,31.24,37.39,32.07,35.12,30.4,35.12,29.68,34.78,28.93,33.92,0,,,,,AAPL_YF_GITHUB;CBOE_VXAPL;CBOE_VIX;CBOE_VIX9D
2020-06-22,85.5876628,87.56572226,85.54137753,87.42199707,135445200,31.69,37.9,31.69,36.53,35.22,35.39,31.64,31.77,34.84,35.68,31.1,31.23,0,,,,,AAPL_YF_GITHUB;CBOE_VXAPL;CBOE_VIX;CBOE_VIX9D
2020-06-23,88.67167022,90.71306866,88.25023351,89.28798676,212155600,36.41,38.13,35.51,37.23,31.71,31.71,29.26,31.37,30.03,30.87,28.88,30.29,0,,,,,AAPL_YF_GITHUB;CBOE_VXAPL;CBOE_VIX;CBOE_VIX9D
2020-06-24,88.9152778,89.83853715,87.33672444,87.71187592,192623200,37.17,39.9,37.17,39.68,31.05,37.12,30.95,33.84,31.77,38.27,30.79,33.25,0,,,,,AAPL_YF_GITHUB;CBOE_VXAPL;CBOE_VIX;CBOE_VIX9D
2020-06-25,87.86778995,88.91528208,87.10530977,88.87630463,137522400,39.45,41.05,35.45,39.23,36.59,36.93,31.59,32.22,33.29,36.76,30.36,30.92,0,,,,,AAPL_YF_GITHUB;CBOE_VXAPL;CBOE_VIX;CBOE_VIX9D
2020-06-26,88.77154541,88.99322547,85.99689819,86.14550018,205256800,39.3,42.26,38.97,41.19,33.01,36.25,31.04,34.73,30.94,36.31,30.93,33.31,0,,,,,AAPL_YF_GITHUB;CBOE_VXAPL;CBOE_VIX;CBOE_VIX9D
2020-06-29,86.05292961,88.22587593,85.57303046,88.130867,130646000,36.69,42.87,36.61,39.12,35.05,36.31,31.78,31.78,34.86,36.93,30.42,30.42,0,,,,,AAPL_YF_GITHUB;CBOE_VXAPL;CBOE_VIX;CBOE_VIX9D
2020-06-30,87.71674544,89.15401204,87.69726043,88.86655426,140223200,38.95,39.76,35.08,37.08,32.54,32.94,29.56,30.43,31.16,31.28,27.16,29.14,0,,,,,AAPL_YF_GITHUB;CBOE_VXAPL;CBOE_VIX;CBOE_VIX9D
2020-07-01,88.94452065,89.49019018,88.64976245,88.6984787,110737200,40.04,40.04,34.04,36.61,30.96,31.76,28.2,28.62,28.07,28.39,24.92,25.2,0,,,,,AAPL_YF_GITHUB;CBOE_VXAPL;CBOE_VIX;CBOE_VIX9D
2020-07-02,89.60956097,90.24780103,88.58399218,88.6984787,114041600,34.46,35.99,31.47,33.97,28.33,28.44,25.9,27.68,23.38,25.22,22.0,22.64,0,,,,,AAPL_YF_GITHUB;CBOE_VXAPL;CBOE_VIX;CBOE_VIX9D
2020-07-06,90.13328451,91.54131228,90.10161487,91.07115936,118655600,32.79,35.66,32.42,35.35,27.76,28.33,24.92,27.94,25.8,26.45,24.88,25.23,0,,,,,AAPL_YF_GITHUB;CBOE_VXAPL;CBOE_VIX;CBOE_VIX9D
2020-07-07,91.45118361,92.2331487,90.67652633,90.78858185,112424400,35.14,37.54,35.14,37.52,28.77,29.63,27.25,29.43,25.92,27.2,24.54,26.84,0,,,,,AAPL_YF_GITHUB;CBOE_VXAPL;CBOE_VIX;CBOE_VIX9D
2020-07-08,91.77032125,92.93474582,91.68262012,92.90307617,117092000,35.57,38.49,34.48,38.17,28.95,30.2,27.24,28.08,25.89,27.59,23.59,23.67,0,,,,,AAPL_YF_GITHUB;CBOE_VXAPL;CBOE_VIX;CBOE_VIX9D
2020-07-09,93.79952759,93.85312066,92.25021285,93.30258179,125642800,38.13,40.62,37.56,40.31,28.18,31.48,26.11,29.26,23.35,29.49,23.34,25.55,0,,,,,AAPL_YF_GITHUB;CBOE_VXAPL;CBOE_VIX;CBOE_VIX9D
2020-07-10,92.89576608,93.52426732,92.28188788,93.46579742,90257200,38.81,40.93,38.65,39.74,30.86,30.91,27.13,27.29,26.11,27.56,22.39,22.59,0,,,,,AAPL_YF_GITHUB;CBOE_VXAPL;CBOE_VIX;CBOE_VIX9D
2020-07-13,94.77637812,97.39755419,92.82024229,93.03461456,191649200,39.36,46.85,39.36,45.42,27.85,32.45,26.87,32.19,24.85,31.0,24.79,30.31,0,,,,,AAPL_YF_GITHUB;CBOE_VXAPL;CBOE_VIX;CBOE_VIX9D
2020-07-14,92.41341152,94.766622,91.47554408,94.5741806,170989200,44.22,48.05,44.22,46.87,31.14,33.67,29.21,29.52,31.44,33.4,27.49,27.78,0,,,,,AAPL_YF_GITHUB;CBOE_VXAPL;CBOE_VIX;CBOE_VIX9D
2020-07-15,96.4572348,96.70814609,94.02119992,95.22460175,153198000,44.1,48.98,44.1,47.02,29.15,30.09,27.17,27.76,26.67,29.48,25.22,25.22,0,,,,,AAPL_YF_GITHUB;CBOE_VXAPL;CBOE_VIX;CBOE_VIX9D
2020-07-16,94.09185679,94.91279944,93.45117836,94.05287933,110577600,46.82,48.51,46.02,46.51,28.41,29.29,26.98,28.0,26.64,27.36,24.55,25.85,0,,,,,AAPL_YF_GITHUB;CBOE_VXAPL;CBOE_VIX;CBOE_VIX9D
2020-07-17,94.50598611,94.66188849,93.38783944,93.86286926,92186800,46.46,46.46,41.39,41.98,27.15,27.54,25.41,25.68,24.11,25.12,21.9,22.16,0,,,,,AAPL_YF_GITHUB;CBOE_VXAPL;CBOE_VIX;CBOE_VIX9D
2020-07-20,93.95056146,95.97977527,93.60464124,95.84091949,90318000,39.68,43.02,39.17,39.31,26.94,27.08,24.35,24.46,24.66,24.98,22.49,22.52,0,,,,,AAPL_YF_GITHUB;CBOE_VXAPL;CBOE_VIX;CBOE_VIX9D
2020-07-21,96.63506517,96.71058165,94.26723904,94.51815033,103433200,39.47,40.64,38.64,39.72,24.08,25.65,23.61,24.84,22.46,24.13,22.16,23.33,0,,,,,AAPL_YF_GITHUB;CBOE_VXAPL;CBOE_VIX;CBOE_VIX9D
2020-07-22,94.21854463,95.46823206,94.13085092,94.78370667,89001600,38.44,40.32,37.42,38.01,24.56,26.26,24.13,24.32,23.93,24.33,21.53,21.65,0,,,,,AAPL_YF_GITHUB;CBOE_VXAPL;CBOE_VIX;CBOE_VIX9D
2020-07-23,94.51570968,94.59366457,89.65582482,90.46945953,197004400,36.75,42.35,36.75,41.37,23.97,26.95,23.6,26.08,22.28,26.07,21.66,24.1,0,,,,,AAPL_YF_GITHUB;CBOE_VXAPL;CBOE_VIX;CBOE_VIX9D
2020-07-24,88.65949991,90.59127395,86.86413581,90.2453537,185438800,39.49,43.3,37.71,38.61,27.96,28.58,25.53,25.84,26.93,28.04,22.26,22.7,0,,,,,AAPL_YF_GITHUB;CBOE_VXAPL;CBOE_VIX;CBOE_VIX9D
2020-07-27,91.31233191,92.47675631,91.08822087,92.38418579,121214000,37.9,39.64,36.57,36.98,26.6,26.94,24.55,24.74,25.25,25.45,22.3,22.38,0,,,,,AAPL_YF_GITHUB;CBOE_VXAPL;CBOE_VIX;CBOE_VIX9D
2020-07-28,91.95301619,92.13084943,90.8616698,90.86654663,103625600,36.82,37.77,35.1,36.67,24.86,25.85,24.05,25.44,23.15,24.1,22.0,23.54,0,,,,,AAPL_YF_GITHUB;CBOE_VXAPL;CBOE_VIX;CBOE_VIX9D
2020-07-29,91.35131194,92.79344792,91.3147729,92.60830688,90329200,35.19,36.45,34.98,36.02,25.16,25.42,23.73,24.1,23.0,23.03,21.67,21.93,0,,,,,AAPL_YF_GITHUB;CBOE_VXAPL;CBOE_VIX;CBOE_VIX9D
2020-07-30,91.77760055,93.83361428,91.36834853,93.72886658,158130000,35.36,37.88,34.93,34.93,25.04,28.29,24.64,24.76,25.26,27.78,22.65,22.79,1,2020-06-30,0.51,0.64,0.25490196,AAPL_YF_GITHUB;CBOE_VXAPL;CBOE_VIX;CBOE_VIX9D;ALPHAQUERY_ZACKS_EARNINGS
2020-07-31,100.2525895,103.6922699,98.24529157,103.5412369,374336800,35.38,38.2,31.98,37.08,24.79,26.41,23.55,24.46,22.83,25.21,19.73,20.61,0,,,,,AAPL_YF_GITHUB;CBOE_VXAPL;CBOE_VIX;CBOE_VIX9D
2020-08-03,105.4315971,108.7811454,105.1319695,106.1502304,308151200,35.79,42.61,35.79,40.37,25.75,26.01,22.17,24.28,22.48,22.65,20.88,20.95,0,,,,,AAPL_YF_GITHUB;CBOE_VXAPL;CBOE_VIX;CBOE_VIX9D
2020-08-04,106.3402465,107.9553391,105.6143054,106.8591232,173071600,39.18,41.17,38.58,38.6,24.01,24.76,22.92,23.76,21.28,21.77,20.39,20.44,0,,,,,AAPL_YF_GITHUB;CBOE_VXAPL;CBOE_VIX;CBOE_VIX9D
2020-08-05,106.5789659,107.5679955,106.1112439,107.2464371,121776800,37.93,38.61,36.21,36.5,23.44,23.61,22.86,22.99,20.03,20.08,18.65,19.02,0,,,,,AAPL_YF_GITHUB;CBOE_VXAPL;CBOE_VIX;CBOE_VIX9D
2020-08-06,107.5801642,111.4851276,106.9882096,110.9881744,202428800,36.42,39.32,36.25,38.57,23.03,24.11,20.97,22.65,19.96,20.36,18.92,19.4,0,,,,,AAPL_YF_GITHUB;CBOE_VXAPL;CBOE_VIX;CBOE_VIX9D
2020-08-07,110.5074112,110.9662126,107.6643154,108.4647751,198045600,35.02,40.64,35.02,40.45,23.45,24.02,22.02,22.21,20.79,20.79,17.96,18.08,0,,,,,AAPL_YF_GITHUB;CBOE_VXAPL;CBOE_VIX;CBOE_VIX9D
2020-08-10,109.9168414,111.0638452,107.3787985,110.0413055,212403600,39.7,44.12,38.73,42.29,22.88,23.52,21.46,22.13,20.09,21.62,18.78,18.88,0,,,,,AAPL_YF_GITHUB;CBOE_VXAPL;CBOE_VIX;CBOE_VIX9D
2020-08-11,109.3018645,109.8021491,106.5075721,106.7686996,187902400,42.3,43.97,39.11,43.53,21.85,24.93,20.28,24.03,18.45,23.58,18.26,21.89,0,,,,,AAPL_YF_GITHUB;CBOE_VXAPL;CBOE_VIX;CBOE_VIX9D
2020-08-12,107.8644363,110.5757547,107.6692051,110.31707,165598000,41.0,42.46,36.9,40.28,22.82,22.88,21.54,22.28,19.22,19.71,18.26,18.9,0,,,,,AAPL_YF_GITHUB;CBOE_VXAPL;CBOE_VIX;CBOE_VIX9D
2020-08-13,111.7032283,113.2773068,111.2127001,112.2694092,210082000,36.59,42.27,36.59,41.45,22.2,22.92,21.45,22.13,19.4,19.89,17.91,18.54,0,,,,,AAPL_YF_GITHUB;CBOE_VXAPL;CBOE_VIX;CBOE_VIX9D
2020-08-14,112.0937123,112.2596596,110.3512436,112.1693649,165565200,41.55,43.13,38.28,41.17,22.27,23.55,21.79,22.05,19.49,19.73,17.46,17.87,0,,,,,AAPL_YF_GITHUB;CBOE_VXAPL;CBOE_VIX;CBOE_VIX9D
2020-08-17,113.2968257,113.3212315,111.2468685,111.8764954,119561600,41.17,42.34,38.27,41.03,22.52,22.82,21.34,21.35,19.54,19.56,17.56,17.6,0,,,,,AAPL_YF_GITHUB;CBOE_VXAPL;CBOE_VIX;CBOE_VIX9D
2020-08-18,111.6275956,113.2358364,111.2908154,112.8087616,105633600,40.47,41.31,36.29,38.57,21.69,22.55,21.18,21.51,17.88,19.49,17.57,17.82,0,,,,,AAPL_YF_GITHUB;CBOE_VXAPL;CBOE_VIX;CBOE_VIX9D
2020-08-19,113.21872,114.3706018,112.8550988,112.9502716,145538000,38.62,39.79,38.53,38.96,21.6,22.98,20.99,22.54,17.97,19.64,17.28,19.23,0,,,,,AAPL_YF_GITHUB;CBOE_VXAPL;CBOE_VIX;CBOE_VIX9D
2020-08-20,112.9917712,115.5713044,112.9746864,115.456604,126907200,38.63,40.02,38.63,39.8,24.1,24.6,22.37,22.72,21.91,21.91,18.35,18.85,0,,,,,AAPL_YF_GITHUB;CBOE_VXAPL;CBOE_VIX;CBOE_VIX9D
2020-08-21,116.4205664,121.892007,116.4083673,121.4063644,338054800,39.72,49.45,39.72,48.28,22.58,24.47,22.06,22.54,19.72,20.21,17.58,18.01,0,,,,,AAPL_YF_GITHUB;CBOE_VXAPL;CBOE_VIX;CBOE_VIX9D
2020-08-24,125.630743,125.7161669,120.9841751,122.8584213,345937600,47.31,56.32,47.31,53.51,22.87,23.18,21.25,22.37,19.68,20.35,18.63,18.81,0,,,,,AAPL_YF_GITHUB;CBOE_VXAPL;CBOE_VIX;CBOE_VIX9D
2020-08-25,121.7260758,122.1970765,120.1202705,121.8505325,211495600,53.41,53.41,48.98,49.7,22.16,23.43,21.53,22.03,19.49,20.25,18.01,18.09,0,,,,,AAPL_YF_GITHUB;CBOE_VXAPL;CBOE_VIX;CBOE_VIX9D
2020-08-26,123.1732311,123.9663698,122.10188,123.5075684,163022400,49.5,54.92,49.5,54.87,22.14,23.27,20.92,23.27,18.16,19.97,17.66,19.96,0,,,,,AAPL_YF_GITHUB;CBOE_VXAPL;CBOE_VIX;CBOE_VIX9D
2020-08-27,124.1128121,124.4471495,120.8816813,122.0311279,155552400,54.96,58.21,54.76,56.53,23.42,27.09,21.44,24.47,19.28,24.6,19.15,20.19,0,,,,,AAPL_YF_GITHUB;CBOE_VXAPL;CBOE_VIX;CBOE_VIX9D
2020-08-28,123.0097306,123.4294844,121.6089277,121.8334503,187630000,56.61,56.96,52.65,53.61,24.59,26.3,22.64,22.96,20.86,22.36,16.65,17.13,0,,,,,AAPL_YF_GITHUB;CBOE_VXAPL;CBOE_VIX;CBOE_VIX9D
2020-08-31,124.5398792,127.8783817,122.9975274,125.9650803,225702700,53.59,53.59,53.59,53.59,23.91,26.5,21.77,26.41,20.64,21.66,19.6,21.1,0,,,,,AAPL_YF_GITHUB;CBOE_VXAPL;CBOE_VIX;CBOE_VIX9D
2020-09-01,129.5964743,131.5878717,127.4196168,130.9826355,151948100,53.59,59.09,49.21,56.2,25.86,26.59,25.02,26.12,20.97,21.57,19.24,19.65,0,,,,,AAPL_YF_GITHUB;CBOE_VXAPL;CBOE_VIX;CBOE_VIX9D
2020-09-02,134.3113126,134.6920186,123.9736693,128.2688141,200119000,50.33,63.27,50.33,61.64,26.01,27.07,25.53,26.57,19.94,21.1,19.18,20.71,0,,,,,AAPL_YF_GITHUB;CBOE_VXAPL;CBOE_VIX;CBOE_VIX9D
2020-09-03,123.8858353,125.7698377,117.6285771,117.9995193,257599600,56.91,67.09,56.91,66.29,26.28,35.94,25.66,33.6,21.52,34.79,20.88,30.45,0,,,,,AAPL_YF_GITHUB;CBOE_VXAPL;CBOE_VIX;CBOE_VIX9D
2020-09-04,117.2088376,120.7523352,108.2475886,118.0776291,332607200,57.27,69.98,55.0,62.87,34.62,38.28,29.5,30.75,30.21,40.2,28.14,29.41,0,,,,,AAPL_YF_GITHUB;CBOE_VXAPL;CBOE_VIX;CBOE_VIX9D
2020-09-08,111.2346544,116.1545559,109.9949209,110.1315842,231366600,63.43,67.86,61.59,63.31,30.61,35.93,30.52,31.46,38.28,38.28,31.91,32.91,0,,,,,AAPL_YF_GITHUB;CBOE_VXAPL;CBOE_VIX;CBOE_VIX9D
2020-09-09,114.4658004,116.300999,112.5134586,114.5243683,176940500,59.75,61.59,55.31,55.72,31.68,31.78,28.12,28.81,30.43,30.82,27.41,29.09,0,,,,,AAPL_YF_GITHUB;CBOE_VXAPL;CBOE_VIX;CBOE_VIX9D
2020-09-10,117.4919177,117.628581,109.8192146,110.7856216,182274400,55.54,55.54,48.63,54.05,28.67,30.56,27.59,29.71,27.49,31.56,26.81,30.43,0,,,,,AAPL_YF_GITHUB;CBOE_VXAPL;CBOE_VIX;CBOE_VIX9D
2020-09-11,111.8398975,112.4841738,107.3787968,109.3311386,180860300,51.33,55.25,50.44,50.83,28.63,29.73,26.51,26.87,28.53,30.88,25.4,26.33,0,,,,,AAPL_YF_GITHUB;CBOE_VXAPL;CBOE_VIX;CBOE_VIX9D
2020-09-14,111.9863124,113.1674781,110.1120663,112.6110611,140150100,50.79,50.82,47.76,49.29,25.86,26.79,25.38,25.85,26.62,26.88,24.5,25.06,0,,,,,AAPL_YF_GITHUB;CBOE_VXAPL;CBOE_VIX;CBOE_VIX9D
2020-09-15,115.5102989,115.9983843,110.9027713,112.7867813,184642000,49.26,50.08,46.98,48.31,25.92,26.0,24.92,25.59,24.36,24.82,23.6,24.22,0,,,,,AAPL_YF_GITHUB;CBOE_VXAPL;CBOE_VIX;CBOE_VIX9D
2020-09-16,112.4841662,113.2358144,109.3701789,109.4580307,154679000,48.37,50.6,47.19,50.6,25.31,26.59,24.84,26.04,24.36,24.95,22.5,23.77,0,,,,,AAPL_YF_GITHUB;CBOE_VXAPL;CBOE_VIX;CBOE_VIX9D
2020-09-17,107.1054646,109.5263641,106.11953,107.7106857,178011000,50.5,52.99,49.83,51.54,28.22,28.92,26.26,26.46,28.37,28.37,24.79,24.95,0,,,,,AAPL_YF_GITHUB;CBOE_VXAPL;CBOE_VIX;CBOE_VIX9D
2020-09-18,107.7692636,108.2378214,103.5619621,104.2940903,287104900,49.51,53.66,48.04,51.93,26.65,28.1,25.28,25.83,24.57,28.05,23.92,24.02,0,,,,,AAPL_YF_GITHUB;CBOE_VXAPL;CBOE_VIX;CBOE_VIX9D
2020-09-21,102.0488918,107.564258,100.6432035,107.4568787,195713800,51.92,56.37,51.92,54.55,28.04,31.18,27.39,27.78,31.09,32.9,27.56,28.11,0,,,,,AAPL_YF_GITHUB;CBOE_VXAPL;CBOE_VIX;CBOE_VIX9D
2020-09-22,109.9949163,110.1706274,106.5587987,109.1456451,183055400,54.52,55.89,51.83,51.83,28.61,28.78,26.48,26.86,27.77,28.57,25.43,25.95,0,,,,,AAPL_YF_GITHUB;CBOE_VXAPL;CBOE_VIX;CBOE_VIX9D
2020-09-23,108.9602135,109.4385352,104.225778,104.5674438,150718700,51.56,54.64,50.89,54.39,27.02,29.73,25.19,28.58,25.44,29.8,25.12,27.97,0,,,,,AAPL_YF_GITHUB;CBOE_VXAPL;CBOE_VIX;CBOE_VIX9D
2020-09-24,102.6638883,107.6228381,102.4979411,105.6412125,167743300,53.29,55.59,52.91,54.08,29.54,30.49,27.94,28.51,28.06,30.88,27.14,27.65,0,,,,,AAPL_YF_GITHUB;CBOE_VXAPL;CBOE_VIX;CBOE_VIX9D
2020-09-25,105.846198,109.7606449,105.1043061,109.604454,149981400,53.56,54.79,50.32,51.06,28.17,30.43,26.02,26.38,27.6,29.14,24.19,24.57,0,,,,,AAPL_YF_GITHUB;CBOE_VXAPL;CBOE_VIX;CBOE_VIX9D
2020-09-28,112.2694307,112.5720414,110.0925661,112.2206192,137672400,50.89,53.08,50.07,50.63,27.15,27.19,24.9,26.19,26.37,26.61,25.11,25.21,0,,,,,AAPL_YF_GITHUB;CBOE_VXAPL;CBOE_VIX;CBOE_VIX9D
2020-09-29,111.8203907,112.5622753,110.8637399,111.3713455,99382200,50.52,51.19,49.57,50.46,26.81,27.43,25.98,26.27,26.26,27.53,25.45,25.99,0,,,,,AAPL_YF_GITHUB;CBOE_VXAPL;CBOE_VIX;CBOE_VIX9D
2020-09-30,111.0784995,114.4658141,110.9125522,113.0503616,142675200,50.37,50.95,47.8,48.65,26.69,27.12,25.06,26.37,25.64,26.41,24.48,25.77,0,,,,,AAPL_YF_GITHUB;CBOE_VXAPL;CBOE_VIX;CBOE_VIX9D
2020-10-01,114.8367322,114.9148277,113.0698655,114.0069885,116120400,48.6,51.76,48.2,49.92,25.78,27.11,25.33,26.7,25.14,26.42,24.66,24.8,0,,,,,AAPL_YF_GITHUB;CBOE_VXAPL;CBOE_VIX;CBOE_VIX9D
2020-10-02,110.1999209,112.6208277,109.5458882,110.3268204,144712000,49.62,52.39,49.62,52.38,28.87,29.9,26.93,27.63,27.44,27.44,23.58,24.64,0,,,,,AAPL_YF_GITHUB;CBOE_VXAPL;CBOE_VIX;CBOE_VIX9D
2020-10-05,111.195621,113.870327,110.8441989,113.7238998,106243800,47.88,54.1,47.88,49.9,29.52,29.69,27.27,27.96,25.36,25.39,23.44,23.51,0,,,,,AAPL_YF_GITHUB;CBOE_VXAPL;CBOE_VIX;CBOE_VIX9D
2020-10-06,112.9429685,113.3529659,109.5751819,110.463501,161498200,48.97,53.73,48.97,53.22,28.05,30.0,26.01,29.48,23.07,26.03,21.78,25.08,0,,,,,AAPL_YF_GITHUB;CBOE_VXAPL;CBOE_VIX;CBOE_VIX9D
2020-10-07,111.888708,112.7965472,111.4103789,112.3377457,96849000,53.19,53.19,50.36,50.36,29.26,29.76,27.94,28.06,23.36,23.55,21.74,21.74,0,,,,,AAPL_YF_GITHUB;CBOE_VXAPL;CBOE_VIX;CBOE_VIX9D
2020-10-08,113.4798748,113.626302,111.8594275,112.2303772,83477200,50.35,50.56,48.79,48.79,27.65,27.99,24.88,26.36,21.62,21.96,19.88,19.94,0,,,,,AAPL_YF_GITHUB;CBOE_VXAPL;CBOE_VIX;CBOE_VIX9D
2020-10-09,112.5329701,114.211985,112.181548,114.1827011,100506900,48.73,48.87,47.08,47.44,26.2,26.22,24.03,25.0,19.55,19.57,18.2,18.85,0,,,,,AAPL_YF_GITHUB;CBOE_VXAPL;CBOE_VIX;CBOE_VIX9D
2020-10-12,117.1990757,122.1970734,116.4376636,121.4356613,240226800,47.28,50.35,47.28,50.26,25.65,25.65,24.14,25.07,20.04,21.17,19.48,20.3,0,,,,,AAPL_YF_GITHUB;CBOE_VXAPL;CBOE_VIX;CBOE_VIX9D
2020-10-13,122.2849253,122.4020685,116.7988496,118.2142944,262330500,51.0,52.43,45.93,50.27,25.67,26.93,25.16,26.07,20.33,22.61,20.33,21.39,0,,,,,AAPL_YF_GITHUB;CBOE_VXAPL;CBOE_VIX;CBOE_VIX9D
2020-10-14,118.1166645,120.0982899,116.7695515,118.3021393,150712000,50.1,50.38,48.65,48.7,25.72,27.23,25.53,26.4,21.52,22.69,20.7,21.3,0,,,,,AAPL_YF_GITHUB;CBOE_VXAPL;CBOE_VIX;CBOE_VIX9D
2020-10-15,115.8910022,118.3119016,115.3345851,117.83358,112559200,48.75,49.69,48.2,48.86,27.1,29.06,26.82,26.97,24.41,24.41,20.88,21.38,0,,,,,AAPL_YF_GITHUB;CBOE_VXAPL;CBOE_VIX;CBOE_VIX9D
2020-10-16,118.3900247,118.6535951,115.978881,116.183876,115393800,,,,,27.16,27.46,26.19,27.41,21.51,21.64,20.24,21.64,0,,,,,AAPL_YF_GITHUB;CBOE_VXAPL;CBOE_VIX;CBOE_VIX9D
2020-10-19,117.101449,117.5504866,112.903919,113.2162933,120639300,48.42,50.43,48.06,50.23,27.36,29.69,27.04,29.18,23.41,25.92,23.22,24.65,0,,,,,AAPL_YF_GITHUB;CBOE_VXAPL;CBOE_VIX;CBOE_VIX9D
2020-10-20,113.4310651,116.1448267,112.8746479,114.7098541,124423700,49.01,49.91,47.21,48.57,28.81,29.6,28.29,29.35,24.51,25.23,23.76,24.57,0,,,,,AAPL_YF_GITHUB;CBOE_VXAPL;CBOE_VIX;CBOE_VIX9D
2020-10-21,113.889852,115.8812414,113.6750932,114.0850906,89946000,48.66,49.4,48.21,49.15,29.12,30.55,28.37,28.65,24.9,25.03,23.1,23.2,0,,,,,AAPL_YF_GITHUB;CBOE_VXAPL;CBOE_VIX;CBOE_VIX9D
2020-10-22,114.6512707,115.2272154,111.8594213,112.9917831,101988000,48.87,49.05,46.91,48.43,30.1,30.12,27.68,28.11,24.95,25.58,23.84,24.06,0,,,,,AAPL_YF_GITHUB;CBOE_VXAPL;CBOE_VIX;CBOE_VIX9D
2020-10-23,113.6165276,113.7727185,111.5568065,112.2986984,82572600,47.45,48.17,47.2,47.25,28.47,28.67,27.26,27.55,24.85,25.84,23.84,24.29,0,,,,,AAPL_YF_GITHUB;CBOE_VXAPL;CBOE_VIX;CBOE_VIX9D
2020-10-26,111.2932303,113.7727049,110.1901526,112.3084488,111850700,47.17,50.65,47.17,50.57,29.38,33.68,29.22,32.46,30.91,37.46,30.47,35.91,0,,,,,AAPL_YF_GITHUB;CBOE_VXAPL;CBOE_VIX;CBOE_VIX9D
2020-10-27,112.7379602,114.4853067,111.8106009,113.8215103,92276800,50.5,50.5,48.24,49.0,32.04,33.77,31.85,33.35,36.59,38.08,36.1,37.29,0,,,,,AAPL_YF_GITHUB;CBOE_VXAPL;CBOE_VIX;CBOE_VIX9D
2020-10-28,112.3084653,112.6794076,108.4525858,108.5502014,143937800,48.92,54.72,48.92,54.69,34.69,40.77,34.68,40.28,44.13,50.16,41.0,47.9,0,,,,,AAPL_YF_GITHUB;CBOE_VXAPL;CBOE_VIX;CBOE_VIX9D
2020-10-29,109.6923205,114.1436571,109.5263658,112.5720215,146129200,51.6,53.9,49.35,49.71,38.8,41.16,35.63,37.59,47.74,49.77,42.25,44.34,1,2020-09-30,0.69,0.73,0.05797101,AAPL_YF_GITHUB;CBOE_VXAPL;CBOE_VIX;CBOE_VIX9D;ALPHAQUERY_ZACKS_EARNINGS
2020-10-30,108.4135258,109.321365,105.153119,106.2659531,190272600,44.81,49.37,44.81,46.72,40.81,41.09,36.5,38.02,44.09,48.54,42.86,44.33,0,,,,,AAPL_YF_GITHUB;CBOE_VXAPL;CBOE_VIX;CBOE_VIX9D
2020-11-02,106.5099872,108.042575,104.7626408,106.1780853,122866900,47.86,48.88,37.63,47.39,38.57,38.78,36.13,37.13,45.46,46.51,43.37,43.86,0,,,,,AAPL_YF_GITHUB;CBOE_VXAPL;CBOE_VIX;CBOE_VIX9D
2020-11-03,107.0468918,108.8332787,106.1390527,107.8083038,107624400,44.55,46.5,44.55,44.65,36.44,36.44,34.19,35.55,42.42,43.49,40.67,43.2,0,,,,,AAPL_YF_GITHUB;CBOE_VXAPL;CBOE_VIX;CBOE_VIX9D
2020-11-04,111.4201499,112.8355947,109.672803,112.2108459,138235500,44.58,44.58,39.68,41.2,36.79,36.85,28.03,29.57,43.2,43.2,30.29,32.46,0,,,,,AAPL_YF_GITHUB;CBOE_VXAPL;CBOE_VIX;CBOE_VIX9D
2020-11-05,115.1393676,116.7695788,114.0851085,116.193634,126387100,38.74,40.76,38.22,39.69,27.56,28.14,26.04,27.58,32.5,32.5,27.16,28.09,0,,,,,AAPL_YF_GITHUB;CBOE_VXAPL;CBOE_VIX;CBOE_VIX9D
2020-11-06,115.6997907,116.5603004,113.5582861,116.0615997,114457900,37.85,40.21,36.58,36.68,27.87,29.44,24.56,24.86,27.7,28.61,23.4,23.96,0,,,,,AAPL_YF_GITHUB;CBOE_VXAPL;CBOE_VIX;CBOE_VIX9D
2020-11-09,117.8315449,119.288547,113.4800925,113.7441101,154515300,36.7,38.42,35.53,38.42,24.8,25.82,22.41,25.75,23.96,26.78,22.75,26.71,0,,,,,AAPL_YF_GITHUB;CBOE_VXAPL;CBOE_VIX;CBOE_VIX9D
2020-11-10,112.9911429,114.9859605,111.6025832,113.4018402,138023400,36.46,40.09,36.46,38.84,25.36,26.77,24.35,24.8,26.75,28.08,24.01,24.43,0,,,,,AAPL_YF_GITHUB;CBOE_VXAPL;CBOE_VIX;CBOE_VIX9D
2020-11-11,114.5948329,116.9807941,113.8614416,116.843895,112295000,37.04,38.54,35.36,35.62,25.01,25.12,22.57,23.45,24.43,24.43,21.49,21.59,0,,,,,AAPL_YF_GITHUB;CBOE_VXAPL;CBOE_VIX;CBOE_VIX9D
2020-11-12,116.971023,117.8608672,115.9442722,116.5700989,103162300,35.55,37.94,35.55,37.14,24.39,27.27,23.53,25.35,22.26,26.94,21.6,23.88,0,,,,,AAPL_YF_GITHUB;CBOE_VXAPL;CBOE_VIX;CBOE_VIX9D
2020-11-13,116.7949946,117.019897,115.2597627,116.6189804,81581900,37.12,37.12,34.12,34.15,24.94,25.03,22.74,23.1,22.0,22.19,20.38,21.01,0,,,,,AAPL_YF_GITHUB;CBOE_VXAPL;CBOE_VIX;CBOE_VIX9D
2020-11-16,116.2865036,118.310663,115.5335586,117.6359482,91183000,34.17,35.18,33.32,33.89,23.66,24.08,22.43,22.45,21.01,22.08,19.24,19.33,0,,,,,AAPL_YF_GITHUB;CBOE_VXAPL;CBOE_VIX;CBOE_VIX9D
2020-11-17,116.9025618,117.9977545,116.3256235,116.7461014,74271000,32.88,34.87,32.88,34.15,22.84,24.09,22.34,22.71,19.31,21.28,18.47,18.81,0,,,,,AAPL_YF_GITHUB;CBOE_VXAPL;CBOE_VIX;CBOE_VIX9D
2020-11-18,115.9833793,117.1665829,115.3868872,115.4162216,76322100,33.48,34.41,33.3,34.25,22.86,23.92,21.66,23.84,18.79,19.68,16.94,19.59,0,,,,,AAPL_YF_GITHUB;CBOE_VXAPL;CBOE_VIX;CBOE_VIX9D
2020-11-19,114.9859599,116.4234079,114.2232342,116.0127106,74113000,33.73,36.06,33.73,33.99,23.62,24.52,22.56,23.11,19.65,20.85,18.63,19.26,0,,,,,AAPL_YF_GITHUB;CBOE_VXAPL;CBOE_VIX;CBOE_VIX9D
2020-11-20,116.0127153,116.1398338,114.6926126,114.7415009,73604300,33.61,34.27,33.38,33.69,23.43,23.73,22.13,23.7,19.32,20.1,18.37,19.86,0,,,,,AAPL_YF_GITHUB;CBOE_VXAPL;CBOE_VIX;CBOE_VIX9D
2020-11-23,114.5850477,115.0153062,111.2310048,111.3287888,127959300,33.34,36.68,32.89,35.75,23.66,23.96,22.45,22.66,19.9,22.31,19.56,19.58,0,,,,,AAPL_YF_GITHUB;CBOE_VXAPL;CBOE_VIX;CBOE_VIX9D
2020-11-24,111.3874758,113.2845096,110.0967,112.6195679,113874200,35.3,36.13,33.91,34.49,22.04,22.48,20.8,21.64,19.58,19.69,18.31,18.4,0,,,,,AAPL_YF_GITHUB;CBOE_VXAPL;CBOE_VIX;CBOE_VIX9D
2020-11-25,112.9911516,114.1645747,112.619562,113.4605179,76499200,33.78,35.28,33.78,34.6,21.65,22.5,21.13,21.25,18.4,19.42,17.06,17.14,0,,,,,AAPL_YF_GITHUB;CBOE_VXAPL;CBOE_VIX;CBOE_VIX9D
2020-11-27,113.9885562,114.888181,113.6463085,114.00811,46691300,34.23,35.87,34.23,35.28,21.52,21.6,19.51,20.84,17.15,19.24,17.15,18.25,0,,,,,AAPL_YF_GITHUB;CBOE_VXAPL;CBOE_VIX;CBOE_VIX9D
2020-11-30,114.3796952,118.291115,114.2232348,116.4136353,169410200,35.29,39.35,35.29,37.78,22.64,22.89,20.48,20.57,18.33,23.42,18.33,19.87,0,,,,,AAPL_YF_GITHUB;CBOE_VXAPL;CBOE_VIX;CBOE_VIX9D
2020-12-01,118.330234,120.7357564,117.352379,120.0023651,127728200,38.36,40.44,37.48,38.7,20.21,20.92,20.0,20.77,19.83,20.3,19.32,19.87,0,,,,,AAPL_YF_GITHUB;CBOE_VXAPL;CBOE_VIX;CBOE_VIX9D
2020-12-02,119.3178617,120.6379718,118.2128882,120.354393,89004200,38.66,39.69,37.62,39.59,21.0,21.25,20.04,21.17,19.87,20.3,18.82,19.29,0,,,,,AAPL_YF_GITHUB;CBOE_VXAPL;CBOE_VIX;CBOE_VIX9D
2020-12-03,120.7846414,121.0388857,119.5036537,120.2174911,78967600,39.01,39.29,36.87,38.17,21.24,21.88,20.72,21.28,19.32,20.32,18.42,19.35,0,,,,,AAPL_YF_GITHUB;CBOE_VXAPL;CBOE_VIX;CBOE_VIX9D
2020-12-04,119.8850181,120.1392625,118.828933,119.5427704,78260400,37.06,38.55,36.37,37.3,21.05,21.15,19.97,20.79,19.37,19.37,17.78,17.96,0,,,,,AAPL_YF_GITHUB;CBOE_VXAPL;CBOE_VIX;CBOE_VIX9D
2020-12-07,119.6014385,121.8113928,119.5427696,121.009552,86712000,36.47,39.25,36.47,38.36,22.04,22.62,21.17,21.3,17.97,20.57,15.54,18.74,0,,,,,AAPL_YF_GITHUB;CBOE_VXAPL;CBOE_VIX;CBOE_VIX9D
2020-12-08,121.6158219,122.212314,120.3641613,121.6255951,82225500,37.52,39.18,37.19,37.79,21.65,22.25,20.52,20.68,18.7,19.65,17.97,18.17,0,,,,,AAPL_YF_GITHUB;CBOE_VXAPL;CBOE_VIX;CBOE_VIX9D
2020-12-09,121.7722846,123.1608369,118.3204576,119.0831833,115089200,37.22,39.84,36.16,39.14,20.66,22.93,20.1,22.27,18.03,22.13,17.7,19.99,0,,,,,AAPL_YF_GITHUB;CBOE_VXAPL;CBOE_VIX;CBOE_VIX9D
2020-12-10,117.8315134,121.1268871,117.4892657,120.5108337,81312200,39.24,40.56,38.67,39.02,22.12,23.46,21.53,22.52,21.32,22.09,18.95,19.67,0,,,,,AAPL_YF_GITHUB;CBOE_VXAPL;CBOE_VIX;CBOE_VIX9D
2020-12-11,119.7187955,120.0414894,117.8804306,119.6992416,86939800,38.64,40.75,31.05,39.74,22.49,25.14,22.48,23.31,19.67,23.74,19.67,20.45,0,,,,,AAPL_YF_GITHUB;CBOE_VXAPL;CBOE_VIX;CBOE_VIX9D
2020-12-14,119.8850241,120.6184154,118.8485002,119.0831833,79184500,39.36,40.01,38.33,38.44,22.67,24.82,21.95,24.72,20.4,23.71,18.8,23.67,0,,,,,AAPL_YF_GITHUB;CBOE_VXAPL;CBOE_VIX;CBOE_VIX9D
2020-12-15,121.5864807,125.0676494,121.381132,125.0480881,157243700,35.86,40.82,35.86,39.7,24.0,24.07,22.73,22.89,23.67,23.67,19.82,20.19,0,,,,,AAPL_YF_GITHUB;CBOE_VXAPL;CBOE_VIX;CBOE_VIX9D
2020-12-16,124.5885087,125.5272412,123.757326,124.9796448,98208600,39.43,40.57,38.61,38.97,22.51,23.67,22.29,22.5,20.19,21.89,18.8,18.8,0,,,,,AAPL_YF_GITHUB;CBOE_VXAPL;CBOE_VIX;CBOE_VIX9D
2020-12-17,126.0455131,126.7104623,125.2045571,125.8499451,94359800,38.7,39.16,37.66,38.62,21.98,22.27,21.52,21.93,18.83,18.83,17.94,18.62,0,,,,,AAPL_YF_GITHUB;CBOE_VXAPL;CBOE_VIX;CBOE_VIX9D
2020-12-18,126.1041795,126.2410786,123.3270676,123.8551102,192541500,38.61,41.55,31.05,41.09,22.15,23.77,21.57,21.57,18.59,22.16,16.42,16.7,0,,,,,AAPL_YF_GITHUB;CBOE_VXAPL;CBOE_VIX;CBOE_VIX9D
2020-12-21,122.2514291,125.4685729,120.716197,125.3903427,121251600,37.7,43.97,36.92,43.16,24.25,31.46,24.23,25.16,16.73,28.91,16.73,21.56,0,,,,,AAPL_YF_GITHUB;CBOE_VXAPL;CBOE_VIX;CBOE_VIX9D
2020-12-22,128.695463,131.4334592,126.7788611,128.9594879,168904800,43.0,46.0,41.14,42.17,25.24,25.56,23.53,24.23,21.65,22.11,19.69,19.91,0,,,,,AAPL_YF_GITHUB;CBOE_VXAPL;CBOE_VIX;CBOE_VIX9D
2020-12-23,129.2333137,129.4973238,127.8838691,128.0598907,88223700,42.02,43.02,40.35,41.12,23.49,23.68,22.13,23.31,19.91,19.91,17.63,19.2,0,,,,,AAPL_YF_GITHUB;CBOE_VXAPL;CBOE_VIX;CBOE_VIX9D
2020-12-24,128.4119161,130.5045251,128.1967869,129.0475159,54930100,41.15,42.26,41.15,42.22,22.47,22.83,21.39,21.53,19.18,19.18,16.85,17.12,0,,,,,AAPL_YF_GITHUB;CBOE_VXAPL;CBOE_VIX;CBOE_VIX9D
2020-12-28,131.022804,134.2986095,130.5534228,133.6630096,124486200,42.06,44.42,42.06,43.17,22.11,22.12,21.15,21.7,17.16,20.42,17.16,20.05,0,,,,,AAPL_YF_GITHUB;CBOE_VXAPL;CBOE_VIX;CBOE_VIX9D
2020-12-29,134.9928875,135.7164906,131.3650388,131.8833008,121047300,41.86,44.3,41.66,41.66,21.61,23.72,20.99,23.08,20.04,22.68,19.76,21.47,0,,,,,AAPL_YF_GITHUB;CBOE_VXAPL;CBOE_VIX;CBOE_VIX9D
2020-12-30,132.5775847,132.9785089,130.445853,130.7587738,96452100,42.33,42.88,41.15,42.28,22.58,23.15,22.41,22.77,21.5,21.82,20.56,21.31,0,,,,,AAPL_YF_GITHUB;CBOE_VXAPL;CBOE_VIX;CBOE_VIX9D
2020-12-31,131.1108202,131.7562082,128.8030815,129.7516022,99116600,35.05,42.88,35.05,42.47,22.99,23.25,21.24,22.75,21.29,22.49,20.57,21.2,0,,,,,AAPL_YF_GITHUB;CBOE_VXAPL;CBOE_VIX;CBOE_VIX9D
2021-01-04,130.5632046,130.651208,123.9529027,126.54422,143301900,39.87,52.8,39.87,46.74,23.04,29.19,22.56,26.97,22.75,30.99,22.71,27.39,0,,,,,AAPL_YF_GITHUB;CBOE_VXAPL;CBOE_VIX;CBOE_VIX9D
2021-01-05,126.0357321,128.8226248,125.5859122,128.1087799,97664900,38.66,47.69,38.66,44.2,26.94,28.6,24.8,25.34,27.26,28.11,23.87,24.29,0,,,,,AAPL_YF_GITHUB;CBOE_VXAPL;CBOE_VIX;CBOE_VIX9D
2021-01-06,124.8916404,128.1478993,123.5813108,123.7964401,155088000,44.06,46.47,42.92,46.12,25.48,26.77,22.14,25.07,24.26,26.69,19.05,23.77,0,,,,,AAPL_YF_GITHUB;CBOE_VXAPL;CBOE_VIX;CBOE_VIX9D
2021-01-07,125.5174759,128.7150661,125.0285484,128.0207825,109578200,40.52,45.56,38.14,43.92,23.67,23.91,22.25,22.37,23.73,23.73,18.32,19.42,0,,,,,AAPL_YF_GITHUB;CBOE_VXAPL;CBOE_VIX;CBOE_VIX9D
2021-01-08,129.4973071,129.69289,127.3460295,129.1257324,105158200,44.13,45.4,42.65,44.22,22.43,23.34,21.42,21.56,19.21,21.26,17.77,18.34,0,,,,,AAPL_YF_GITHUB;CBOE_VXAPL;CBOE_VIX;CBOE_VIX9D
2021-01-11,126.3290973,127.2873911,125.6543749,126.1237411,100384500,44.16,49.18,44.16,48.97,23.31,24.81,23.23,24.08,18.37,23.59,18.37,21.69,0,,,,,AAPL_YF_GITHUB;CBOE_VXAPL;CBOE_VIX;CBOE_VIX9D
2021-01-12,125.6543715,126.8180214,124.0506899,125.947731,91951100,47.84,51.57,47.34,48.34,23.49,25.15,22.83,23.33,21.7,23.81,20.14,20.65,0,,,,,AAPL_YF_GITHUB;CBOE_VXAPL;CBOE_VIX;CBOE_VIX9D
2021-01-13,125.9085589,128.5389903,125.6445489,127.991394,88636800,48.26,49.52,45.97,47.2,23.07,24.18,21.92,22.21,20.63,21.16,18.63,18.91,0,,,,,AAPL_YF_GITHUB;CBOE_VXAPL;CBOE_VIX;CBOE_VIX9D
2021-01-14,127.9034433,128.0990113,125.9086106,126.0552979,90221800,47.16,48.53,46.94,48.26,22.22,23.47,21.66,23.25,18.78,21.37,18.67,21.17,0,,,,,AAPL_YF_GITHUB;CBOE_VXAPL;CBOE_VIX;CBOE_VIX9D
2021-01-15,125.9281597,127.3362732,124.1875791,124.3244781,111598500,45.25,49.93,45.25,47.49,23.52,25.8,23.08,24.34,21.04,25.49,20.39,21.69,0,,,,,AAPL_YF_GITHUB;CBOE_VXAPL;CBOE_VIX;CBOE_VIX9D
2021-01-19,124.9503108,125.8597237,124.1289162,124.9992065,90757300,43.03,46.92,43.03,43.99,23.03,23.56,22.53,23.24,21.84,22.72,20.85,21.88,0,,,,,AAPL_YF_GITHUB;CBOE_VXAPL;CBOE_VIX;CBOE_VIX9D
2021-01-20,125.8108047,129.5559904,125.7032401,129.1061707,104319500,39.13,45.65,39.13,45.36,22.82,22.86,21.37,21.58,20.44,20.59,18.69,18.85,0,,,,,AAPL_YF_GITHUB;CBOE_VXAPL;CBOE_VIX;CBOE_VIX9D
2021-01-21,130.8369826,136.5769858,130.6316265,133.8389893,120150900,45.28,47.51,45.06,46.27,21.34,22.22,21.09,21.32,18.84,19.99,17.8,18.23,0,,,,,AAPL_YF_GITHUB;CBOE_VXAPL;CBOE_VIX;CBOE_VIX9D
2021-01-22,133.2621016,136.7530518,132.0300095,135.9903259,114459400,46.51,47.97,45.14,46.48,22.24,23.73,21.27,21.91,18.23,20.42,17.48,18.42,0,,,,,AAPL_YF_GITHUB;CBOE_VXAPL;CBOE_VIX;CBOE_VIX9D
2021-01-25,139.9017226,141.876979,133.5163157,139.7550354,157611700,45.86,52.41,44.24,51.12,22.31,26.63,22.2,23.19,20.69,27.19,19.89,20.66,0,,,,,AAPL_YF_GITHUB;CBOE_VXAPL;CBOE_VIX;CBOE_VIX9D
2021-01-26,140.4199741,141.1044696,138.2393469,139.9897156,98390600,50.97,52.35,49.16,51.91,23.91,23.94,22.55,23.02,20.68,21.52,20.13,20.46,0,,,,,AAPL_YF_GITHUB;CBOE_VXAPL;CBOE_VIX;CBOE_VIX9D
2021-01-27,140.2537189,141.1044628,137.3006079,138.9140625,140843800,51.69,56.78,49.63,50.72,23.82,37.21,23.71,37.21,20.46,41.76,20.46,41.64,1,2020-12-31,1.41,1.68,0.19148936,AAPL_YF_GITHUB;CBOE_VXAPL;CBOE_VIX;CBOE_VIX9D;ALPHAQUERY_ZACKS_EARNINGS
2021-01-28,136.4303491,138.8456524,133.6727905,134.0541534,142621100,46.95,48.15,44.63,46.93,33.25,36.29,27.39,30.21,42.05,42.05,25.57,30.0,0,,,,,AAPL_YF_GITHUB;CBOE_VXAPL;CBOE_VIX;CBOE_VIX9D
2021-01-29,132.8220443,133.7118959,127.326504,129.0377502,177523800,46.54,52.71,44.51,50.01,35.16,37.51,29.24,33.09,29.93,40.96,28.39,32.63,0,,,,,AAPL_YF_GITHUB;CBOE_VXAPL;CBOE_VIX;CBOE_VIX9D
2021-02-01,130.7881013,132.3820096,128.0305431,131.1694641,106239800,48.26,49.78,43.67,44.38,31.45,33.96,29.03,30.24,30.38,34.37,27.0,28.99,0,,,,,AAPL_YF_GITHUB;CBOE_VXAPL;CBOE_VIX;CBOE_VIX9D
2021-02-02,132.7242746,133.2914324,131.6290817,132.0006714,83305400,44.39,44.39,38.62,39.26,28.01,28.08,25.31,25.56,28.94,28.94,22.42,22.44,0,,,,,AAPL_YF_GITHUB;CBOE_VXAPL;CBOE_VIX;CBOE_VIX9D
2021-02-03,132.753565,132.7633531,130.6511831,130.973877,89880900,33.75,39.65,33.75,39.16,24.59,25.43,22.91,22.91,22.31,22.52,18.97,18.97,0,,,,,AAPL_YF_GITHUB;CBOE_VXAPL;CBOE_VIX;CBOE_VIX9D
2021-02-04,133.2816452,134.3572768,131.6095066,134.3475037,84183100,39.17,39.17,36.6,37.9,23.44,23.44,21.68,21.77,19.03,19.03,17.24,17.48,0,,,,,AAPL_YF_GITHUB;CBOE_VXAPL;CBOE_VIX;CBOE_VIX9D
2021-02-05,134.509067,134.5776113,133.0498807,133.9312592,75693800,37.75,38.06,34.83,35.89,21.99,22.16,20.86,20.87,17.46,17.74,15.47,15.52,0,,,,,AAPL_YF_GITHUB;CBOE_VXAPL;CBOE_VIX;CBOE_VIX9D
2021-02-08,133.2163981,134.1271701,132.1293564,134.0782013,71297200,35.89,37.39,34.84,35.79,21.89,22.07,21.23,21.24,15.48,17.72,15.48,16.57,0,,,,,AAPL_YF_GITHUB;CBOE_VXAPL;CBOE_VIX;CBOE_VIX9D
2021-02-09,133.7941914,135.0281395,133.0401286,133.1968079,76774200,35.77,36.74,35.18,36.68,21.57,22.26,20.65,21.63,16.57,17.84,16.26,17.09,0,,,,,AAPL_YF_GITHUB;CBOE_VXAPL;CBOE_VIX;CBOE_VIX9D
2021-02-10,133.6570505,134.1565113,131.6200713,132.5895996,73046600,36.59,38.26,35.54,36.69,21.64,23.85,19.69,21.99,17.09,21.1,16.61,17.68,0,,,,,AAPL_YF_GITHUB;CBOE_VXAPL;CBOE_VIX;CBOE_VIX9D
2021-02-11,133.0890541,133.5689244,131.0031209,132.3349915,64280000,36.64,37.07,34.59,35.59,22.09,23.25,21.11,21.25,17.68,19.98,16.81,17.09,0,,,,,AAPL_YF_GITHUB;CBOE_VXAPL;CBOE_VIX;CBOE_VIX9D
2021-02-12,131.5711309,132.7267168,130.9247786,132.5700226,60145100,34.46,36.38,33.81,34.65,21.6,22.45,19.95,19.97,17.18,17.42,14.97,15.05,0,,,,,AAPL_YF_GITHUB;CBOE_VXAPL;CBOE_VIX;CBOE_VIX9D
2021-02-16,132.6875342,133.1967678,130.043369,130.4351044,80576300,34.68,36.46,34.08,35.52,21.13,22.46,20.88,21.46,15.03,20.63,15.03,19.32,0,,,,,AAPL_YF_GITHUB;CBOE_VXAPL;CBOE_VIX;CBOE_VIX9D
2021-02-17,128.5352666,129.4852046,126.7920847,128.1337433,97918500,34.2,38.88,34.2,36.57,22.02,23.44,21.09,21.5,19.33,22.01,18.15,18.41,0,,,,,AAPL_YF_GITHUB;CBOE_VXAPL;CBOE_VIX;CBOE_VIX9D
2021-02-18,126.5276616,127.3111176,124.774692,127.0271225,96856700,36.23,39.08,36.23,37.27,21.98,24.23,21.8,22.49,18.42,22.38,18.42,19.46,0,,,,,AAPL_YF_GITHUB;CBOE_VXAPL;CBOE_VIX;CBOE_VIX9D
2021-02-19,127.5461416,128.0064214,126.135924,127.1837845,87668800,35.88,36.93,34.67,34.73,23.1,23.19,20.84,22.05,19.41,20.0,17.37,18.33,0,,,,,AAPL_YF_GITHUB;CBOE_VXAPL;CBOE_VIX;CBOE_VIX9D
2021-02-22,125.3622726,127.03691,123.0021242,123.3938522,103916400,30.57,39.23,30.57,38.7,24.46,25.09,21.96,23.45,18.3,23.0,18.3,21.22,0,,,,,AAPL_YF_GITHUB;CBOE_VXAPL;CBOE_VIX;CBOE_VIX9D
2021-02-23,121.2001742,124.089154,115.9412436,123.2567368,158273000,34.43,47.11,34.43,40.66,22.82,27.01,22.5,23.11,21.21,27.13,20.29,21.3,0,,,,,AAPL_YF_GITHUB;CBOE_VXAPL;CBOE_VIX;CBOE_VIX9D
2021-02-24,122.3557703,122.9629416,119.7018243,122.7572861,111039900,41.84,43.76,39.73,39.77,23.76,25.04,21.31,21.34,23.23,24.32,18.32,18.35,0,,,,,AAPL_YF_GITHUB;CBOE_VXAPL;CBOE_VIX;CBOE_VIX9D
2021-02-25,122.1011677,123.8443496,118.0467984,118.4874878,148199500,38.29,48.74,38.29,46.53,21.73,31.16,21.52,28.89,18.35,34.59,18.35,31.81,0,,,,,AAPL_YF_GITHUB;CBOE_VXAPL;CBOE_VIX;CBOE_VIX9D
2021-02-26,120.0543693,122.267626,118.6931204,118.7518845,164560400,45.99,46.76,38.29,43.55,28.73,30.82,25.23,27.95,31.6,34.67,25.0,29.42,0,,,,,AAPL_YF_GITHUB;CBOE_VXAPL;CBOE_VIX;CBOE_VIX9D
2021-03-01,121.190389,125.2839314,120.2502463,125.1468277,116307900,38.22,40.88,36.44,37.07,25.2,25.39,23.17,23.35,29.36,29.36,22.39,22.7,0,,,,,AAPL_YF_GITHUB;CBOE_VXAPL;CBOE_VIX;CBOE_VIX9D
2021-03-02,125.7539868,126.0575724,122.4243105,122.5320358,102260900,35.81,39.02,35.81,38.57,23.58,24.6,22.8,24.1,22.63,24.02,21.28,23.17,0,,,,,AAPL_YF_GITHUB;CBOE_VXAPL;CBOE_VIX;CBOE_VIX9D
2021-03-03,122.228459,123.1098452,119.3198886,119.5353394,112966300,38.5,42.12,37.94,41.67,22.8,26.79,22.45,26.67,23.17,27.28,23.12,26.88,0,,,,,AAPL_YF_GITHUB;CBOE_VXAPL;CBOE_VIX;CBOE_VIX9D
2021-03-04,119.231751,121.0434846,116.1664939,117.645256,178155000,40.17,47.56,40.17,44.58,26.52,31.9,24.93,28.57,26.88,35.02,24.46,29.3,0,,,,,AAPL_YF_GITHUB;CBOE_VXAPL;CBOE_VIX;CBOE_VIX9D
2021-03-05,118.4776753,119.4178179,115.1382035,118.9085693,153766600,42.89,46.56,40.04,40.86,29.48,30.03,24.33,24.66,29.3,31.53,22.97,23.83,0,,,,,AAPL_YF_GITHUB;CBOE_VXAPL;CBOE_VIX;CBOE_VIX9D
2021-03-08,118.4286985,118.4972504,113.8063253,113.9532242,154376600,40.75,45.53,40.75,45.48,27.61,28.39,24.07,25.47,23.76,27.73,23.76,25.7,0,,,,,AAPL_YF_GITHUB;CBOE_VXAPL;CBOE_VIX;CBOE_VIX9D
2021-03-09,116.5680143,119.5353414,116.3329805,118.5854034,129525800,45.62,45.62,37.86,40.02,25.11,25.25,22.9,24.03,25.7,25.7,22.13,24.11,0,,,,,AAPL_YF_GITHUB;CBOE_VXAPL;CBOE_VIX;CBOE_VIX9D
2021-03-10,119.1729895,119.6430571,116.9793158,117.4983597,111943300,40.32,41.08,39.13,40.66,23.76,23.87,22.38,22.56,24.12,24.12,20.88,20.98,0,,,,,AAPL_YF_GITHUB;CBOE_VXAPL;CBOE_VIX;CBOE_VIX9D
2021-03-11,120.0054137,120.6615538,118.7518901,119.4374084,103026500,40.55,40.55,38.08,38.41,22.5,22.5,21.45,21.91,20.98,20.98,19.76,20.01,0,,,,,AAPL_YF_GITHUB;CBOE_VXAPL;CBOE_VIX;CBOE_VIX9D
2021-03-12,117.9096601,118.6637302,116.6953103,118.5266266,88105100,38.42,40.05,38.31,38.34,22.57,22.99,20.63,20.69,20.93,21.02,17.35,17.41,0,,,,,AAPL_YF_GITHUB;CBOE_VXAPL;CBOE_VIX;CBOE_VIX9D
2021-03-15,118.8987849,121.4352103,117.9292565,121.425415,92403800,38.21,39.26,36.89,38.0,21.84,21.86,19.87,20.03,17.41,19.68,17.26,17.74,0,,,,,AAPL_YF_GITHUB;CBOE_VXAPL;CBOE_VIX;CBOE_VIX9D
2021-03-16,123.100041,124.5886057,122.1403153,122.9727325,115227900,37.75,37.75,34.85,36.06,20.14,20.31,19.33,19.79,17.7,18.44,17.16,17.93,0,,,,,AAPL_YF_GITHUB;CBOE_VXAPL;CBOE_VIX;CBOE_VIX9D
2021-03-17,121.4841831,123.2567431,119.8095458,122.1794968,111932600,36.0,38.89,35.11,36.75,20.1,20.95,19.18,19.23,17.93,20.06,16.58,16.69,0,,,,,AAPL_YF_GITHUB;CBOE_VXAPL;CBOE_VIX;CBOE_VIX9D
2021-03-18,120.338379,120.6321769,117.8313318,118.0369873,121229700,36.52,40.84,36.52,40.8,18.95,22.6,18.95,21.58,16.69,22.3,16.69,20.33,0,,,,,AAPL_YF_GITHUB;CBOE_VXAPL;CBOE_VIX;CBOE_VIX9D
2021-03-19,117.4200209,118.9183736,117.2045702,117.5081558,185549500,40.59,40.59,36.4,37.91,21.43,23.17,19.9,20.95,20.31,22.75,17.22,18.28,0,,,,,AAPL_YF_GITHUB;CBOE_VXAPL;CBOE_VIX;CBOE_VIX9D
2021-03-22,117.8411243,121.3079047,117.7725725,120.8378296,111912300,37.59,38.45,33.9,33.96,21.91,22.29,18.87,18.88,18.97,19.08,16.33,16.4,0,,,,,AAPL_YF_GITHUB;CBOE_VXAPL;CBOE_VIX;CBOE_VIX9D
2021-03-23,120.7790776,121.6702515,119.6136889,120.0054169,95467100,33.86,34.55,32.61,33.93,19.46,21.58,18.8,20.3,16.4,20.33,16.28,18.37,0,,,,,AAPL_YF_GITHUB;CBOE_VXAPL;CBOE_VIX;CBOE_VIX9D
2021-03-24,120.2796156,120.3579627,117.5864961,117.6060791,88530500,33.89,35.65,33.07,35.6,20.64,21.49,19.3,21.2,18.41,19.46,16.74,19.07,0,,,,,AAPL_YF_GITHUB;CBOE_VXAPL;CBOE_VIX;CBOE_VIX9D
2021-03-25,117.0674561,119.1436091,116.5386245,118.0957336,98844700,35.75,37.68,34.6,35.32,20.8,23.55,19.81,19.81,20.64,23.12,17.16,17.16,0,,,,,AAPL_YF_GITHUB;CBOE_VXAPL;CBOE_VIX;CBOE_VIX9D
2021-03-26,117.8607216,118.9673539,116.4602989,118.7029343,94071200,33.89,36.04,33.77,34.02,19.32,21.49,18.68,18.86,17.19,20.33,15.98,16.32,0,,,,,AAPL_YF_GITHUB;CBOE_VXAPL;CBOE_VIX;CBOE_VIX9D
2021-03-29,119.1338052,120.0445695,118.2328362,118.8791809,80819200,28.69,36.51,28.69,35.69,20.4,21.6,19.42,20.74,16.26,20.88,16.26,18.85,0,,,,,AAPL_YF_GITHUB;CBOE_VXAPL;CBOE_VIX;CBOE_VIX9D
2021-03-30,117.6256842,117.9096868,116.4015388,117.4200287,85671900,34.87,37.52,34.73,35.43,20.76,21.75,19.47,19.61,18.85,20.48,17.04,17.28,0,,,,,AAPL_YF_GITHUB;CBOE_VXAPL;CBOE_VIX;CBOE_VIX9D
2021-03-31,119.1338236,120.9651402,118.6441655,119.6234818,118323800,35.06,35.25,32.55,33.99,19.8,20.11,18.85,19.4,17.27,17.27,15.09,15.62,0,,,,,AAPL_YF_GITHUB;CBOE_VXAPL;CBOE_VIX;CBOE_VIX9D
2021-04-01,121.1022468,121.6114879,119.9564411,120.4558945,75089100,30.37,33.63,30.37,32.29,18.6,18.64,17.29,17.33,15.57,15.57,12.8,12.97,0,,,,,AAPL_YF_GITHUB;CBOE_VXAPL;CBOE_VIX;CBOE_VIX9D
2021-04-05,121.307903,123.550538,120.524447,123.2959137,88651200,32.16,34.68,32.16,33.77,18.16,18.4,17.35,17.91,12.95,16.69,12.95,15.65,0,,,,,AAPL_YF_GITHUB;CBOE_VXAPL;CBOE_VIX;CBOE_VIX9D
2021-04-06,123.8835128,124.5004794,123.0510955,123.5995102,80171300,32.48,34.62,32.48,33.22,18.07,18.3,17.37,18.12,15.69,16.24,15.59,15.71,0,,,,,AAPL_YF_GITHUB;CBOE_VXAPL;CBOE_VIX;CBOE_VIX9D
2021-04-07,123.2273553,125.2741225,122.5516248,125.2545395,83466700,33.1,33.57,31.85,32.81,17.99,18.17,16.87,17.16,15.71,15.71,14.09,14.13,0,,,,,AAPL_YF_GITHUB;CBOE_VXAPL;CBOE_VIX;CBOE_VIX9D
2021-04-08,126.2828112,127.6930288,125.8617124,127.6636505,88844600,32.7,33.3,32.47,32.98,16.92,17.36,16.55,16.95,14.13,14.68,13.9,13.94,0,,,,,AAPL_YF_GITHUB;CBOE_VXAPL;CBOE_VIX;CBOE_VIX9D
2021-04-09,127.1152302,130.2882048,126.7920541,130.2490387,106686700,32.91,33.86,32.86,33.25,17.05,17.34,16.2,16.69,13.96,14.49,13.17,13.19,0,,,,,AAPL_YF_GITHUB;CBOE_VXAPL;CBOE_VIX;CBOE_VIX9D
2021-04-12,129.7789443,130.1021203,127.9280379,128.5254211,91420000,33.27,35.06,33.27,34.41,17.43,17.91,16.81,16.91,13.19,15.83,13.19,14.24,0,,,,,AAPL_YF_GITHUB;CBOE_VXAPL;CBOE_VIX;CBOE_VIX9D
2021-04-13,129.7006604,131.8747439,129.2011995,131.6494904,91266500,34.69,35.94,33.73,35.53,16.99,17.86,16.43,16.65,14.24,14.86,13.72,13.78,0,,,,,AAPL_YF_GITHUB;CBOE_VXAPL;CBOE_VIX;CBOE_VIX9D
2021-04-14,132.1489162,132.2076728,128.9367606,129.2991028,87222800,35.57,44.97,35.44,36.83,16.71,17.69,15.38,16.99,13.78,15.63,13.72,14.1,0,,,,,AAPL_YF_GITHUB;CBOE_VXAPL;CBOE_VIX;CBOE_VIX9D
2021-04-15,131.052105,132.207691,130.8758203,131.7180328,89347100,36.86,36.86,34.6,35.15,16.78,16.92,15.94,16.57,14.11,14.64,13.9,14.22,0,,,,,AAPL_YF_GITHUB;CBOE_VXAPL;CBOE_VIX;CBOE_VIX9D
2021-04-16,131.5221592,131.8845014,130.5232526,131.3850555,84922400,35.32,35.61,33.61,34.64,16.65,16.88,16.05,16.25,14.2,14.84,12.45,12.97,0,,,,,AAPL_YF_GITHUB;CBOE_VXAPL;CBOE_VIX;CBOE_VIX9D
2021-04-19,130.7485025,132.6679689,130.5820206,132.0509949,94264200,34.53,35.41,34.3,34.91,17.04,18.61,16.78,17.29,12.94,17.54,12.94,15.42,0,,,,,AAPL_YF_GITHUB;CBOE_VXAPL;CBOE_VIX;CBOE_VIX9D
2021-04-20,132.2272785,132.7267244,129.0836669,130.356781,94812300,34.95,36.71,34.95,35.91,17.36,19.7,17.24,18.68,15.42,19.02,15.42,17.33,0,,,,,AAPL_YF_GITHUB;CBOE_VXAPL;CBOE_VIX;CBOE_VIX9D
2021-04-21,129.6223189,130.9835681,128.5842459,130.738739,68847100,35.76,36.02,34.2,34.4,18.48,19.29,16.91,17.5,17.32,18.04,14.21,14.79,0,,,,,AAPL_YF_GITHUB;CBOE_VXAPL;CBOE_VIX;CBOE_VIX9D
2021-04-22,130.2882221,131.3752637,128.6919469,129.2109833,84566500,34.46,35.64,33.23,35.1,17.28,19.9,16.99,18.71,14.79,19.46,14.03,16.77,0,,,,,AAPL_YF_GITHUB;CBOE_VXAPL;CBOE_VIX;CBOE_VIX9D
2021-04-23,129.4264367,132.3252043,129.4264367,131.5417633,78657500,35.02,35.02,32.66,32.86,18.56,18.78,16.8,17.33,16.78,16.78,13.35,14.07,0,,,,,AAPL_YF_GITHUB;CBOE_VXAPL;CBOE_VIX;CBOE_VIX9D
2021-04-26,132.0412123,132.2664509,130.7974765,131.9334869,66905100,32.76,34.93,32.76,33.79,17.94,18.17,16.87,17.64,14.09,15.7,14.09,14.81,0,,,,,AAPL_YF_GITHUB;CBOE_VXAPL;CBOE_VIX;CBOE_VIX9D
2021-04-27,132.2174924,132.6092279,131.3361137,131.610321,66015800,33.74,34.19,32.45,32.56,17.62,18.16,16.97,17.56,14.81,15.66,13.99,14.55,0,,,,,AAPL_YF_GITHUB;CBOE_VXAPL;CBOE_VIX;CBOE_VIX9D
2021-04-28,131.5319283,132.2272493,130.3273739,130.8170319,107760100,32.46,32.88,30.63,31.55,17.47,17.84,16.67,17.28,14.56,14.68,13.38,13.62,1,2021-03-31,1.0,1.4,0.4,AAPL_YF_GITHUB;CBOE_VXAPL;CBOE_VIX;CBOE_VIX9D;ALPHAQUERY_ZACKS_EARNINGS
2021-04-29,133.6472925,134.2348882,129.7104369,130.7191315,151101000,22.39,29.15,22.39,28.41,16.88,18.87,16.77,17.61,13.59,16.04,13.53,13.96,0,,,,,AAPL_YF_GITHUB;CBOE_VXAPL;CBOE_VIX;CBOE_VIX9D
2021-04-30,129.0542792,130.7974607,128.3589731,128.7409058,109839500,28.31,28.79,26.78,27.68,17.67,19.25,17.64,18.61,13.95,16.75,13.95,15.53,0,,,,,AAPL_YF_GITHUB;CBOE_VXAPL;CBOE_VIX;CBOE_VIX9D
2021-05-03,129.3089106,131.2969363,129.1032626,129.7985687,75135100,27.06,28.85,26.86,27.06,18.65,19.12,17.8,18.31,15.53,16.89,15.09,16.17,0,,,,,AAPL_YF_GITHUB;CBOE_VXAPL;CBOE_VIX;CBOE_VIX9D
2021-05-04,128.4765018,128.7702997,124.0793665,125.2055817,137564700,26.9,32.95,26.9,31.27,18.16,21.85,18.11,19.48,16.17,22.0,16.17,17.75,0,,,,,AAPL_YF_GITHUB;CBOE_VXAPL;CBOE_VIX;CBOE_VIX9D
2021-05-05,126.5276555,127.7518008,125.3231007,125.4504166,84000900,31.17,31.17,28.8,30.43,18.84,19.58,17.89,19.15,17.75,18.26,15.57,17.57,0,,,,,AAPL_YF_GITHUB;CBOE_VXAPL;CBOE_VIX;CBOE_VIX9D
2021-05-06,125.2447621,127.0662911,124.5004797,127.0565033,78128300,30.29,30.66,29.35,29.53,18.41,20.6,18.21,18.39,17.49,19.95,15.81,16.04,0,,,,,AAPL_YF_GITHUB;CBOE_VXAPL;CBOE_VIX;CBOE_VIX9D
2021-05-07,128.3612096,128.7634,127.0172572,127.7333832,78973300,29.53,29.71,27.8,28.22,18.45,18.57,16.68,16.69,16.07,16.82,13.58,14.09,0,,,,,AAPL_YF_GITHUB;CBOE_VXAPL;CBOE_VIX;CBOE_VIX9D
2021-05-10,126.9485842,127.0761014,124.398031,124.4372711,88071200,28.2,30.75,28.2,30.66,17.34,19.75,17.07,19.66,14.09,19.8,14.09,19.68,0,,,,,AAPL_YF_GITHUB;CBOE_VXAPL;CBOE_VIX;CBOE_VIX9D
2021-05-11,121.1509874,123.8682978,120.434869,123.515152,126142800,30.79,34.6,30.79,32.71,21.17,23.73,20.71,21.84,19.68,26.59,19.68,22.03,0,,,,,AAPL_YF_GITHUB;CBOE_VXAPL;CBOE_VIX;CBOE_VIX9D
2021-05-12,121.0528822,122.2692947,119.9247541,120.4348602,112172300,32.77,39.89,32.77,39.62,22.42,28.38,21.66,27.59,22.03,30.16,22.03,29.55,0,,,,,AAPL_YF_GITHUB;CBOE_VXAPL;CBOE_VIX;CBOE_VIX9D
2021-05-13,122.2104361,123.7505738,121.896523,122.5930176,105861300,39.59,39.59,33.79,35.17,26.03,28.93,22.23,23.13,29.79,29.79,21.94,23.21,0,,,,,AAPL_YF_GITHUB;CBOE_VXAPL;CBOE_VIX;CBOE_VIX9D
2021-05-14,123.8486758,125.4574818,123.4562825,125.0258484,81918000,35.3,35.3,29.55,29.73,21.77,22.1,18.66,18.81,23.17,23.17,17.24,17.41,0,,,,,AAPL_YF_GITHUB;CBOE_VXAPL;CBOE_VIX;CBOE_VIX9D
2021-05-17,124.4078432,124.5157516,122.7892252,123.8683014,74244600,29.8,31.93,29.77,30.43,19.89,21.58,19.67,19.72,20.49,22.15,18.65,18.83,0,,,,,AAPL_YF_GITHUB;CBOE_VXAPL;CBOE_VIX;CBOE_VIX9D
2021-05-18,124.1527856,124.5746072,122.406643,122.4753113,63342900,30.32,31.0,29.18,31.0,18.89,21.45,18.81,21.34,19.03,21.21,17.94,20.99,0,,,,,AAPL_YF_GITHUB;CBOE_VXAPL;CBOE_VIX;CBOE_VIX9D
2021-05-19,120.8174692,122.5439882,120.5231723,122.318367,92612000,30.97,34.61,30.97,32.55,22.46,25.96,21.88,22.18,20.92,26.87,20.73,21.21,0,,,,,AAPL_YF_GITHUB;CBOE_VXAPL;CBOE_VIX;CBOE_VIX9D
2021-05-20,122.8480948,125.2907322,122.7205626,124.8885269,76857100,32.61,32.61,28.41,28.59,22.33,23.5,20.19,20.67,19.61,19.97,18.04,18.56,0,,,,,AAPL_YF_GITHUB;CBOE_VXAPL;CBOE_VIX;CBOE_VIX9D
2021-05-21,125.3888296,125.5654063,122.8284719,123.0442886,79295400,28.61,29.56,28.13,29.3,20.42,20.89,19.53,20.15,18.53,19.37,16.65,17.12,0,,,,,AAPL_YF_GITHUB;CBOE_VXAPL;CBOE_VIX;CBOE_VIX9D
2021-05-24,123.6132386,125.5065295,123.5445703,124.6825027,63092900,29.19,29.19,26.27,26.8,20.5,20.51,18.38,18.4,17.5,17.5,14.59,14.67,0,,,,,AAPL_YF_GITHUB;CBOE_VXAPL;CBOE_VIX;CBOE_VIX9D
2021-05-25,125.38882,125.8793173,123.9173505,124.4863205,72009500,26.74,27.19,26.42,27.06,18.35,19.29,16.87,18.84,14.86,16.18,14.62,15.79,0,,,,,AAPL_YF_GITHUB;CBOE_VXAPL;CBOE_VIX;CBOE_VIX9D
2021-05-26,124.5451795,124.967001,124.0154496,124.4372711,56575900,27.04,27.13,26.18,26.18,18.37,18.92,17.35,17.36,15.8,16.24,13.83,13.84,0,,,,,AAPL_YF_GITHUB;CBOE_VXAPL;CBOE_VIX;CBOE_VIX9D
2021-05-27,124.0350652,125.2122377,122.7009323,122.8971252,94625600,26.2,26.48,25.32,26.41,18.03,18.17,16.52,16.74,13.76,14.06,12.99,13.03,0,,,,,AAPL_YF_GITHUB;CBOE_VXAPL;CBOE_VIX;CBOE_VIX9D
2021-05-28,123.1816154,123.407244,122.1810194,122.2398758,71311100,26.5,26.91,25.05,25.58,16.8,16.86,15.9,16.76,13.08,13.12,11.65,12.73,0,,,,,AAPL_YF_GITHUB;CBOE_VXAPL;CBOE_VIX;CBOE_VIX9D
2021-06-01,122.700932,122.9657932,121.5826158,121.9161453,67637100,25.48,27.36,25.48,27.33,17.24,18.53,15.68,17.9,14.55,16.43,14.46,15.0,0,,,,,AAPL_YF_GITHUB;CBOE_VXAPL;CBOE_VIX;CBOE_VIX9D
2021-06-02,121.9161496,122.8578892,121.6905285,122.6813126,59278900,27.35,27.4,25.43,26.31,17.86,18.31,16.74,17.48,14.89,15.12,13.33,13.7,0,,,,,AAPL_YF_GITHUB;CBOE_VXAPL;CBOE_VIX;CBOE_VIX9D
2021-06-03,122.3085553,122.47532,120.7880337,121.190239,76229200,26.31,28.25,26.31,27.44,17.73,19.27,17.45,18.04,13.69,16.57,13.69,15.18,0,,,,,AAPL_YF_GITHUB;CBOE_VXAPL;CBOE_VIX;CBOE_VIX9D
2021-06-04,121.7101465,123.7603979,121.4943298,123.4955292,75169300,27.35,27.35,25.46,26.02,18.09,18.42,16.18,16.42,14.05,14.05,12.47,12.7,0,,,,,AAPL_YF_GITHUB;CBOE_VXAPL;CBOE_VIX;CBOE_VIX9D
2021-06-07,123.7701941,123.9173426,122.4556851,123.5053329,71057600,26.88,27.53,26.13,26.13,17.34,17.35,15.78,16.42,14.84,14.96,13.81,13.91,0,,,,,AAPL_YF_GITHUB;CBOE_VXAPL;CBOE_VIX;CBOE_VIX9D
2021-06-08,124.1920244,126.0166547,123.8094429,124.329361,74403800,26.0,26.24,24.77,26.02,16.58,17.75,15.15,17.07,14.21,16.25,14.21,15.43,0,,,,,AAPL_YF_GITHUB;CBOE_VXAPL;CBOE_VIX;CBOE_VIX9D
2021-06-09,124.7904171,125.320147,124.1135388,124.711937,56877900,26.02,26.02,25.27,25.79,17.18,17.96,15.55,17.89,15.27,17.13,15.27,17.09,0,,,,,AAPL_YF_GITHUB;CBOE_VXAPL;CBOE_VIX;CBOE_VIX9D
2021-06-10,124.6040294,125.7517813,123.5445771,123.7113419,71186400,25.7,25.7,23.94,24.75,18.18,18.29,16.01,16.1,15.25,15.82,13.81,13.83,0,,,,,AAPL_YF_GITHUB;CBOE_VXAPL;CBOE_VIX;CBOE_VIX9D
2021-06-11,124.1233618,125.016057,123.7015403,124.9277649,53522400,24.3,24.47,23.17,23.22,16.18,16.2,15.15,15.65,13.53,13.8,12.99,13.06,0,,,,,AAPL_YF_GITHUB;CBOE_VXAPL;CBOE_VIX;CBOE_VIX9D
2021-06-14,125.3888428,128.0571016,124.6531079,127.9982452,96906500,23.31,24.82,23.11,24.67,16.04,17.04,15.04,16.39,14.5,15.89,14.5,14.92,0,,,,,AAPL_YF_GITHUB;CBOE_VXAPL;CBOE_VIX;CBOE_VIX9D
2021-06-15,127.4685065,128.1159567,126.9289647,127.1742096,62746300,24.25,25.58,24.25,25.19,16.27,17.35,16.14,17.02,15.36,16.51,15.3,15.92,0,,,,,AAPL_YF_GITHUB;CBOE_VXAPL;CBOE_VIX;CBOE_VIX9D
2021-06-16,127.8902857,128.4003992,126.0166263,127.674469,91815000,25.24,31.09,20.35,25.79,16.99,19.11,16.42,18.15,15.81,19.82,15.48,17.94,0,,,,,AAPL_YF_GITHUB;CBOE_VXAPL;CBOE_VIX;CBOE_VIX9D
2021-06-17,127.3311549,130.0288488,127.1839989,129.2832947,96721700,25.81,26.49,24.0,24.78,18.49,19.22,16.71,17.75,17.05,19.21,15.23,16.67,0,,,,,AAPL_YF_GITHUB;CBOE_VXAPL;CBOE_VIX;CBOE_VIX9D
2021-06-18,128.2238368,129.0086084,127.7627752,127.9785919,108953300,26.7,27.23,25.96,26.83,16.96,21.04,16.92,20.7,20.96,20.97,18.16,20.14,0,,,,,AAPL_YF_GITHUB;CBOE_VXAPL;CBOE_VIX;CBOE_VIX9D
2021-06-21,127.8216557,129.8915235,126.7523915,129.7836151,79663300,26.81,27.52,25.13,25.15,21.74,21.82,17.81,17.89,20.14,21.04,16.83,16.83,0,,,,,AAPL_YF_GITHUB;CBOE_VXAPL;CBOE_VIX;CBOE_VIX9D
2021-06-22,129.6168675,131.5297751,129.1165582,131.4316711,74783600,25.68,25.74,24.91,25.63,17.91,18.32,15.76,16.66,16.43,16.69,14.52,14.58,0,,,,,AAPL_YF_GITHUB;CBOE_VXAPL;CBOE_VIX;CBOE_VIX9D
2021-06-23,131.2256429,131.7651847,130.6959056,131.1569672,60214200,25.86,26.47,25.18,25.29,16.25,16.84,14.86,16.32,14.33,14.58,13.51,13.63,0,,,,,AAPL_YF_GITHUB;CBOE_VXAPL;CBOE_VIX;CBOE_VIX9D
2021-06-24,131.8927252,132.0791137,130.4016318,130.8725128,68711000,25.3,25.35,23.89,24.98,15.99,16.05,14.19,15.97,12.78,12.84,12.42,12.77,0,,,,,AAPL_YF_GITHUB;CBOE_VXAPL;CBOE_VIX;CBOE_VIX9D
2021-06-25,130.9215502,131.3433642,130.2839044,130.5782013,70783700,25.03,25.95,24.59,24.77,16.04,16.17,15.21,15.62,12.68,12.7,11.46,11.86,0,,,,,AAPL_YF_GITHUB;CBOE_VXAPL;CBOE_VIX;CBOE_VIX9D
2021-06-28,130.8724632,132.6774617,130.8136068,132.2164001,62111300,26.06,26.06,24.63,25.52,16.07,16.46,15.39,15.76,11.86,13.12,11.86,11.92,0,,,,,AAPL_YF_GITHUB;CBOE_VXAPL;CBOE_VIX;CBOE_VIX9D
2021-06-29,132.2360561,133.8939141,131.7946183,133.7369537,64556100,25.83,26.09,25.17,25.51,15.69,16.31,14.1,16.02,11.57,12.47,11.56,11.86,0,,,,,AAPL_YF_GITHUB;CBOE_VXAPL;CBOE_VIX;CBOE_VIX9D
2021-06-30,133.579983,134.796403,133.2856861,134.3549652,63261400,26.25,27.19,25.84,26.02,16.18,17.31,15.58,15.83,12.77,12.92,10.75,11.11,0,,,,,AAPL_YF_GITHUB;CBOE_VXAPL;CBOE_VIX;CBOE_VIX9D
2021-07-01,134.0018335,134.7179445,133.1777992,134.6590881,52485800,26.41,26.7,25.15,26.15,15.62,16.01,15.31,15.48,11.44,11.9,11.11,11.43,0,,,,,AAPL_YF_GITHUB;CBOE_VXAPL;CBOE_VIX;CBOE_VIX9D
2021-07-02,135.277067,137.3371299,135.1299261,137.2978973,78852600,25.96,26.4,25.37,26.36,15.53,15.54,14.25,15.07,10.69,11.01,10.12,10.4,0,,,,,AAPL_YF_GITHUB;CBOE_VXAPL;CBOE_VIX;CBOE_VIX9D
2021-07-06,137.4058334,140.4272377,137.4058334,139.3187408,108181800,25.95,29.95,25.95,29.64,15.77,17.94,15.73,16.44,12.75,16.38,11.34,13.76,0,,,,,AAPL_YF_GITHUB;CBOE_VXAPL;CBOE_VIX;CBOE_VIX9D
2021-07-07,140.8098285,142.1341572,139.9465765,141.8202515,104911600,29.8,35.65,29.52,30.47,16.43,17.64,16.08,16.2,13.62,15.62,12.32,13.07,0,,,,,AAPL_YF_GITHUB;CBOE_VXAPL;CBOE_VIX;CBOE_VIX9D
2021-07-08,138.8871488,141.319975,137.9944535,140.5155792,105575500,31.86,32.31,30.48,32.09,17.74,21.29,17.74,19.0,18.65,19.68,15.97,17.24,0,,,,,AAPL_YF_GITHUB;CBOE_VXAPL;CBOE_VIX;CBOE_VIX9D
2021-07-09,140.0348477,142.8796828,139.9367438,142.3499603,99890800,32.02,32.24,30.75,31.43,17.88,18.13,16.08,16.18,15.21,15.21,12.61,13.02,0,,,,,AAPL_YF_GITHUB;CBOE_VXAPL;CBOE_VIX;CBOE_VIX9D
2021-07-12,143.4290381,143.5369465,141.2610666,141.7515564,76299700,33.27,33.35,29.77,30.58,16.85,17.52,16.14,16.17,13.02,14.62,13.02,13.52,0,,,,,AAPL_YF_GITHUB;CBOE_VXAPL;CBOE_VIX;CBOE_VIX9D
2021-07-13,141.2905103,144.6552786,140.8981244,142.8698883,100827100,30.86,32.28,30.0,30.78,16.39,17.23,15.94,17.12,14.17,15.17,13.23,14.98,0,,,,,AAPL_YF_GITHUB;CBOE_VXAPL;CBOE_VIX;CBOE_VIX9D
2021-07-14,145.2830937,146.725135,144.8710691,146.3131104,127050800,30.54,31.87,30.38,31.63,17.34,17.51,15.95,16.33,13.47,15.29,13.16,13.45,0,,,,,AAPL_YF_GITHUB;CBOE_VXAPL;CBOE_VIX;CBOE_VIX9D
2021-07-15,146.4014074,147.1469465,144.2922922,145.6558533,106820300,31.23,32.91,30.33,31.73,16.7,18.09,16.56,17.01,15.02,16.13,13.85,14.55,0,,,,,AAPL_YF_GITHUB;CBOE_VXAPL;CBOE_VIX;CBOE_VIX9D
2021-07-16,145.6362411,146.9115026,143.1053119,143.6056061,93251400,31.4,32.32,29.77,32.25,16.8,18.7,16.03,18.45,13.3,16.97,13.15,16.3,0,,,,,AAPL_YF_GITHUB;CBOE_VXAPL;CBOE_VIX;CBOE_VIX9D
2021-07-19,141.015816,141.3297367,138.9753767,139.7405396,121434600,32.08,35.21,30.06,34.69,19.61,25.09,19.27,22.5,16.27,27.76,16.27,22.15,0,,,,,AAPL_YF_GITHUB;CBOE_VXAPL;CBOE_VIX;CBOE_VIX9D
2021-07-20,140.7313404,144.3021056,140.2408506,143.370163,96350000,34.15,36.05,27.06,32.98,20.89,22.97,19.37,19.73,22.15,22.82,17.41,17.86,0,,,,,AAPL_YF_GITHUB;CBOE_VXAPL;CBOE_VIX;CBOE_VIX9D
2021-07-21,142.7619926,143.3505865,141.8791168,142.6344604,74993500,32.63,33.06,29.59,32.14,19.73,19.82,17.81,17.91,16.75,17.04,14.5,14.65,0,,,,,AAPL_YF_GITHUB;CBOE_VXAPL;CBOE_VIX;CBOE_VIX9D
2021-07-22,143.1641543,145.3811626,143.0366221,144.0077972,77338200,31.95,32.38,30.52,31.88,17.59,18.45,17.4,17.69,14.79,15.6,13.94,14.07,0,,,,,AAPL_YF_GITHUB;CBOE_VXAPL;CBOE_VIX;CBOE_VIX9D
2021-07-23,144.7435452,145.8912896,144.1255233,145.7343292,71447400,31.45,31.68,28.94,29.98,16.98,17.48,16.33,17.2,13.01,13.99,12.27,12.87,0,,,,,AAPL_YF_GITHUB;CBOE_VXAPL;CBOE_VIX;CBOE_VIX9D
2021-07-26,145.4498519,146.9801777,144.8906864,146.1561584,72434100,31.63,31.78,28.2,30.44,18.67,19.39,17.53,17.58,12.83,16.04,12.83,14.01,0,,,,,AAPL_YF_GITHUB;CBOE_VXAPL;CBOE_VIX;CBOE_VIX9D
2021-07-27,146.2836713,146.3719709,142.781582,143.9783783,104818600,31.12,32.38,30.59,30.99,18.62,20.44,18.25,19.36,15.39,18.96,14.72,17.16,1,2021-06-30,1.0,1.3,0.3,AAPL_YF_GITHUB;CBOE_VXAPL;CBOE_VIX;CBOE_VIX9D;ALPHAQUERY_ZACKS_EARNINGS
2021-07-28,142.0556779,144.1745978,139.8288496,142.2224426,118931200,27.68,29.36,27.68,28.08,19.41,19.62,17.52,18.31,15.91,17.08,13.81,14.82,0,,,,,AAPL_YF_GITHUB;CBOE_VXAPL;CBOE_VIX;CBOE_VIX9D
2021-07-29,141.9379605,143.7625835,141.8300522,142.8698883,56699500,27.61,27.62,25.06,25.98,17.91,18.01,17.19,17.7,13.86,13.92,13.06,13.65,0,,,,,AAPL_YF_GITHUB;CBOE_VXAPL;CBOE_VIX;CBOE_VIX9D
2021-07-30,141.6338477,143.546755,141.368979,143.0856934,70440600,27.0,27.67,25.93,26.35,19.69,19.72,17.53,18.24,15.37,15.64,13.81,14.36,0,,,,,AAPL_YF_GITHUB;CBOE_VXAPL;CBOE_VIX;CBOE_VIX9D
2021-08-02,143.5761861,144.1549605,142.487298,142.7521667,62880000,26.9,27.39,25.91,26.45,18.16,19.87,17.99,19.46,15.43,17.06,14.73,16.21,0,,,,,AAPL_YF_GITHUB;CBOE_VXAPL;CBOE_VIX;CBOE_VIX9D
2021-08-03,143.036638,145.2242184,142.418616,144.5571594,64786600,26.0,26.86,25.32,26.22,19.17,20.44,17.7,18.04,15.66,17.92,13.26,13.68,0,,,,,AAPL_YF_GITHUB;CBOE_VXAPL;CBOE_VIX;CBOE_VIX9D
2021-08-04,144.468889,144.9789876,143.4977136,144.1549683,56368300,27.05,27.4,25.71,26.45,18.23,18.9,17.67,17.97,14.91,15.02,13.29,13.62,0,,,,,AAPL_YF_GITHUB;CBOE_VXAPL;CBOE_VIX;CBOE_VIX9D
2021-08-05,144.184383,145.0280261,143.3897919,144.2628632,46397700,26.51,27.04,25.24,25.75,17.73,17.84,17.23,17.28,13.77,13.85,13.1,13.25,0,,,,,AAPL_YF_GITHUB;CBOE_VXAPL;CBOE_VIX;CBOE_VIX9D
2021-08-06,143.7815011,144.5281573,143.0741362,143.5751801,54126800,25.68,25.98,24.5,24.54,17.46,17.5,16.14,16.15,12.66,13.08,10.91,10.96,0,,,,,AAPL_YF_GITHUB;CBOE_VXAPL;CBOE_VIX;CBOE_VIX9D
2021-08-09,143.6341015,144.1253262,142.9660431,143.5260315,48908700,25.43,26.06,23.78,24.62,17.12,17.39,16.59,16.72,13.18,13.82,12.51,12.75,0,,,,,AAPL_YF_GITHUB;CBOE_VXAPL;CBOE_VIX;CBOE_VIX9D
2021-08-10,143.8699012,145.1176162,142.7499094,143.0446472,69023100,24.65,25.56,24.36,25.28,16.82,17.05,16.34,16.79,12.75,13.62,12.54,13.23,0,,,,,AAPL_YF_GITHUB;CBOE_VXAPL;CBOE_VIX;CBOE_VIX9D
2021-08-11,143.4867624,144.1450018,142.9758844,143.3000946,48493500,25.11,25.12,23.81,24.87,16.81,17.09,15.87,16.06,12.52,12.65,10.96,11.58,0,,,,,AAPL_YF_GITHUB;CBOE_VXAPL;CBOE_VIX;CBOE_VIX9D
2021-08-12,143.6242907,146.4340968,143.2804274,146.2769012,72282600,25.01,25.96,24.61,25.91,16.33,16.42,15.49,15.59,12.4,12.91,11.53,11.54,0,,,,,AAPL_YF_GITHUB;CBOE_VXAPL;CBOE_VIX;CBOE_VIX9D
2021-08-13,146.3554464,146.8171987,145.667735,146.4831696,59375000,25.99,26.21,24.03,25.09,15.68,15.72,15.19,15.45,11.65,11.78,10.91,11.21,0,,,,,AAPL_YF_GITHUB;CBOE_VXAPL;CBOE_VIX;CBOE_VIX9D
2021-08-16,145.9330368,148.5365368,143.8993742,148.4677582,103296000,25.99,27.91,25.91,27.17,17.05,17.71,16.02,16.12,14.6,15.72,12.79,13.07,0,,,,,AAPL_YF_GITHUB;CBOE_VXAPL;CBOE_VIX;CBOE_VIX9D
2021-08-17,147.5933685,149.0179172,146.4733768,147.5540771,92229700,27.89,30.2,27.48,30.01,17.31,19.56,16.71,17.91,15.43,19.58,14.6,16.29,0,,,,,AAPL_YF_GITHUB;CBOE_VXAPL;CBOE_VIX;CBOE_VIX9D
2021-08-18,147.1709341,148.0747858,143.5849846,143.7913055,86326000,30.39,31.45,28.7,31.41,17.56,21.64,17.31,21.57,17.03,23.18,15.05,23.12,0,,,,,AAPL_YF_GITHUB;CBOE_VXAPL;CBOE_VIX;CBOE_VIX9D
2021-08-19,142.4846167,145.4024922,141.9639198,144.1253052,86960300,32.41,33.63,31.3,32.77,23.12,24.74,20.37,21.67,23.33,24.03,19.82,21.24,0,,,,,AAPL_YF_GITHUB;CBOE_VXAPL;CBOE_VIX;CBOE_VIX9D
2021-08-20,144.8523505,145.8937446,144.2039303,145.5891876,60549600,32.4,32.59,28.97,30.26,22.74,23.9,18.18,18.56,21.1,21.1,14.7,15.1,0,,,,,AAPL_YF_GITHUB;CBOE_VXAPL;CBOE_VIX;CBOE_VIX9D
2021-08-23,145.7070964,147.5541064,145.2944693,147.0825348,60131800,30.38,30.69,26.45,27.95,18.83,18.95,16.95,17.15,15.49,15.49,13.91,14.02,0,,,,,AAPL_YF_GITHUB;CBOE_VXAPL;CBOE_VIX;CBOE_VIX9D
2021-08-24,146.8270345,148.2122915,146.5322967,146.9940491,48606400,28.0,28.31,25.59,26.95,16.96,17.51,16.94,17.22,14.15,14.53,13.58,13.94,0,,,,,AAPL_YF_GITHUB;CBOE_VXAPL;CBOE_VIX;CBOE_VIX9D
2021-08-25,147.1807437,147.6818025,145.2060258,145.7561951,58991300,27.05,27.29,25.8,26.09,17.42,17.5,16.46,16.79,14.02,14.03,12.58,12.99,0,,,,,AAPL_YF_GITHUB;CBOE_VXAPL;CBOE_VIX;CBOE_VIX9D
2021-08-26,145.7463734,146.5028486,144.9211045,144.9505768,48597200,26.36,27.59,25.93,27.48,17.46,19.27,17.16,18.84,14.21,17.87,13.88,17.11,0,,,,,AAPL_YF_GITHUB;CBOE_VXAPL;CBOE_VIX;CBOE_VIX9D
2021-08-27,144.8916507,146.1393658,144.2530645,145.9920044,55802400,27.31,27.9,24.52,25.27,17.95,18.22,16.11,16.39,17.11,17.58,12.07,12.32,0,,,,,AAPL_YF_GITHUB;CBOE_VXAPL;CBOE_VIX;CBOE_VIX9D
2021-08-30,146.3849461,150.7961489,146.0017915,150.4326324,90956700,26.18,28.04,25.87,28.04,16.77,16.8,15.98,16.19,12.39,12.97,11.79,12.0,0,,,,,AAPL_YF_GITHUB;CBOE_VXAPL;CBOE_VIX;CBOE_VIX9D
2021-08-31,149.9807179,150.1182603,148.6347522,149.1652832,86453100,28.31,28.45,27.26,28.15,15.98,17.07,15.91,16.48,12.55,13.35,12.01,12.75,0,,,,,AAPL_YF_GITHUB;CBOE_VXAPL;CBOE_VIX;CBOE_VIX9D
2021-09-01,150.1477498,152.2600101,149.6663442,149.8333588,80313700,28.16,28.88,26.44,27.21,16.06,16.71,15.68,16.11,12.46,12.76,11.46,11.75,0,,,,,AAPL_YF_GITHUB;CBOE_VXAPL;CBOE_VIX;CBOE_VIX9D
2021-09-02,151.169494,152.004582,149.7252921,150.9533539,71115500,27.19,28.27,26.76,27.86,16.27,16.98,15.73,16.41,11.81,13.69,11.64,12.73,0,,,,,AAPL_YF_GITHUB;CBOE_VXAPL;CBOE_VIX;CBOE_VIX9D
2021-09-03,151.0614184,151.9161596,150.4031791,151.5919495,57808700,27.88,28.53,26.19,27.02,16.27,17.06,16.08,16.41,13.29,13.65,11.15,11.66,0,,,,,AAPL_YF_GITHUB;CBOE_VXAPL;CBOE_VIX;CBOE_VIX9D
2021-09-07,152.2501731,154.4999755,151.6803507,153.9399872,82278300,28.37,29.47,27.39,29.15,16.94,18.39,16.89,18.14,11.66,15.89,11.66,15.33,0,,,,,AAPL_YF_GITHUB;CBOE_VXAPL;CBOE_VIX;CBOE_VIX9D
2021-09-08,154.2249014,154.283846,151.2775532,152.3877258,74420200,29.69,30.15,28.71,29.81,18.97,19.64,17.78,17.96,16.34,17.72,14.24,14.75,0,,,,,AAPL_YF_GITHUB;CBOE_VXAPL;CBOE_VIX;CBOE_VIX9D
2021-09-09,152.7610584,153.3701722,151.2480779,151.3659821,57305700,29.87,30.05,28.59,29.23,19.44,19.54,17.17,18.8,15.39,17.7,13.74,16.55,0,,,,,AAPL_YF_GITHUB;CBOE_VXAPL;CBOE_VIX;CBOE_VIX9D
2021-09-10,152.2796684,152.7512399,146.0902337,146.3554993,140893200,28.24,32.31,27.41,32.22,17.94,21.13,16.99,20.95,13.72,22.68,13.57,22.58,0,,,,,AAPL_YF_GITHUB;CBOE_VXAPL;CBOE_VIX;CBOE_VIX9D
2021-09-13,147.9863707,148.7624992,146.1393609,146.9253235,102404300,30.56,30.81,28.96,29.25,19.64,21.18,18.76,19.37,22.53,23.1,17.98,20.2,0,,,,,AAPL_YF_GITHUB;CBOE_VXAPL;CBOE_VIX;CBOE_VIX9D
2021-09-14,147.711274,148.4186387,144.3316456,145.520401,109296300,28.54,30.14,28.38,29.06,19.58,20.47,18.39,19.46,18.13,21.41,17.96,19.43,0,,,,,AAPL_YF_GITHUB;CBOE_VXAPL;CBOE_VIX;CBOE_VIX9D
2021-09-15,145.9526611,146.8172213,143.8010948,146.4144135,83281300,28.73,29.58,27.15,27.69,19.3,20.27,18.01,18.18,19.0,20.2,15.93,16.2,0,,,,,AAPL_YF_GITHUB;CBOE_VXAPL;CBOE_VIX;CBOE_VIX9D
2021-09-16,145.8347864,146.3554833,144.6361969,146.1786346,68034100,28.05,28.66,27.2,27.33,18.41,19.76,17.65,18.69,17.45,19.23,15.47,16.64,0,,,,,AAPL_YF_GITHUB;CBOE_VXAPL;CBOE_VIX;CBOE_VIX9D
2021-09-17,146.2081213,146.2081213,143.2018137,143.4965515,129868800,27.77,34.54,27.77,29.38,18.37,21.51,18.35,20.81,16.93,20.99,16.58,19.66,0,,,,,AAPL_YF_GITHUB;CBOE_VXAPL;CBOE_VIX;CBOE_VIX9D
2021-09-20,141.2762273,142.2979681,138.7906315,140.4313202,123478900,34.28,37.14,32.63,34.55,24.25,28.79,23.9,25.71,19.67,32.96,19.67,27.7,0,,,,,AAPL_YF_GITHUB;CBOE_VXAPL;CBOE_VIX;CBOE_VIX9D
2021-09-21,141.4039291,142.0621834,140.2741184,140.9127045,75834000,33.08,33.78,24.03,32.54,23.41,25.6,21.71,24.36,24.87,26.9,22.77,25.13,0,,,,,AAPL_YF_GITHUB;CBOE_VXAPL;CBOE_VIX;CBOE_VIX9D
2021-09-22,141.9147843,143.8600295,141.1779474,143.2902222,76404300,31.42,32.22,24.06,30.2,22.72,23.4,20.75,20.87,23.04,23.59,19.28,19.46,0,,,,,AAPL_YF_GITHUB;CBOE_VXAPL;CBOE_VIX;CBOE_VIX9D
2021-09-23,144.0762488,144.49871,143.0839799,144.2530975,64838200,29.89,30.47,27.66,28.72,19.91,20.21,18.42,18.63,17.93,18.03,16.56,17.08,0,,,,,AAPL_YF_GITHUB;CBOE_VXAPL;CBOE_VIX;CBOE_VIX9D
2021-09-24,143.1035804,144.8818113,143.0053294,144.3414612,53477900,30.1,30.1,27.66,28.04,19.33,20.41,17.63,17.75,18.95,18.95,15.19,15.24,0,,,,,AAPL_YF_GITHUB;CBOE_VXAPL;CBOE_VIX;CBOE_VIX9D
2021-09-27,142.9169002,143.3983058,141.2958649,142.8186493,74150700,30.1,31.19,28.92,29.34,17.78,19.32,17.74,18.76,15.35,18.1,15.35,16.96,0,,,,,AAPL_YF_GITHUB;CBOE_VXAPL;CBOE_VIX;CBOE_VIX9D
2021-09-28,140.7359125,142.209587,139.2032935,139.4194336,108972300,30.74,35.08,30.72,34.37,19.74,24.82,19.71,23.25,19.72,27.52,19.69,24.56,0,,,,,AAPL_YF_GITHUB;CBOE_VXAPL;CBOE_VIX;CBOE_VIX9D
2021-09-29,139.9695598,141.9148053,139.5372797,140.3232422,74602000,33.75,33.9,31.93,33.52,22.07,23.79,21.45,22.56,23.6,24.82,21.26,21.79,0,,,,,AAPL_YF_GITHUB;CBOE_VXAPL;CBOE_VIX;CBOE_VIX9D
2021-09-30,141.1387115,141.8460764,138.8004767,139.0166168,89056700,32.83,35.05,32.24,34.29,21.48,24.71,20.6,23.14,21.77,25.47,20.29,23.03,0,,,,,AAPL_YF_GITHUB;CBOE_VXAPL;CBOE_VIX;CBOE_VIX9D
2021-10-01,139.4095862,140.4116889,136.6685585,140.1464233,94639600,33.18,34.59,30.33,30.39,24.78,24.89,20.64,21.15,23.03,23.55,18.97,19.42,0,,,,,AAPL_YF_GITHUB;CBOE_VXAPL;CBOE_VIX;CBOE_VIX9D
2021-10-04,139.2720105,139.7141247,135.8432719,136.697998,98322000,32.83,35.97,32.46,35.13,22.9,24.58,21.88,22.96,19.41,25.9,19.41,23.04,0,,,,,AAPL_YF_GITHUB;CBOE_VXAPL;CBOE_VIX;CBOE_VIX9D
2021-10-05,137.0418447,139.74358,136.9141215,138.6334076,80861100,34.54,34.89,31.19,32.35,22.92,23.17,20.62,21.3,22.3,22.62,19.53,20.32,0,,,,,AAPL_YF_GITHUB;CBOE_VXAPL;CBOE_VIX;CBOE_VIX9D
2021-10-06,137.0222018,139.6551586,135.9415016,139.5077972,83221100,32.06,35.41,31.12,31.68,22.95,24.4,20.99,21.0,22.28,24.35,19.24,19.54,0,,,,,AAPL_YF_GITHUB;CBOE_VXAPL;CBOE_VIX;CBOE_VIX9D
2021-10-07,140.5492026,141.6888474,140.2151734,140.7751617,61732700,31.33,31.47,29.82,30.9,20.54,20.76,19.07,19.54,18.69,18.73,17.27,18.13,0,,,,,AAPL_YF_GITHUB;CBOE_VXAPL;CBOE_VIX;CBOE_VIX9D
2021-10-08,141.5021862,141.6495476,140.0579844,140.3920135,58773200,30.65,30.95,29.8,30.05,19.46,19.94,18.2,18.77,18.11,18.11,16.18,16.74,0,,,,,AAPL_YF_GITHUB;CBOE_VXAPL;CBOE_VIX;CBOE_VIX9D
2021-10-11,139.773088,142.268503,139.3211547,140.3036041,64452200,32.2,32.21,29.57,30.81,19.93,20.45,18.11,20.0,16.73,19.96,16.24,19.75,0,,,,,AAPL_YF_GITHUB;CBOE_VXAPL;CBOE_VIX;CBOE_VIX9D
2021-10-12,140.7162272,140.7358804,138.5646605,139.026413,73035900,30.63,31.79,28.82,31.15,20.62,20.81,18.97,19.85,19.15,20.32,18.09,19.41,0,,,,,AAPL_YF_GITHUB;CBOE_VXAPL;CBOE_VIX;CBOE_VIX9D
2021-10-13,138.7611761,138.9183566,136.7569707,138.4369659,78762700,31.92,33.4,29.69,29.72,20.14,20.23,18.44,18.64,18.43,20.0,17.16,17.45,0,,,,,AAPL_YF_GITHUB;CBOE_VXAPL;CBOE_VIX;CBOE_VIX9D
2021-10-14,139.6158726,141.3548121,139.026397,141.236908,69907100,28.6,29.06,26.93,27.04,18.01,18.08,16.8,16.86,15.77,16.07,14.8,14.8,0,,,,,AAPL_YF_GITHUB;CBOE_VXAPL;CBOE_VIX;CBOE_VIX9D
2021-10-15,141.2467605,142.3569182,140.9913141,142.2979736,67940300,27.03,27.31,25.97,26.08,16.64,16.85,15.72,16.3,14.83,14.83,13.18,13.24,0,,,,,AAPL_YF_GITHUB;CBOE_VXAPL;CBOE_VIX;CBOE_VIX9D
2021-10-18,140.9323522,144.2628548,140.6474484,143.977951,85589200,27.43,28.15,25.44,25.92,17.29,17.93,16.27,16.31,13.43,16.4,13.43,13.91,0,,,,,AAPL_YF_GITHUB;CBOE_VXAPL;CBOE_VIX;CBOE_VIX9D
2021-10-19,144.4298985,146.5519931,143.9779801,146.1491852,76378900,25.87,26.43,25.51,26.06,16.09,16.31,15.57,15.7,13.88,14.11,12.99,13.34,0,,,,,AAPL_YF_GITHUB;CBOE_VXAPL;CBOE_VIX;CBOE_VIX9D
2021-10-20,146.090242,147.121817,145.5204195,146.6404114,58418800,26.22,26.58,25.55,26.2,15.82,15.89,15.29,15.49,12.88,13.62,12.65,12.69,0,,,,,AAPL_YF_GITHUB;CBOE_VXAPL;CBOE_VIX;CBOE_VIX9D
2021-10-21,146.1983127,147.0137476,145.2748078,146.8565521,61421000,26.43,26.78,25.82,25.89,16.06,16.11,14.92,15.01,13.39,13.48,11.76,11.81,0,,,,,AAPL_YF_GITHUB;CBOE_VXAPL;CBOE_VIX;CBOE_VIX9D
2021-10-22,147.0628633,147.5442539,146.0312883,146.0804138,58883400,26.27,27.48,25.96,26.79,15.35,16.39,14.84,15.43,12.49,13.97,11.6,11.98,0,,,,,AAPL_YF_GITHUB;CBOE_VXAPL;CBOE_VIX;CBOE_VIX9D
2021-10-25,146.0705566,146.7484491,145.0291628,146.0312653,50720600,27.78,28.49,26.75,27.1,16.14,16.33,15.1,15.24,11.99,14.42,11.99,13.09,0,,,,,AAPL_YF_GITHUB;CBOE_VXAPL;CBOE_VIX;CBOE_VIX9D
2021-10-26,146.7091904,148.1926838,146.3947994,146.6993713,60893400,27.11,27.33,26.43,26.78,15.02,16.71,14.9,15.98,13.11,15.48,12.77,14.33,0,,,,,AAPL_YF_GITHUB;CBOE_VXAPL;CBOE_VIX;CBOE_VIX9D
2021-10-27,146.7386384,147.1021399,145.8839122,146.2375946,56094900,26.94,28.29,26.94,28.29,15.79,17.29,15.54,16.98,14.48,15.6,13.6,15.16,0,,,,,AAPL_YF_GITHUB;CBOE_VXAPL;CBOE_VIX;CBOE_VIX9D
2021-10-28,147.1905977,150.4817947,147.0923468,149.892334,100077900,28.25,28.27,25.77,26.97,17.06,17.16,16.23,16.53,15.13,15.24,13.99,14.31,1,2021-09-30,1.24,1.24,0.0,AAPL_YF_GITHUB;CBOE_VXAPL;CBOE_VIX;CBOE_VIX9D;ALPHAQUERY_ZACKS_EARNINGS
2021-10-29,144.6362076,147.3084713,143.840426,147.170929,124953200,24.53,26.07,22.82,24.42,17.4,18.06,16.13,16.26,16.05,16.05,13.35,13.67,0,,,,,AAPL_YF_GITHUB;CBOE_VXAPL;CBOE_VIX;CBOE_VIX9D
2021-11-01,146.3751602,147.0726909,145.2060428,146.3456879,74588300,24.32,29.59,24.32,24.4,16.85,17.7,16.32,16.41,13.67,16.79,13.67,15.02,0,,,,,AAPL_YF_GITHUB;CBOE_VXAPL;CBOE_VIX;CBOE_VIX9D
2021-11-02,146.050953,148.9098848,146.0411189,147.387085,69122000,24.82,24.91,24.21,24.4,16.54,16.65,15.89,16.03,15.12,15.14,14.48,14.74,0,,,,,AAPL_YF_GITHUB;CBOE_VXAPL;CBOE_VIX;CBOE_VIX9D
2021-11-03,147.750568,149.3028398,147.1905796,148.8312683,54511500,24.59,25.11,24.09,24.16,16.11,16.39,14.9,15.1,14.74,15.43,12.94,13.1,0,,,,,AAPL_YF_GITHUB;CBOE_VXAPL;CBOE_VIX;CBOE_VIX9D
2021-11-04,148.9196913,149.7547643,147.9961864,148.3105774,60394600,24.39,24.94,23.98,24.68,15.06,16.14,14.73,15.44,12.84,14.2,12.42,13.04,0,,,,,AAPL_YF_GITHUB;CBOE_VXAPL;CBOE_VIX;CBOE_VIX9D
2021-11-05,149.4420273,149.7470287,147.6415191,148.8418579,65463900,24.64,25.25,24.09,25.13,15.59,17.02,14.95,16.48,13.04,14.75,12.26,13.15,0,,,,,AAPL_YF_GITHUB;CBOE_VXAPL;CBOE_VIX;CBOE_VIX9D
2021-11-08,148.9697487,149.1271736,147.7398948,148.0153809,55020900,25.92,25.97,25.1,25.5,17.23,17.69,16.44,17.22,14.49,16.1,14.24,14.43,0,,,,,AAPL_YF_GITHUB;CBOE_VXAPL;CBOE_VIX;CBOE_VIX9D
2021-11-09,147.7792861,148.9894585,147.641543,148.3794556,56787900,25.88,26.73,25.42,26.49,17.43,18.57,17.21,17.78,14.85,16.48,14.77,15.19,0,,,,,AAPL_YF_GITHUB;CBOE_VXAPL;CBOE_VIX;CBOE_VIX9D
2021-11-10,147.6021871,147.7104149,145.467162,145.536026,65187100,26.49,27.65,26.36,27.56,17.74,19.9,17.22,18.73,15.74,18.32,14.18,15.95,0,,,,,AAPL_YF_GITHUB;CBOE_VXAPL;CBOE_VIX;CBOE_VIX9D
2021-11-11,146.5592452,147.0216565,145.2998609,145.4868011,41000000,26.89,26.92,25.96,26.35,18.34,18.39,17.27,17.66,15.15,15.32,14.0,14.3,0,,,,,AAPL_YF_GITHUB;CBOE_VXAPL;CBOE_VIX;CBOE_VIX9D
2021-11-12,146.0377918,147.9760431,145.1031056,147.5726624,63804000,25.87,27.1,25.4,25.5,17.49,17.69,16.15,16.29,13.58,13.9,11.97,11.99,0,,,,,AAPL_YF_GITHUB;CBOE_VXAPL;CBOE_VIX;CBOE_VIX9D
2021-11-15,147.946521,149.4321943,147.0216683,147.582489,59222800,26.08,26.44,25.36,25.63,17.03,17.46,16.49,16.49,13.26,14.01,12.2,12.2,0,,,,,AAPL_YF_GITHUB;CBOE_VXAPL;CBOE_VIX;CBOE_VIX9D
2021-11-16,147.523477,149.0484993,146.933141,148.566391,59256200,25.75,28.53,24.89,25.07,16.86,17.08,16.03,16.37,13.03,13.03,11.54,11.94,0,,,,,AAPL_YF_GITHUB;CBOE_VXAPL;CBOE_VIX;CBOE_VIX9D
2021-11-17,148.5663758,152.501909,148.5565424,151.0162506,88807000,25.22,29.39,24.95,25.86,16.36,17.19,16.28,17.11,11.99,12.78,11.3,11.51,0,,,,,AAPL_YF_GITHUB;CBOE_VXAPL;CBOE_VIX;CBOE_VIX9D
2021-11-18,151.2326951,156.1127474,150.5833285,155.3256378,137827700,26.43,28.75,26.15,27.96,16.81,18.15,16.38,17.59,12.17,13.11,11.69,12.43,0,,,,,AAPL_YF_GITHUB;CBOE_VXAPL;CBOE_VIX;CBOE_VIX9D
2021-11-19,155.1091929,158.4248897,154.0072484,157.9624634,117305600,28.08,29.07,27.12,27.37,17.36,19.01,17.23,17.91,14.01,14.17,12.2,12.45,0,,,,,AAPL_YF_GITHUB;CBOE_VXAPL;CBOE_VIX;CBOE_VIX9D
2021-11-22,159.0742325,163.0294473,158.4051991,158.424881,117467900,28.07,33.31,27.46,28.71,18.2,19.59,17.35,19.17,13.78,16.67,13.22,16.06,0,,,,,AAPL_YF_GITHUB;CBOE_VXAPL;CBOE_VIX;CBOE_VIX9D
2021-11-23,158.5232897,159.1923382,156.4964923,158.8086243,96041900,28.69,30.4,28.69,30.32,20.24,20.91,19.03,19.38,16.88,19.48,15.9,16.35,0,,,,,AAPL_YF_GITHUB;CBOE_VXAPL;CBOE_VIX;CBOE_VIX9D
2021-11-24,158.1592545,159.5268518,157.0671433,159.3300781,69463600,30.48,31.66,29.42,29.66,19.17,20.96,18.52,18.58,17.99,19.09,14.69,14.82,0,,,,,AAPL_YF_GITHUB;CBOE_VXAPL;CBOE_VIX;CBOE_VIX9D
2021-11-26,156.998273,157.8640801,153.8400009,154.2827454,76959800,31.86,34.69,31.67,34.07,26.62,28.99,23.88,28.62,27.53,32.39,25.52,30.6,0,,,,,AAPL_YF_GITHUB;CBOE_VXAPL;CBOE_VIX;CBOE_VIX9D
2021-11-29,156.8014516,158.5921262,156.2307976,157.6574402,88748200,31.93,32.04,29.65,30.36,25.31,25.69,21.71,22.96,24.1,26.28,20.37,21.43,0,,,,,AAPL_YF_GITHUB;CBOE_VXAPL;CBOE_VIX;CBOE_VIX9D
2021-11-30,157.411507,162.8523808,157.3426279,162.6359253,174048100,31.25,33.28,30.6,33.12,26.23,28.56,23.71,27.19,24.97,30.73,22.29,28.38,0,,,,,AAPL_YF_GITHUB;CBOE_VXAPL;CBOE_VIX;CBOE_VIX9D
2021-12-01,164.7807405,167.5552981,161.8782883,162.1144257,152052500,31.41,37.7,30.89,37.7,24.92,32.61,22.38,31.12,23.6,35.57,20.86,33.93,0,,,,,AAPL_YF_GITHUB;CBOE_VXAPL;CBOE_VIX;CBOE_VIX9D
2021-12-02,156.1816293,161.5536233,155.2567766,161.1207123,136739200,35.93,36.57,33.9,34.87,29.44,30.68,27.15,27.95,32.04,33.28,27.23,28.04,0,,,,,AAPL_YF_GITHUB;CBOE_VXAPL;CBOE_VIX;CBOE_VIX9D
2021-12-03,161.3765477,162.3014004,157.1458463,159.2316742,118023100,34.14,40.21,33.82,36.82,26.95,35.32,25.89,30.67,25.37,39.21,24.86,31.7,0,,,,,AAPL_YF_GITHUB;CBOE_VXAPL;CBOE_VIX;CBOE_VIX9D
2021-12-06,161.6421651,165.1743172,161.6323317,162.6555786,107497000,35.25,36.96,34.22,34.42,28.99,30.82,26.75,27.18,29.53,32.29,26.48,27.29,0,,,,,AAPL_YF_GITHUB;CBOE_VXAPL;CBOE_VIX;CBOE_VIX9D
2021-12-07,166.3549664,168.8146743,165.6268875,168.4211121,120405400,33.17,33.75,32.03,33.22,24.58,24.69,21.58,21.89,22.54,22.54,20.42,20.83,0,,,,,AAPL_YF_GITHUB;CBOE_VXAPL;CBOE_VIX;CBOE_VIX9D
2021-12-08,169.3558479,173.1241229,167.9488869,172.2583008,116998900,33.28,34.66,32.6,33.39,21.74,23.11,19.85,19.9,20.97,21.58,15.8,17.5,0,,,,,AAPL_YF_GITHUB;CBOE_VXAPL;CBOE_VIX;CBOE_VIX9D
2021-12-09,172.0910235,173.9013651,171.1169736,171.7466583,108923700,33.89,35.31,33.59,35.04,20.31,22.12,19.94,21.58,18.88,21.12,17.94,20.49,0,,,,,AAPL_YF_GITHUB;CBOE_VXAPL;CBOE_VIX;CBOE_VIX9D
2021-12-10,172.3862056,176.7349681,171.8745821,176.5578613,115402700,35.16,35.16,32.8,33.71,21.27,21.3,18.69,18.69,17.71,19.27,15.7,15.7,0,,,,,AAPL_YF_GITHUB;CBOE_VXAPL;CBOE_VIX;CBOE_VIX9D
2021-12-13,178.2009199,179.1946516,172.7010165,172.9076385,153237000,32.92,36.31,32.14,34.35,19.29,21.18,18.96,20.31,17.9,20.35,17.73,18.54,0,,,,,AAPL_YF_GITHUB;CBOE_VXAPL;CBOE_VIX;CBOE_VIX9D
2021-12-14,172.4255259,174.8754004,169.4345277,171.5203552,139380400,34.33,36.5,33.32,34.96,19.67,23.0,19.67,21.89,21.32,23.08,20.07,21.02,0,,,,,AAPL_YF_GITHUB;CBOE_VXAPL;CBOE_VIX;CBOE_VIX9D
2021-12-15,172.2878198,176.6070673,169.5329433,176.4102936,131063300,35.06,39.21,32.61,33.12,21.6,23.47,19.02,19.29,21.14,24.07,16.19,16.78,0,,,,,AAPL_YF_GITHUB;CBOE_VXAPL;CBOE_VIX;CBOE_VIX9D
2021-12-16,176.3905833,178.2206067,167.9980606,169.4837189,150185800,32.17,38.87,31.81,37.33,18.56,22.13,18.19,20.57,16.37,21.59,15.93,18.76,0,,,,,AAPL_YF_GITHUB;CBOE_VXAPL;CBOE_VIX;CBOE_VIX9D
2021-12-17,167.1912696,170.6742246,166.9551472,168.3817749,195432700,36.91,40.05,34.93,34.93,20.7,23.26,20.49,21.57,21.14,23.07,18.59,19.35,0,,,,,AAPL_YF_GITHUB;CBOE_VXAPL;CBOE_VIX;CBOE_VIX9D
2021-12-20,165.567881,167.8308156,164.7611045,167.0141907,107499100,37.62,39.31,35.38,35.73,25.89,27.39,22.85,22.87,25.68,25.92,22.09,22.21,0,,,,,AAPL_YF_GITHUB;CBOE_VXAPL;CBOE_VIX;CBOE_VIX9D
2021-12-21,168.7950348,170.408603,166.3943569,170.2019958,91185900,34.4,35.72,31.69,32.37,22.28,22.68,20.9,21.01,21.02,21.98,18.74,18.83,0,,,,,AAPL_YF_GITHUB;CBOE_VXAPL;CBOE_VIX;CBOE_VIX9D
2021-12-22,170.2511625,173.0257207,169.375507,172.8092651,92135300,32.52,32.9,31.12,31.21,21.04,21.36,18.59,18.63,17.95,18.16,14.52,14.76,0,,,,,AAPL_YF_GITHUB;CBOE_VXAPL;CBOE_VIX;CBOE_VIX9D
2021-12-23,173.0159022,173.9997856,172.445248,173.4389648,68356600,31.34,31.67,29.78,29.99,18.81,18.93,17.62,17.96,15.22,15.22,13.12,13.71,0,,,,,AAPL_YF_GITHUB;CBOE_VXAPL;CBOE_VIX;CBOE_VIX9D
2021-12-27,174.2359182,177.512252,174.2162514,177.4237061,74919600,31.73,32.56,30.51,31.38,19.37,19.41,17.55,17.68,16.14,16.43,14.2,14.48,0,,,,,AAPL_YF_GITHUB;CBOE_VXAPL;CBOE_VIX;CBOE_VIX9D
2021-12-28,177.2564404,178.4075822,175.6527057,176.4004517,79144300,31.89,32.21,30.87,31.65,17.78,18.47,17.51,17.54,15.01,15.88,14.39,14.4,0,,,,,AAPL_YF_GITHUB;CBOE_VXAPL;CBOE_VIX;CBOE_VIX9D
2021-12-29,176.4397555,177.7188065,175.2689322,176.4889526,62348900,31.84,32.08,30.62,30.87,17.63,18.0,16.71,16.95,14.36,14.6,12.56,12.85,0,,,,,AAPL_YF_GITHUB;CBOE_VXAPL;CBOE_VIX;CBOE_VIX9D
2021-12-30,176.5775236,177.6598011,175.2197599,175.3279877,59773000,31.1,31.38,29.48,30.53,17.3,17.79,16.62,17.33,13.69,14.41,12.98,13.86,0,,,,,AAPL_YF_GITHUB;CBOE_VXAPL;CBOE_VIX;CBOE_VIX9D
2021-12-31,175.2197536,176.3413798,174.4031287,174.7081451,64062300,30.39,31.02,28.61,30.34,17.63,18.27,16.99,17.22,14.24,14.62,13.15,13.26,0,,,,,AAPL_YF_GITHUB;CBOE_VXAPL;CBOE_VIX;CBOE_VIX9D
2022-01-03,174.9639591,179.9325725,174.8458979,179.0765839,104487900,30.71,31.38,29.96,30.75,17.6,18.54,16.56,16.6,15.93,16.64,13.46,13.52,0,,,,,AAPL_YF_GITHUB;CBOE_VXAPL;CBOE_VIX;CBOE_VIX9D
2022-01-04,179.686619,179.9916204,176.2331789,176.803833,99310400,31.04,31.8,30.75,31.35,16.57,17.81,16.34,16.91,13.9,15.26,13.47,13.88,0,,,,,AAPL_YF_GITHUB;CBOE_VXAPL;CBOE_VIX;CBOE_VIX9D
2022-01-05,176.7152756,177.2662478,171.8253745,172.1008606,94537600,31.59,34.01,30.98,34.01,17.07,20.17,16.58,19.73,14.27,18.73,13.37,18.07,0,,,,,AAPL_YF_GITHUB;CBOE_VXAPL;CBOE_VIX;CBOE_VIX9D
2022-01-06,169.9166205,172.4747227,168.8737067,169.2279053,96904000,34.3,35.53,32.63,33.63,20.29,21.06,19.08,19.61,19.16,20.58,16.17,17.06,0,,,,,AAPL_YF_GITHUB;CBOE_VXAPL;CBOE_VIX;CBOE_VIX9D
2022-01-07,170.1035539,171.3334078,168.2735307,169.3951569,86709100,33.46,33.89,32.57,33.03,19.85,20.8,18.57,18.76,17.52,19.3,15.3,15.4,0,,,,,AAPL_YF_GITHUB;CBOE_VXAPL;CBOE_VIX;CBOE_VIX9D
2022-01-10,166.3549785,169.7198574,165.4596412,169.414856,106765600,35.01,36.74,33.59,33.59,19.58,23.33,19.29,19.4,19.93,23.69,17.61,17.91,0,,,,,AAPL_YF_GITHUB;CBOE_VXAPL;CBOE_VIX;CBOE_VIX9D
2022-01-11,169.5427881,172.3566801,168.0669631,172.2583008,76138300,34.56,35.13,31.54,31.54,19.62,21.0,18.2,18.41,18.85,20.57,16.32,16.59,0,,,,,AAPL_YF_GITHUB;CBOE_VXAPL;CBOE_VIX;CBOE_VIX9D
2022-01-12,173.2815374,174.3244514,172.002501,172.7010498,74805200,31.49,31.99,30.59,30.91,18.17,18.69,17.36,17.62,15.58,16.79,14.59,14.68,0,,,,,AAPL_YF_GITHUB;CBOE_VXAPL;CBOE_VIX;CBOE_VIX9D
2022-01-13,172.9469932,173.7734515,169.0212937,169.414856,84505800,31.01,34.04,30.89,33.89,18.06,20.61,17.45,20.31,15.32,19.51,14.95,18.79,0,,,,,AAPL_YF_GITHUB;CBOE_VXAPL;CBOE_VIX;CBOE_VIX9D
2022-01-14,168.5785868,170.9792648,168.3326159,170.2807159,80440800,34.3,35.11,31.53,32.37,20.11,22.07,19.05,19.19,20.65,20.91,16.85,17.31,0,,,,,AAPL_YF_GITHUB;CBOE_VXAPL;CBOE_VIX;CBOE_VIX9D
2022-01-18,168.7458016,169.7592001,166.6796559,167.0633698,90956700,35.15,37.43,35.15,37.32,21.18,23.2,21.18,22.79,23.02,24.84,22.87,24.17,0,,,,,AAPL_YF_GITHUB;CBOE_VXAPL;CBOE_VIX;CBOE_VIX9D
2022-01-19,167.2601785,168.3227743,163.2656143,163.5509338,94815000,36.35,37.61,35.51,37.21,23.12,23.99,21.85,23.85,23.6,24.72,22.36,23.96,0,,,,,AAPL_YF_GITHUB;CBOE_VXAPL;CBOE_VIX;CBOE_VIX9D
2022-01-20,164.2888201,166.9453019,161.533944,161.8586273,91420500,36.6,38.86,34.19,38.29,23.46,25.89,21.68,25.59,23.1,26.73,20.85,26.73,0,,,,,AAPL_YF_GITHUB;CBOE_VXAPL;CBOE_VIX;CBOE_VIX9D
2022-01-21,161.7700804,163.649301,159.6842527,159.7924805,122848900,38.16,41.81,37.89,40.59,25.38,29.79,25.31,28.85,28.34,32.86,27.07,30.86,0,,,,,AAPL_YF_GITHUB;CBOE_VXAPL;CBOE_VIX;CBOE_VIX9D
2022-01-24,157.441039,159.6842921,152.2067716,159.0152435,162294600,44.77,51.91,42.3,42.39,28.2,38.94,28.02,29.9,39.46,49.7,35.19,35.82,0,,,,,AAPL_YF_GITHUB;CBOE_VXAPL;CBOE_VIX;CBOE_VIX9D
2022-01-25,156.4177549,160.1368324,154.4893521,157.2048645,115798400,46.09,48.16,42.85,45.32,32.29,35.85,29.13,31.16,40.21,44.66,35.0,37.18,0,,,,,AAPL_YF_GITHUB;CBOE_VXAPL;CBOE_VIX;CBOE_VIX9D
2022-01-26,160.8649261,161.7405817,155.276476,157.116333,108275300,42.56,47.41,41.14,44.97,29.35,33.04,26.9,31.96,33.94,39.73,31.98,37.4,0,,,,,AAPL_YF_GITHUB;CBOE_VXAPL;CBOE_VIX;CBOE_VIX9D
2022-01-27,159.831839,161.1994362,155.7290474,156.6539001,121954600,42.61,46.6,40.29,45.91,32.19,33.0,28.42,30.49,32.72,37.68,32.39,33.03,1,2021-12-31,1.89,2.1,0.11111111,AAPL_YF_GITHUB;CBOE_VXAPL;CBOE_VIX;CBOE_VIX9D;ALPHAQUERY_ZACKS_EARNINGS
2022-01-28,163.0393178,167.604536,160.1762136,167.5848541,179935700,37.74,41.02,34.98,35.63,30.27,32.82,27.28,27.66,32.37,34.73,27.35,28.13,0,,,,,AAPL_YF_GITHUB;CBOE_VXAPL;CBOE_VIX;CBOE_VIX9D
2022-01-31,167.4175835,172.179575,166.7780504,171.9631195,115541600,36.52,37.07,31.07,31.41,28.36,29.41,24.71,24.83,30.31,30.81,24.89,25.33,0,,,,,AAPL_YF_GITHUB;CBOE_VXAPL;CBOE_VIX;CBOE_VIX9D
2022-02-01,171.2055471,172.0221722,169.5329483,171.7958832,86213900,32.33,32.51,30.3,30.46,24.57,25.33,21.96,21.96,24.49,26.0,21.1,21.1,0,,,,,AAPL_YF_GITHUB;CBOE_VXAPL;CBOE_VIX;CBOE_VIX9D
2022-02-02,171.9335981,173.045391,170.5364857,173.0060272,84914300,30.87,30.95,29.32,29.46,21.56,22.73,20.46,22.09,21.33,22.74,19.19,21.6,0,,,,,AAPL_YF_GITHUB;CBOE_VXAPL;CBOE_VIX;CBOE_VIX9D
2022-02-03,171.6679406,173.3995847,169.3459756,170.1134033,89418100,32.03,34.35,31.26,34.18,22.63,25.81,22.3,24.35,24.25,26.59,21.46,24.11,0,,,,,AAPL_YF_GITHUB;CBOE_VXAPL;CBOE_VIX;CBOE_VIX9D
2022-02-04,169.1282897,171.5123342,168.1431529,169.8277435,82465400,34.57,34.93,31.01,31.94,23.77,26.26,22.07,23.22,25.53,26.32,20.55,21.86,0,,,,,AAPL_YF_GITHUB;CBOE_VXAPL;CBOE_VIX;CBOE_VIX9D
2022-02-07,170.290758,171.3645536,168.409143,169.1085968,77251200,32.72,32.72,31.0,32.1,24.09,24.82,22.02,22.86,23.52,23.83,20.72,21.61,0,,,,,AAPL_YF_GITHUB;CBOE_VXAPL;CBOE_VIX;CBOE_VIX9D
2022-02-08,169.1775456,172.7437512,168.8820015,172.2314758,74829200,31.89,32.23,29.62,29.77,23.09,23.48,21.32,21.44,21.76,22.72,19.92,20.07,0,,,,,AAPL_YF_GITHUB;CBOE_VXAPL;CBOE_VIX;CBOE_VIX9D
2022-02-09,173.4333653,174.0244385,172.3004488,173.6599426,71285000,29.05,29.11,27.83,28.0,21.27,21.3,19.93,19.96,19.11,19.54,18.52,18.67,0,,,,,AAPL_YF_GITHUB;CBOE_VXAPL;CBOE_VIX;CBOE_VIX9D
2022-02-10,171.5517176,172.8717972,169.0002169,169.5617371,90865900,30.06,31.43,27.97,30.86,20.37,24.77,20.18,23.91,21.13,24.92,19.02,23.71,0,,,,,AAPL_YF_GITHUB;CBOE_VXAPL;CBOE_VIX;CBOE_VIX9D
2022-02-11,169.7686414,170.5074941,165.5423957,166.1334839,98670700,30.64,35.45,29.65,34.77,24.39,30.99,23.33,27.36,23.61,34.66,22.61,26.84,0,,,,,AAPL_YF_GITHUB;CBOE_VXAPL;CBOE_VIX;CBOE_VIX9D
2022-02-14,164.8823374,167.0594963,164.084379,166.3699036,86185500,36.48,36.96,33.08,34.63,29.17,32.04,28.33,28.33,30.28,33.98,27.62,27.62,0,,,,,AAPL_YF_GITHUB;CBOE_VXAPL;CBOE_VIX;CBOE_VIX9D
2022-02-15,168.4288453,170.379412,167.7195456,170.2217865,62527400,32.75,33.05,30.38,30.67,28.09,28.09,25.33,25.7,26.15,26.29,23.94,24.49,0,,,,,AAPL_YF_GITHUB;CBOE_VXAPL;CBOE_VIX;CBOE_VIX9D
2022-02-16,169.295774,170.7636183,167.5225247,169.9853668,61177400,31.67,32.34,29.5,29.9,25.19,27.09,23.88,24.29,25.09,26.39,20.83,21.32,0,,,,,AAPL_YF_GITHUB;CBOE_VXAPL;CBOE_VIX;CBOE_VIX9D
2022-02-17,168.4879416,169.3548668,165.9659939,166.3699036,69589300,31.68,34.52,31.27,34.12,24.83,28.37,24.76,28.11,24.63,28.49,24.59,27.69,0,,,,,AAPL_YF_GITHUB;CBOE_VXAPL;CBOE_VIX;CBOE_VIX9D
2022-02-18,167.2959184,168.005203,163.7198674,164.8133698,82772700,33.31,36.02,32.76,33.75,26.66,29.71,26.38,27.75,27.25,29.39,25.44,26.03,0,,,,,AAPL_YF_GITHUB;CBOE_VXAPL;CBOE_VIX;CBOE_VIX9D
2022-02-22,162.5278644,164.2124549,159.7399255,161.8776855,91162800,35.87,36.9,32.92,34.74,31.8,32.04,28.4,28.81,30.4,32.83,28.54,28.62,0,,,,,AAPL_YF_GITHUB;CBOE_VXAPL;CBOE_VIX;CBOE_VIX9D
2022-02-23,163.0795415,163.6804755,157.3756059,157.6908569,90009200,33.27,37.87,32.64,37.52,28.04,31.07,27.2,31.02,27.86,30.95,27.49,30.71,0,,,,,AAPL_YF_GITHUB;CBOE_VXAPL;CBOE_VIX;CBOE_VIX9D
2022-02-24,150.3121593,160.4295174,149.7407782,160.3211517,141147500,44.12,44.32,35.59,35.64,37.5,37.79,29.45,30.32,39.91,39.91,28.69,30.04,0,,,,,AAPL_YF_GITHUB;CBOE_VXAPL;CBOE_VIX;CBOE_VIX9D
2022-02-25,161.404813,162.6657869,158.4789554,162.3998108,91974200,35.39,36.1,29.71,32.86,31.68,32.0,26.93,27.59,29.07,29.73,25.3,26.15,0,,,,,AAPL_YF_GITHUB;CBOE_VXAPL;CBOE_VIX;CBOE_VIX9D
2022-02-28,160.6364073,162.9613308,160.0157663,162.6657867,95056600,35.94,36.79,33.66,34.19,32.44,33.51,28.43,30.15,34.08,35.15,29.01,31.5,0,,,,,AAPL_YF_GITHUB;CBOE_VXAPL;CBOE_VIX;CBOE_VIX9D
2022-03-01,162.2520123,164.1237811,159.5625933,160.7743073,83474400,35.29,39.14,34.51,38.08,29.45,35.19,29.44,33.32,32.44,37.98,32.4,34.8,0,,,,,AAPL_YF_GITHUB;CBOE_VXAPL;CBOE_VIX;CBOE_VIX9D
2022-03-02,161.9466511,164.8725089,160.5280516,164.0843964,79724800,37.19,38.14,33.89,34.44,34.2,34.41,30.12,30.74,34.28,34.86,29.68,30.79,0,,,,,AAPL_YF_GITHUB;CBOE_VXAPL;CBOE_VIX;CBOE_VIX9D
2022-03-03,165.9660045,166.3994671,163.0894068,163.7592926,76678400,33.04,35.89,32.94,34.73,30.52,32.01,29.31,30.48,29.04,32.85,29.04,30.02,0,,,,,AAPL_YF_GITHUB;CBOE_VXAPL;CBOE_VIX;CBOE_VIX9D
2022-03-04,162.045154,163.0893966,159.6906777,160.7447662,83737200,36.78,44.32,36.55,38.74,31.9,34.65,31.47,31.98,34.41,36.28,30.03,31.11,0,,,,,AAPL_YF_GITHUB;CBOE_VXAPL;CBOE_VIX;CBOE_VIX9D
2022-03-07,160.9319498,162.5672805,156.6761516,156.9322968,96418800,39.24,43.01,39.02,42.83,35.88,36.55,32.59,36.45,34.33,38.63,34.28,38.57,0,,,,,AAPL_YF_GITHUB;CBOE_VXAPL;CBOE_VIX;CBOE_VIX9D
2022-03-08,156.4594079,160.4590603,153.4842911,155.0999146,131148300,42.57,44.53,38.23,41.93,36.19,37.52,32.78,35.13,37.32,39.6,33.82,36.66,0,,,,,AAPL_YF_GITHUB;CBOE_VXAPL;CBOE_VIX;CBOE_VIX9D
2022-03-09,159.079863,160.9811846,157.040638,160.5280151,91454900,49.54,49.54,34.84,36.77,33.74,34.12,31.39,32.45,34.05,35.26,32.0,33.44,0,,,,,AAPL_YF_GITHUB;CBOE_VXAPL;CBOE_VIX;CBOE_VIX9D
2022-03-10,157.8189019,158.0060803,153.6616237,156.1638794,105342000,40.37,40.8,38.04,38.16,33.03,34.03,30.23,30.23,33.77,33.84,29.94,30.01,0,,,,,AAPL_YF_GITHUB;CBOE_VXAPL;CBOE_VIX;CBOE_VIX9D
2022-03-11,156.5677777,156.9125816,152.2036291,152.4302063,96970100,37.76,40.63,37.28,40.61,30.43,31.04,28.84,30.75,29.27,31.0,28.42,30.63,0,,,,,AAPL_YF_GITHUB;CBOE_VXAPL;CBOE_VIX;CBOE_VIX9D
2022-03-14,149.1989826,151.8292963,147.8690568,148.3813171,108732100,43.4,44.52,40.22,43.66,31.03,33.18,30.06,31.77,33.13,36.08,31.88,34.23,0,,,,,AAPL_YF_GITHUB;CBOE_VXAPL;CBOE_VIX;CBOE_VIX9D
2022-03-15,148.6571406,153.2577428,148.1448803,152.7848663,92964300,42.96,43.31,38.55,38.99,33.13,33.83,29.57,29.83,33.97,34.52,30.59,30.71,0,,,,,AAPL_YF_GITHUB;CBOE_VXAPL;CBOE_VIX;CBOE_VIX9D
2022-03-16,154.715731,157.6218815,152.1642304,157.2179718,102300200,38.0,38.75,33.96,33.96,29.02,29.8,26.29,26.67,29.43,30.84,25.92,26.51,0,,,,,AAPL_YF_GITHUB;CBOE_VXAPL;CBOE_VIX;CBOE_VIX9D
2022-03-17,156.2525465,158.6070228,155.2871166,158.232666,75615400,36.38,36.38,32.79,32.79,26.51,27.47,25.25,25.67,26.85,26.94,24.43,24.94,0,,,,,AAPL_YF_GITHUB;CBOE_VXAPL;CBOE_VIX;CBOE_VIX9D
2022-03-18,158.1243137,162.0353083,157.3854611,161.5427399,123511700,33.63,33.67,27.99,30.56,26.36,26.82,23.85,23.87,25.99,26.07,22.04,22.19,0,,,,,AAPL_YF_GITHUB;CBOE_VXAPL;CBOE_VIX;CBOE_VIX9D
2022-03-21,161.079735,163.8775353,160.5871665,162.9219513,95811400,29.22,32.96,29.22,32.04,25.14,25.36,22.99,23.53,24.4,25.46,22.68,22.73,0,,,,,AAPL_YF_GITHUB;CBOE_VXAPL;CBOE_VIX;CBOE_VIX9D
2022-03-22,163.0499758,166.901864,162.4589028,166.310791,81532000,32.27,32.27,29.81,30.07,24.02,24.02,22.7,22.94,22.25,23.23,22.14,22.57,0,,,,,AAPL_YF_GITHUB;CBOE_VXAPL;CBOE_VIX;CBOE_VIX9D
2022-03-23,165.4931403,170.0740205,165.1581824,167.6801453,98062700,31.78,32.48,31.11,32.09,23.04,24.03,22.64,23.57,23.94,24.11,22.18,23.21,0,,,,,AAPL_YF_GITHUB;CBOE_VXAPL;CBOE_VIX;CBOE_VIX9D
2022-03-24,168.5175014,171.5517246,167.6801441,171.4827728,90131400,31.97,33.3,30.6,30.74,23.61,23.79,21.49,21.67,23.33,23.94,20.33,20.42,0,,,,,AAPL_YF_GITHUB;CBOE_VXAPL;CBOE_VIX;CBOE_VIX9D
2022-03-25,171.2955966,172.6747821,170.1823872,172.1231079,80546200,31.2,31.52,29.82,29.91,21.87,22.86,20.8,20.81,20.94,22.32,18.45,18.45,0,,,,,AAPL_YF_GITHUB;CBOE_VXAPL;CBOE_VIX;CBOE_VIX9D
2022-03-28,169.6109789,173.118063,169.4435075,172.9900055,90371900,27.96,32.86,27.96,30.78,22.14,23.33,19.54,19.63,21.27,21.65,17.66,17.82,0,,,,,AAPL_YF_GITHUB;CBOE_VXAPL;CBOE_VIX;CBOE_VIX9D
2022-03-29,174.0638298,176.3493394,173.7190259,176.3000946,100589400,30.29,31.01,29.45,29.59,19.7,19.73,18.67,18.9,17.23,18.86,17.2,17.54,0,,,,,AAPL_YF_GITHUB;CBOE_VXAPL;CBOE_VIX;CBOE_VIX9D
2022-03-30,175.8961826,176.9404252,174.0736735,175.1277771,92633200,30.08,31.78,29.93,30.83,19.38,20.51,18.72,19.33,17.94,19.2,17.26,17.43,0,,,,,AAPL_YF_GITHUB;CBOE_VXAPL;CBOE_VIX;CBOE_VIX9D
2022-03-31,175.1967277,175.3839061,171.8078546,172.01474,103049300,31.07,35.5,30.59,31.63,19.68,21.48,19.54,20.56,18.32,19.72,17.51,18.4,0,,,,,AAPL_YF_GITHUB;CBOE_VXAPL;CBOE_VIX;CBOE_VIX9D
2022-04-01,171.4433706,172.280743,169.3844382,171.7192078,78751300,31.17,31.56,29.9,29.98,20.62,20.86,19.41,19.63,17.89,18.02,15.58,16.0,0,,,,,AAPL_YF_GITHUB;CBOE_VXAPL;CBOE_VIX;CBOE_VIX9D
2022-04-04,171.9753218,175.8370559,171.8472492,175.787796,76468400,28.04,31.16,28.04,29.79,20.75,20.78,18.45,18.57,18.01,18.11,15.36,15.76,0,,,,,AAPL_YF_GITHUB;CBOE_VXAPL;CBOE_VIX;CBOE_VIX9D
2022-04-05,174.8617744,175.6498868,171.8275514,172.4580383,73401800,30.53,32.08,30.11,31.64,18.79,21.57,18.55,21.03,16.76,19.59,16.28,18.62,0,,,,,AAPL_YF_GITHUB;CBOE_VXAPL;CBOE_VIX;CBOE_VIX9D
2022-04-06,169.7981833,171.0493113,167.6013324,169.276062,89058800,32.55,35.45,30.13,33.58,21.27,24.78,21.24,22.1,20.73,23.65,19.28,19.64,0,,,,,AAPL_YF_GITHUB;CBOE_VXAPL;CBOE_VIX;CBOE_VIX9D
2022-04-07,168.6160215,170.7833195,167.3254947,169.5814514,77594700,34.28,34.83,32.82,33.3,21.97,23.82,21.12,21.55,20.2,22.41,18.61,19.05,0,,,,,AAPL_YF_GITHUB;CBOE_VXAPL;CBOE_VIX;CBOE_VIX9D
2022-04-08,169.2268038,169.2268038,166.685149,167.5619202,76575500,33.88,34.84,32.73,33.11,21.25,22.34,20.28,21.16,19.32,19.86,17.14,17.3,0,,,,,AAPL_YF_GITHUB;CBOE_VXAPL;CBOE_VIX;CBOE_VIX9D
2022-04-11,166.2024187,166.5176546,163.0401233,163.2864075,72246700,33.76,36.8,33.76,36.67,23.09,24.42,22.09,24.37,20.71,22.85,20.58,22.85,0,,,,,AAPL_YF_GITHUB;CBOE_VXAPL;CBOE_VIX;CBOE_VIX9D
2022-04-12,165.5226949,167.345189,164.1632013,165.168045,79265200,35.35,35.93,33.25,35.14,24.94,25.38,22.27,24.26,21.41,23.97,19.89,22.49,0,,,,,AAPL_YF_GITHUB;CBOE_VXAPL;CBOE_VIX;CBOE_VIX9D
2022-04-13,164.9020681,168.4978119,164.291288,167.8673248,70618900,35.64,36.06,32.22,32.59,23.52,24.45,21.37,21.82,22.6,22.63,18.53,19.15,0,,,,,AAPL_YF_GITHUB;CBOE_VXAPL;CBOE_VIX;CBOE_VIX9D
2022-04-14,168.0840486,168.7243965,162.586983,162.8332672,75329400,32.86,35.24,32.46,35.23,21.72,22.7,20.85,22.7,18.67,19.39,18.04,19.34,0,,,,,AAPL_YF_GITHUB;CBOE_VXAPL;CBOE_VIX;CBOE_VIX9D
2022-04-18,161.4836151,164.1237894,161.1388262,162.6165314,69023900,37.1,37.1,34.17,34.63,24.52,24.6,21.98,22.17,23.1,23.19,19.74,20.88,0,,,,,AAPL_YF_GITHUB;CBOE_VXAPL;CBOE_VIX;CBOE_VIX9D
2022-04-19,162.5672954,165.3256817,161.4737929,164.911911,67723800,34.94,35.05,28.65,28.65,22.55,22.92,20.36,21.37,21.72,21.88,19.37,20.7,0,,,,,AAPL_YF_GITHUB;CBOE_VXAPL;CBOE_VIX;CBOE_VIX9D
2022-04-20,166.2516887,166.3699154,163.6312361,164.7444305,67929800,31.9,35.07,31.9,34.78,21.13,21.32,19.75,20.32,19.52,20.72,18.52,19.3,0,,,,,AAPL_YF_GITHUB;CBOE_VXAPL;CBOE_VIX;CBOE_VIX9D
2022-04-21,166.3994838,168.9805378,163.444073,163.9464874,87227800,34.04,37.29,32.52,36.71,20.24,23.28,19.81,22.68,18.96,23.28,18.58,22.21,0,,,,,AAPL_YF_GITHUB;CBOE_VXAPL;CBOE_VIX;CBOE_VIX9D
2022-04-22,163.985871,165.3749024,159.0995861,159.3852692,84882400,37.06,42.27,36.74,42.24,22.71,28.27,22.62,28.21,23.25,29.83,22.74,29.07,0,,,,,AAPL_YF_GITHUB;CBOE_VXAPL;CBOE_VIX;CBOE_VIX9D
2022-04-25,158.7252558,160.7447895,156.1048031,160.4591064,96046400,43.96,45.46,41.89,42.03,30.04,31.6,26.8,27.02,32.92,36.47,28.7,28.95,0,,,,,AAPL_YF_GITHUB;CBOE_VXAPL;CBOE_VIX;CBOE_VIX9D
2022-04-26,159.8384444,159.9271031,154.3906392,154.4694519,95623200,43.13,47.45,43.13,47.45,27.38,33.81,27.06,33.52,30.63,38.16,30.05,37.74,0,,,,,AAPL_YF_GITHUB;CBOE_VXAPL;CBOE_VIX;CBOE_VIX9D
2022-04-27,153.5926803,157.4150008,153.070559,154.2428741,88063200,46.98,49.66,43.02,46.13,31.11,32.77,29.82,31.6,35.43,37.18,33.19,34.82,0,,,,,AAPL_YF_GITHUB;CBOE_VXAPL;CBOE_VIX;CBOE_VIX9D
2022-04-28,156.883044,162.0747194,156.567793,161.2077942,130216800,43.83,44.12,39.19,41.94,29.91,32.0,28.0,29.99,32.6,36.24,30.04,32.25,1,2022-03-31,1.43,1.52,0.06293706,AAPL_YF_GITHUB;CBOE_VXAPL;CBOE_VIX;CBOE_VIX9D;ALPHAQUERY_ZACKS_EARNINGS
2022-04-29,159.434534,163.729731,154.9127598,155.3068085,131747600,37.38,43.32,35.74,41.05,28.97,34.34,28.54,33.4,31.62,37.72,30.46,36.11,0,,,,,AAPL_YF_GITHUB;CBOE_VXAPL;CBOE_VIX;CBOE_VIX9D
2022-05-02,154.3807922,155.8781892,150.9919192,155.6122131,123055300,31.89,43.04,31.89,38.82,33.35,36.64,31.74,32.34,39.05,41.67,34.91,35.4,0,,,,,AAPL_YF_GITHUB;CBOE_VXAPL;CBOE_VIX;CBOE_VIX9D
2022-05-03,155.7993853,158.3213483,153.9965981,157.1096191,88966500,39.27,40.15,36.82,37.36,31.76,32.82,29.06,29.25,35.14,35.48,31.27,31.61,0,,,,,AAPL_YF_GITHUB;CBOE_VXAPL;CBOE_VIX;CBOE_VIX9D
2022-05-04,157.2967893,164.0055684,156.8928796,163.5524139,108256500,37.34,37.95,32.77,33.22,29.12,29.42,24.94,25.42,32.09,33.23,25.65,26.16,0,,,,,AAPL_YF_GITHUB;CBOE_VXAPL;CBOE_VIX;CBOE_VIX9D
2022-05-05,161.4146658,161.641243,152.6469395,154.4398956,130525300,34.69,41.96,33.2,40.38,25.97,33.2,25.78,31.2,27.51,36.35,27.19,33.25,0,,,,,AAPL_YF_GITHUB;CBOE_VXAPL;CBOE_VIX;CBOE_VIX9D
2022-05-06,153.9169863,157.3009777,152.1115355,155.1699524,116124600,41.74,43.78,38.17,39.02,32.23,35.34,29.83,30.19,35.53,38.93,29.55,29.79,0,,,,,AAPL_YF_GITHUB;CBOE_VXAPL;CBOE_VIX;CBOE_VIX9D
2022-05-09,152.8514808,153.7394156,149.4576439,150.019989,131577900,41.56,44.58,41.56,43.41,31.9,35.48,31.9,34.75,35.16,37.89,34.49,36.65,0,,,,,AAPL_YF_GITHUB;CBOE_VXAPL;CBOE_VIX;CBOE_VIX9D
2022-05-10,153.4335782,154.6372121,150.8783137,152.4371185,115366700,40.54,43.12,39.97,41.43,33.66,34.84,32.24,32.99,34.0,36.77,33.91,34.7,0,,,,,AAPL_YF_GITHUB;CBOE_VXAPL;CBOE_VIX;CBOE_VIX9D
2022-05-11,151.4406814,153.3645176,143.8538461,144.5345917,142689800,42.55,45.64,40.17,44.98,32.87,34.39,30.69,32.56,35.32,35.57,32.19,33.92,0,,,,,AAPL_YF_GITHUB;CBOE_VXAPL;CBOE_VIX;CBOE_VIX9D
2022-05-12,140.8546503,144.2386273,136.9379092,140.6474609,182602000,47.82,51.31,45.66,47.08,33.74,34.76,31.7,31.77,36.73,38.78,33.22,33.32,0,,,,,AAPL_YF_GITHUB;CBOE_VXAPL;CBOE_VIX;CBOE_VIX9D
2022-05-13,142.650187,146.1131067,141.1900468,145.1363831,113990900,52.2,52.2,40.92,41.27,31.09,31.2,28.78,28.87,31.59,31.9,29.07,29.38,0,,,,,AAPL_YF_GITHUB;CBOE_VXAPL;CBOE_VIX;CBOE_VIX9D
2022-05-16,143.5973541,145.5409265,142.2457233,143.5874786,86643800,40.53,43.97,39.7,41.32,30.01,30.23,27.36,27.47,31.79,32.3,28.37,28.52,0,,,,,AAPL_YF_GITHUB;CBOE_VXAPL;CBOE_VIX;CBOE_VIX9D
2022-05-17,146.8629471,147.7607425,144.7121854,147.237854,78336300,38.53,39.64,36.71,37.14,27.07,27.17,25.51,26.1,27.92,28.63,26.29,26.92,0,,,,,AAPL_YF_GITHUB;CBOE_VXAPL;CBOE_VIX;CBOE_VIX9D
2022-05-18,144.8799032,145.3830558,138.0231306,138.9308014,109742900,38.83,44.05,38.55,43.4,26.74,31.49,26.21,30.96,28.87,33.11,28.7,32.3,0,,,,,AAPL_YF_GITHUB;CBOE_VXAPL;CBOE_VIX;CBOE_VIX9D
2022-05-19,138.0034117,139.7595305,134.7674165,135.5073547,136095600,44.17,45.28,41.16,42.17,31.24,33.11,29.06,29.35,33.64,35.48,30.2,30.69,0,,,,,AAPL_YF_GITHUB;CBOE_VXAPL;CBOE_VIX;CBOE_VIX9D
2022-05-20,137.2239709,138.8123718,130.8309105,135.7440948,137426100,40.86,47.45,39.77,42.57,28.78,32.91,28.06,29.43,30.2,35.85,29.17,29.19,0,,,,,AAPL_YF_GITHUB;CBOE_VXAPL;CBOE_VIX;CBOE_VIX9D
2022-05-23,135.9414284,141.3380451,135.8033072,141.1900635,117726300,42.53,44.05,40.85,40.85,28.98,30.39,28.29,28.48,30.85,32.2,28.74,28.98,0,,,,,AAPL_YF_GITHUB;CBOE_VXAPL;CBOE_VIX;CBOE_VIX9D
2022-05-24,138.9209191,140.0653604,135.4876103,138.4769592,104132700,42.01,45.18,41.86,42.92,29.43,31.07,29.04,29.45,30.25,32.56,29.29,29.48,0,,,,,AAPL_YF_GITHUB;CBOE_VXAPL;CBOE_VIX;CBOE_VIX9D
2022-05-25,136.5728541,139.8877779,136.4840651,138.6348267,92482700,43.74,43.76,40.37,41.41,29.33,30.23,28.16,28.37,30.58,30.7,27.17,27.37,0,,,,,AAPL_YF_GITHUB;CBOE_VXAPL;CBOE_VIX;CBOE_VIX9D
2022-05-26,135.5468018,142.403559,135.3001558,141.8510742,90601500,43.37,43.37,38.5,39.46,28.42,28.46,27.11,27.5,27.59,27.7,25.23,25.67,0,,,,,AAPL_YF_GITHUB;CBOE_VXAPL;CBOE_VIX;CBOE_VIX9D
2022-05-27,143.4394638,147.671903,143.3112031,147.6324463,90978500,38.58,38.58,36.76,36.79,27.5,27.54,25.57,25.72,24.75,24.79,22.59,23.13,0,,,,,AAPL_YF_GITHUB;CBOE_VXAPL;CBOE_VIX;CBOE_VIX9D
2022-05-31,147.0701106,148.6387759,144.8700171,146.8431854,103718400,36.68,40.16,36.68,38.34,27.47,28.35,25.94,26.19,28.43,29.47,24.43,25.91,0,,,,,AAPL_YF_GITHUB;CBOE_VXAPL;CBOE_VIX;CBOE_VIX9D
2022-06-01,147.8889732,149.7042996,145.6987549,146.7149506,74286600,37.83,39.08,36.88,37.45,26.05,27.73,25.38,25.69,25.39,28.1,24.81,25.12,0,,,,,AAPL_YF_GITHUB;CBOE_VXAPL;CBOE_VIX;CBOE_VIX9D
2022-06-02,145.8467671,149.2406197,144.889779,149.181427,72348100,38.21,38.93,34.93,35.05,25.73,26.5,24.33,24.72,26.34,26.83,23.27,23.57,0,,,,,AAPL_YF_GITHUB;CBOE_VXAPL;CBOE_VIX;CBOE_VIX9D
2022-06-03,144.9292083,145.9848606,142.5219556,143.4296112,88570300,37.49,38.98,36.33,37.64,24.91,25.96,24.76,24.79,25.49,26.14,23.05,23.05,0,,,,,AAPL_YF_GITHUB;CBOE_VXAPL;CBOE_VIX;CBOE_VIX9D
2022-06-06,145.0574875,146.5768358,142.9560582,144.1794281,71598400,36.46,37.95,35.64,36.58,25.37,25.81,24.82,25.07,25.79,27.01,25.32,25.57,0,,,,,AAPL_YF_GITHUB;CBOE_VXAPL;CBOE_VIX;CBOE_VIX9D
2022-06-07,142.4134426,147.0010534,142.1667966,146.7149506,67808200,37.86,38.19,34.55,34.7,25.54,26.24,23.88,24.02,27.12,27.36,24.0,24.23,0,,,,,AAPL_YF_GITHUB;CBOE_VXAPL;CBOE_VIX;CBOE_VIX9D
2022-06-08,146.5866682,147.859355,145.4816988,145.9749908,53950200,35.42,35.46,33.21,34.42,24.37,24.78,23.74,23.96,25.53,25.73,23.8,23.91,0,,,,,AAPL_YF_GITHUB;CBOE_VXAPL;CBOE_VIX;CBOE_VIX9D
2022-06-09,145.1068317,145.9651553,140.6178698,140.7263947,69473000,35.33,37.19,34.21,37.19,24.29,26.24,23.82,26.09,25.47,27.76,24.25,27.54,0,,,,,AAPL_YF_GITHUB;CBOE_VXAPL;CBOE_VIX;CBOE_VIX9D
2022-06-10,138.3980483,138.8716046,135.2212456,135.2903137,91437900,39.03,40.53,38.4,39.55,26.26,29.63,26.05,27.75,29.15,32.23,27.59,28.78,0,,,,,AAPL_YF_GITHUB;CBOE_VXAPL;CBOE_VIX;CBOE_VIX9D
2022-06-13,131.0874418,133.3861848,129.6766336,130.110733,122207100,43.68,46.21,43.46,45.52,31.37,35.05,31.29,34.02,37.51,41.52,36.41,38.86,0,,,,,AAPL_YF_GITHUB;CBOE_VXAPL;CBOE_VIX;CBOE_VIX9D
2022-06-14,131.3439893,132.0937881,129.716116,130.9789429,84784300,44.57,45.31,42.16,43.22,33.01,34.0,32.06,32.69,38.08,39.01,33.98,36.95,0,,,,,AAPL_YF_GITHUB;CBOE_VXAPL;CBOE_VIX;CBOE_VIX9D
2022-06-15,132.4883624,135.4974467,130.3869487,133.6130676,91533000,42.83,42.84,38.59,39.9,32.39,32.77,27.76,29.62,36.99,36.99,30.32,32.53,0,,,,,AAPL_YF_GITHUB;CBOE_VXAPL;CBOE_VIX;CBOE_VIX9D
2022-06-16,130.3080441,130.6138828,127.3088197,128.3151398,108123900,42.07,44.78,42.03,43.62,30.35,34.82,30.35,32.95,34.19,38.47,33.33,36.58,0,,,,,AAPL_YF_GITHUB;CBOE_VXAPL;CBOE_VIX;CBOE_VIX9D
2022-06-17,128.3249975,131.2946102,128.068476,129.7949982,134520300,42.72,42.81,39.63,40.2,32.84,33.31,30.47,31.13,35.21,36.3,29.96,30.4,0,,,,,AAPL_YF_GITHUB;CBOE_VXAPL;CBOE_VIX;CBOE_VIX9D
2022-06-21,131.630082,135.2212485,131.5314326,134.0472107,81000500,39.55,39.57,37.41,37.92,30.63,30.65,29.33,30.19,32.43,32.44,29.9,30.38,0,,,,,AAPL_YF_GITHUB;CBOE_VXAPL;CBOE_VIX;CBOE_VIX9D
2022-06-22,132.9816647,135.9118207,132.1134809,133.5341644,73409200,38.69,39.09,36.93,38.76,31.45,31.57,28.78,28.95,31.26,31.42,28.24,28.3,0,,,,,AAPL_YF_GITHUB;CBOE_VXAPL;CBOE_VIX;CBOE_VIX9D
2022-06-23,134.9844644,136.7307077,133.8104267,136.4150085,72433800,38.24,39.12,37.31,38.03,29.29,29.77,28.74,29.05,29.02,29.37,28.02,28.29,0,,,,,AAPL_YF_GITHUB;CBOE_VXAPL;CBOE_VIX;CBOE_VIX9D
2022-06-24,138.0231086,140.0061522,137.8948629,139.7595062,89116800,37.79,37.81,35.85,36.13,29.07,29.72,26.83,27.23,28.18,28.18,25.1,26.04,0,,,,,AAPL_YF_GITHUB;CBOE_VXAPL;CBOE_VIX;CBOE_VIX9D
2022-06-27,140.7855471,141.5649569,139.0787608,139.7595062,70207900,38.35,39.7,38.09,38.93,28.3,28.66,26.93,26.95,28.35,29.02,25.79,25.81,0,,,,,AAPL_YF_GITHUB;CBOE_VXAPL;CBOE_VIX;CBOE_VIX9D
2022-06-28,140.2232125,141.4958995,135.4777451,135.5961304,67083400,39.1,41.57,38.37,41.36,26.9,28.68,26.47,28.36,26.0,27.87,25.19,27.18,0,,,,,AAPL_YF_GITHUB;CBOE_VXAPL;CBOE_VIX;CBOE_VIX9D
2022-06-29,135.6158934,138.7828207,134.8364833,137.3621368,66242400,41.99,42.8,40.55,41.56,28.8,29.36,27.85,28.16,27.89,28.75,26.25,26.56,0,,,,,AAPL_YF_GITHUB;CBOE_VXAPL;CBOE_VIX;CBOE_VIX9D
2022-06-30,135.408707,136.5136767,131.9753976,134.8858185,98964500,43.27,45.11,42.34,44.2,29.42,30.22,28.28,28.71,28.24,29.1,26.53,26.86,0,,,,,AAPL_YF_GITHUB;CBOE_VXAPL;CBOE_VIX;CBOE_VIX9D
2022-07-01,134.2149338,137.174687,133.840042,137.0661621,71051600,43.49,44.24,41.59,41.67,29.53,29.59,26.69,26.7,26.39,26.99,23.28,23.56,0,,,,,AAPL_YF_GITHUB;CBOE_VXAPL;CBOE_VIX;CBOE_VIX9D
2022-07-05,135.9217106,139.7101904,135.0929685,139.6608582,73353800,45.19,45.58,41.29,41.76,27.37,29.82,27.3,27.54,30.38,30.71,27.25,27.34,0,,,,,AAPL_YF_GITHUB;CBOE_VXAPL;CBOE_VIX;CBOE_VIX9D
2022-07-06,139.4536648,142.1864919,139.1872829,141.002594,74064300,41.9,42.2,39.63,40.33,27.84,28.07,26.43,26.73,28.09,28.3,25.72,25.95,0,,,,,AAPL_YF_GITHUB;CBOE_VXAPL;CBOE_VIX;CBOE_VIX9D
2022-07-07,141.3676515,144.5839258,141.357791,144.3866119,66253700,39.63,40.09,37.94,38.03,26.73,26.79,25.66,26.08,25.71,25.86,23.98,24.79,0,,,,,AAPL_YF_GITHUB;CBOE_VXAPL;CBOE_VIX;CBOE_VIX9D
2022-07-08,143.3112033,145.5704893,143.0546968,145.0673218,64547800,38.49,38.6,36.49,36.63,26.41,26.61,24.43,24.64,25.01,25.05,21.78,21.91,0,,,,,AAPL_YF_GITHUB;CBOE_VXAPL;CBOE_VIX;CBOE_VIX9D
2022-07-11,143.715723,144.6727109,141.8510794,142.9264526,63141600,38.85,39.37,38.09,39.3,26.42,26.74,25.79,26.17,25.95,26.53,24.43,24.46,0,,,,,AAPL_YF_GITHUB;CBOE_VXAPL;CBOE_VIX;CBOE_VIX9D
2022-07-12,143.8045185,146.4584326,143.1040521,143.903183,77588800,38.73,40.45,38.19,40.04,27.14,27.75,25.82,27.29,25.66,27.67,24.9,27.13,0,,,,,AAPL_YF_GITHUB;CBOE_VXAPL;CBOE_VIX;CBOE_VIX9D
2022-07-13,141.0716714,144.4852441,140.2133329,143.5381317,71185600,41.37,41.69,39.44,39.79,27.35,29.06,26.23,26.82,28.87,29.17,25.54,25.94,0,,,,,AAPL_YF_GITHUB;CBOE_VXAPL;CBOE_VIX;CBOE_VIX9D
2022-07-14,142.1470456,146.9517056,141.328179,146.4781494,78140700,40.94,41.74,39.77,39.87,27.47,28.45,26.2,26.4,27.59,28.32,25.02,25.22,0,,,,,AAPL_YF_GITHUB;CBOE_VXAPL;CBOE_VIX;CBOE_VIX9D
2022-07-15,147.7705825,148.8360952,146.2117776,148.1553497,76259900,38.95,39.52,36.79,36.79,26.72,26.72,24.13,24.23,24.25,24.77,22.02,22.14,0,,,,,AAPL_YF_GITHUB;CBOE_VXAPL;CBOE_VIX;CBOE_VIX9D
2022-07-18,148.7177168,149.5365835,144.7319079,145.0969543,81420900,37.45,38.85,35.8,38.7,24.83,25.91,24.38,25.3,25.69,26.55,24.63,25.6,0,,,,,AAPL_YF_GITHUB;CBOE_VXAPL;CBOE_VIX;CBOE_VIX9D
2022-07-19,145.9355166,149.2011075,144.9390721,148.9741974,82982400,38.08,38.08,36.21,36.34,25.12,25.41,24.23,24.5,25.31,26.6,24.99,26.2,0,,,,,AAPL_YF_GITHUB;CBOE_VXAPL;CBOE_VIX;CBOE_VIX9D
2022-07-20,149.092622,151.6577474,148.3526838,150.9868622,64823400,36.59,36.8,34.95,35.34,24.23,24.73,23.4,23.88,26.94,26.98,24.65,25.18,0,,,,,AAPL_YF_GITHUB;CBOE_VXAPL;CBOE_VIX;CBOE_VIX9D
2022-07-21,152.4272665,153.4829189,149.9016132,153.2658691,65086600,35.4,36.48,34.22,34.85,24.07,24.67,22.92,23.11,25.62,26.29,23.09,23.44,0,,,,,AAPL_YF_GITHUB;CBOE_VXAPL;CBOE_VIX;CBOE_VIX9D
2022-07-22,153.3053287,154.1833881,151.351896,152.0227661,66675400,34.76,35.94,34.26,35.26,23.3,23.81,22.41,23.03,23.03,23.81,22.0,22.09,0,,,,,AAPL_YF_GITHUB;CBOE_VXAPL;CBOE_VIX;CBOE_VIX9D
2022-07-25,151.9438329,152.9600135,150.2370464,150.898056,53623900,35.85,36.87,35.06,36.4,24.33,24.57,23.19,23.36,24.62,25.12,22.79,23.09,0,,,,,AAPL_YF_GITHUB;CBOE_VXAPL;CBOE_VIX;CBOE_VIX9D
2022-07-26,150.2173269,151.0361937,148.7769221,149.5661926,55138700,36.82,38.22,36.73,37.64,23.95,25.31,23.82,24.69,24.32,25.71,24.19,24.95,0,,,,,AAPL_YF_GITHUB;CBOE_VXAPL;CBOE_VIX;CBOE_VIX9D
2022-07-27,150.5330274,155.2193026,150.1186638,154.6865387,78620700,36.43,36.43,34.27,35.1,24.27,24.41,23.02,23.24,24.46,24.74,21.86,22.14,0,,,,,AAPL_YF_GITHUB;CBOE_VXAPL;CBOE_VIX;CBOE_VIX9D
2022-07-28,154.8739825,155.5251317,152.338469,155.2390289,81378700,34.94,35.05,32.34,33.34,23.33,23.54,22.22,22.33,21.34,22.56,20.53,20.81,1,2022-06-30,1.14,1.2,0.05263158,AAPL_YF_GITHUB;CBOE_VXAPL;CBOE_VIX;CBOE_VIX9D;ALPHAQUERY_ZACKS_EARNINGS
2022-07-29,159.0768371,161.4347727,157.3601753,160.3297882,101786900,29.08,29.52,27.34,27.6,22.13,22.16,21.21,21.33,20.24,20.38,18.57,18.57,0,,,,,AAPL_YF_GITHUB;CBOE_VXAPL;CBOE_VIX;CBOE_VIX9D
2022-08-01,158.849939,161.3953284,158.7315537,159.3432312,67829400,29.97,30.08,28.78,29.57,22.41,23.27,22.26,22.84,22.3,22.72,21.65,21.94,0,,,,,AAPL_YF_GITHUB;CBOE_VXAPL;CBOE_VIX;CBOE_VIX9D
2022-08-02,157.9521463,160.2311535,157.4884505,157.8633423,59907000,30.74,31.25,28.64,31.06,24.08,24.68,22.67,23.93,23.84,24.75,22.07,23.25,0,,,,,AAPL_YF_GITHUB;CBOE_VXAPL;CBOE_VIX;CBOE_VIX9D
2022-08-03,158.6822208,164.3550807,158.5934318,163.9012604,82507500,30.32,30.41,29.05,29.27,23.86,23.92,21.68,21.95,22.21,22.37,20.17,20.56,0,,,,,AAPL_YF_GITHUB;CBOE_VXAPL;CBOE_VIX;CBOE_VIX9D
2022-08-04,163.7828241,164.9470012,162.2240194,163.5855103,55474100,29.58,29.75,28.65,28.65,22.06,22.66,21.44,21.44,21.41,21.73,19.69,19.69,0,,,,,AAPL_YF_GITHUB;CBOE_VXAPL;CBOE_VIX;CBOE_VIX9D
2022-08-05,161.2440695,163.8522689,161.0365924,163.3582916,56697000,29.63,29.92,27.82,27.82,21.5,22.58,20.76,21.15,21.06,21.06,18.57,19.32,0,,,,,AAPL_YF_GITHUB;CBOE_VXAPL;CBOE_VIX;CBOE_VIX9D
2022-08-08,164.3659956,165.7886525,162.222136,162.8840637,60276900,28.58,29.14,27.57,28.13,21.74,22.01,20.83,21.29,21.06,21.85,19.8,19.93,0,,,,,AAPL_YF_GITHUB;CBOE_VXAPL;CBOE_VIX;CBOE_VIX9D
2022-08-09,162.0443337,163.8226552,161.2836044,162.9334869,63135500,28.81,29.77,28.57,29.1,21.41,22.23,21.41,21.77,21.16,21.54,20.5,20.81,0,,,,,AAPL_YF_GITHUB;CBOE_VXAPL;CBOE_VIX;CBOE_VIX9D
2022-08-10,165.6602247,167.300233,164.8896212,167.2014465,70170500,26.99,27.19,25.83,26.11,22.28,22.34,19.54,19.74,18.89,19.4,17.49,17.59,0,,,,,AAPL_YF_GITHUB;CBOE_VXAPL;CBOE_VIX;CBOE_VIX9D
2022-08-11,168.0115761,168.9303818,166.1641056,166.460495,57149200,25.77,26.75,25.68,26.48,19.84,20.85,19.71,20.2,18.15,19.0,17.94,18.03,0,,,,,AAPL_YF_GITHUB;CBOE_VXAPL;CBOE_VIX;CBOE_VIX9D
2022-08-12,167.7744575,170.0961418,167.3595033,170.0269928,68039400,25.89,26.42,25.26,25.26,20.34,20.35,19.12,19.53,17.89,19.27,16.58,16.78,0,,,,,AAPL_YF_GITHUB;CBOE_VXAPL;CBOE_VIX;CBOE_VIX9D
2022-08-15,169.4539841,171.3014545,169.2860337,171.1038666,54091700,26.8,26.95,25.44,25.49,20.74,21.16,19.81,19.95,19.99,19.99,18.48,18.54,0,,,,,AAPL_YF_GITHUB;CBOE_VXAPL;CBOE_VIX;CBOE_VIX9D
2022-08-16,170.6987969,171.6176025,169.5922925,170.9457855,56377100,26.03,26.26,25.36,25.56,20.23,20.39,19.5,19.69,18.89,19.38,18.08,18.6,0,,,,,AAPL_YF_GITHUB;CBOE_VXAPL;CBOE_VIX;CBOE_VIX9D
2022-08-17,170.6889213,174.0281976,170.4913334,172.4474792,79542000,26.45,27.92,26.29,27.7,19.74,20.63,19.41,19.9,19.55,19.71,18.38,18.64,0,,,,,AAPL_YF_GITHUB;CBOE_VXAPL;CBOE_VIX;CBOE_VIX9D
2022-08-18,171.6571313,172.7932732,171.034715,172.0523071,62290100,27.98,28.69,27.51,27.64,20.51,20.61,19.43,19.56,19.07,19.39,17.58,17.67,0,,,,,AAPL_YF_GITHUB;CBOE_VXAPL;CBOE_VIX;CBOE_VIX9D
2022-08-19,170.9458009,171.6472554,169.2465176,169.4539948,70346300,28.65,28.9,27.89,28.19,20.16,21.27,20.08,20.6,18.66,19.51,18.05,18.24,0,,,,,AAPL_YF_GITHUB;CBOE_VXAPL;CBOE_VIX;CBOE_VIX9D
2022-08-22,167.6460184,167.8139688,165.1267311,165.5515594,69026800,30.69,30.77,29.56,30.24,22.41,24.62,22.39,23.8,22.62,24.29,22.36,22.85,0,,,,,AAPL_YF_GITHUB;CBOE_VXAPL;CBOE_VIX;CBOE_VIX9D
2022-08-23,165.0674653,166.6778362,164.642637,165.2156525,54147100,30.55,30.81,29.53,30.32,24.13,24.21,23.07,24.11,23.1,23.49,22.27,23.35,0,,,,,AAPL_YF_GITHUB;CBOE_VXAPL;CBOE_VIX;CBOE_VIX9D
2022-08-24,165.3045467,166.0850241,164.2474282,165.5120087,53841500,30.33,30.59,28.95,29.34,24.37,24.86,22.73,22.82,23.11,23.37,21.11,21.2,0,,,,,AAPL_YF_GITHUB;CBOE_VXAPL;CBOE_VIX;CBOE_VIX9D
2022-08-25,166.7469751,168.0905939,166.3221619,167.9819183,51218200,29.07,29.44,27.76,27.76,22.41,23.13,21.77,21.78,21.6,21.87,20.15,20.34,0,,,,,AAPL_YF_GITHUB;CBOE_VXAPL;CBOE_VIX;CBOE_VIX9D
2022-08-26,168.5154206,168.9896345,161.5898493,161.6491241,78961000,28.01,32.22,28.01,32.12,22.07,25.9,21.67,25.56,20.54,24.63,19.93,23.9,0,,,,,AAPL_YF_GITHUB;CBOE_VXAPL;CBOE_VIX;CBOE_VIX9D
2022-08-29,159.2089015,160.9378223,157.894935,159.436142,73314000,34.67,34.89,32.66,33.49,26.86,27.67,25.47,26.21,26.88,26.88,24.14,24.76,0,,,,,AAPL_YF_GITHUB;CBOE_VXAPL;CBOE_VIX;CBOE_VIX9D
2022-08-30,160.1770798,160.601893,155.8201965,156.9958649,77906200,32.98,35.25,32.93,33.39,25.75,27.69,25.13,26.21,24.38,27.16,24.36,24.41,0,,,,,AAPL_YF_GITHUB;CBOE_VXAPL;CBOE_VIX;CBOE_VIX9D
2022-08-31,158.3790092,158.6457612,155.2471947,155.3262329,87991100,33.16,33.35,32.02,33.15,25.86,26.62,25.31,25.87,24.43,24.78,23.09,23.69,0,,,,,AAPL_YF_GITHUB;CBOE_VXAPL;CBOE_VIX;CBOE_VIX9D
2022-09-01,154.7532047,156.5117627,152.806933,156.057312,74229900,33.76,37.79,33.11,33.18,26.88,27.45,25.25,25.56,24.95,25.87,23.17,23.76,0,,,,,AAPL_YF_GITHUB;CBOE_VXAPL;CBOE_VIX;CBOE_VIX9D
2022-09-02,157.825756,158.428409,153.103334,153.9332123,76957800,31.73,34.28,30.37,33.72,25.51,26.28,23.19,25.47,21.63,24.38,20.31,22.97,0,,,,,AAPL_YF_GITHUB;CBOE_VXAPL;CBOE_VIX;CBOE_VIX9D
2022-09-06,154.5852592,155.1977863,151.8387466,152.6686249,73714800,34.24,36.21,34.12,35.4,25.46,27.8,25.33,26.91,26.51,29.41,26.31,26.99,0,,,,,AAPL_YF_GITHUB;CBOE_VXAPL;CBOE_VIX;CBOE_VIX9D
2022-09-07,152.9551229,154.7828296,151.7596913,154.0813904,87449600,35.4,36.44,32.62,32.87,26.93,27.15,24.54,24.64,27.01,27.11,23.97,24.05,0,,,,,AAPL_YF_GITHUB;CBOE_VXAPL;CBOE_VIX;CBOE_VIX9D
2022-09-08,152.7772966,154.4765797,150.840899,152.599472,84923800,33.93,34.04,32.0,32.21,24.7,25.9,23.56,23.61,26.32,27.88,22.72,22.84,0,,,,,AAPL_YF_GITHUB;CBOE_VXAPL;CBOE_VIX;CBOE_VIX9D
2022-09-09,153.5973184,155.9190179,152.8859898,155.4744263,68028800,31.66,31.69,29.63,29.63,23.49,23.57,22.64,22.79,22.46,23.13,21.56,21.71,0,,,,,AAPL_YF_GITHUB;CBOE_VXAPL;CBOE_VIX;CBOE_VIX9D
2022-09-12,157.6676685,162.2814146,157.3811683,161.4614105,104956000,29.97,31.08,29.48,30.62,23.58,24.23,23.16,23.87,24.2,25.6,24.17,25.26,0,,,,,AAPL_YF_GITHUB;CBOE_VXAPL;CBOE_VIX;CBOE_VIX9D
2022-09-13,157.9739571,158.6062475,151.5226138,151.9869537,122656600,31.78,36.41,31.78,35.92,23.67,28.15,23.53,27.27,24.98,31.26,24.58,29.14,0,,,,,AAPL_YF_GITHUB;CBOE_VXAPL;CBOE_VIX;CBOE_VIX9D
2022-09-14,152.9254988,155.2076868,151.7597196,153.4392395,87965400,35.64,36.01,34.66,34.73,26.73,27.56,26.16,26.16,28.64,29.31,27.21,27.28,0,,,,,AAPL_YF_GITHUB;CBOE_VXAPL;CBOE_VIX;CBOE_VIX9D
2022-09-15,152.7871882,153.3700929,149.5565872,150.5346527,90481100,35.12,36.95,34.58,36.11,26.1,26.93,25.42,26.27,27.92,28.32,26.37,27.11,0,,,,,AAPL_YF_GITHUB;CBOE_VXAPL;CBOE_VIX;CBOE_VIX9D
2022-09-16,149.3886168,149.5269299,146.5828144,148.8847504,162278800,37.28,39.55,37.28,38.22,27.47,28.45,26.14,26.3,29.29,30.54,26.86,27.06,0,,,,,AAPL_YF_GITHUB;CBOE_VXAPL;CBOE_VIX;CBOE_VIX9D
2022-09-19,147.5115231,152.6982856,147.3040611,152.6192474,81474200,39.86,39.87,36.17,36.17,27.69,27.95,25.56,25.76,30.76,30.76,27.49,27.78,0,,,,,AAPL_YF_GITHUB;CBOE_VXAPL;CBOE_VIX;CBOE_VIX9D
2022-09-20,151.5522297,156.1758651,151.2360921,155.0100708,107689800,37.24,38.62,36.21,37.23,25.65,27.81,25.61,27.16,29.57,31.54,29.02,30.39,0,,,,,AAPL_YF_GITHUB;CBOE_VXAPL;CBOE_VIX;CBOE_VIX9D
2022-09-21,155.4447996,156.8279454,151.7498585,151.8684082,101696800,36.69,39.22,35.45,39.15,28.03,30.18,25.55,27.99,30.39,32.22,27.23,30.34,0,,,,,AAPL_YF_GITHUB;CBOE_VXAPL;CBOE_VIX;CBOE_VIX9D
2022-09-22,150.5445432,152.6093649,149.0922486,150.9002075,86652500,39.18,40.21,37.68,38.59,28.16,28.38,26.71,27.35,29.59,30.28,26.93,27.67,0,,,,,AAPL_YF_GITHUB;CBOE_VXAPL;CBOE_VIX;CBOE_VIX9D
2022-09-23,149.3688667,149.6454928,146.7705411,148.6180115,96029900,40.17,42.42,39.91,40.24,27.68,32.31,27.58,29.92,29.71,33.83,29.04,30.25,0,,,,,AAPL_YF_GITHUB;CBOE_VXAPL;CBOE_VIX;CBOE_VIX9D
2022-09-26,147.8573034,151.9177978,147.8375401,148.9539337,93339400,43.15,44.25,41.5,43.87,31.74,32.88,29.83,32.26,34.54,35.13,31.8,34.14,0,,,,,AAPL_YF_GITHUB;CBOE_VXAPL;CBOE_VIX;CBOE_VIX9D
2022-09-27,150.9001673,152.8563128,148.1437659,149.9319611,84442700,42.66,45.55,41.41,43.9,31.2,34.14,30.3,32.6,33.08,36.48,31.86,33.49,0,,,,,AAPL_YF_GITHUB;CBOE_VXAPL;CBOE_VIX;CBOE_VIX9D
2022-09-28,145.8616134,148.8254772,143.0953376,148.0351105,146691400,46.48,48.55,43.38,43.71,34.5,34.88,30.03,30.18,34.71,35.84,31.0,31.16,0,,,,,AAPL_YF_GITHUB;CBOE_VXAPL;CBOE_VIX;CBOE_VIX9D
2022-09-29,144.3401536,144.9526805,138.9854271,140.7637482,128138200,46.34,48.96,45.65,47.79,31.67,33.46,31.16,31.84,33.1,35.29,32.42,32.67,0,,,,,AAPL_YF_GITHUB;CBOE_VXAPL;CBOE_VIX;CBOE_VIX9D
2022-09-30,139.5782105,141.3762949,136.337721,136.5353088,124925300,48.42,48.92,45.42,48.34,31.61,33.25,29.39,31.62,32.4,33.01,28.91,31.19,0,,,,,AAPL_YF_GITHUB;CBOE_VXAPL;CBOE_VIX;CBOE_VIX9D
2022-10-03,136.5452278,141.3466883,136.0314871,140.7341461,114311700,48.71,48.74,44.58,44.58,33.0,33.06,29.63,30.1,32.83,33.53,30.15,30.65,0,,,,,AAPL_YF_GITHUB;CBOE_VXAPL;CBOE_VIX;CBOE_VIX9D
2022-10-04,143.2830456,144.4587139,142.5223164,144.3401642,87830100,43.64,43.64,42.07,42.46,29.52,29.62,28.56,29.07,29.67,30.33,29.12,29.82,0,,,,,AAPL_YF_GITHUB;CBOE_VXAPL;CBOE_VIX;CBOE_VIX9D
2022-10-05,142.3346149,145.6047419,141.2873704,144.6365356,79471000,43.96,44.74,42.58,42.58,29.36,30.11,28.5,28.55,30.63,30.98,28.77,28.81,0,,,,,AAPL_YF_GITHUB;CBOE_VXAPL;CBOE_VIX;CBOE_VIX9D
2022-10-06,144.0536502,145.7628074,143.4707606,143.6782227,68402200,43.46,44.38,42.78,44.15,28.6,30.74,28.56,30.52,29.63,31.84,29.41,31.3,0,,,,,AAPL_YF_GITHUB;CBOE_VXAPL;CBOE_VIX;CBOE_VIX9D
2022-10-07,140.8230587,141.376326,137.7702822,138.4025726,85925600,45.48,46.93,45.07,46.36,30.37,32.02,29.88,31.36,30.52,31.96,30.44,30.55,0,,,,,AAPL_YF_GITHUB;CBOE_VXAPL;CBOE_VIX;CBOE_VIX9D
2022-10-10,138.7286072,140.1809019,136.9008999,138.7286072,74899000,47.54,48.46,47.15,47.53,32.93,33.99,32.05,32.45,33.34,34.55,31.87,32.22,0,,,,,AAPL_YF_GITHUB;CBOE_VXAPL;CBOE_VIX;CBOE_VIX9D
2022-10-11,138.2148552,139.6474016,136.5550986,137.3059387,77033700,48.22,48.65,46.69,48.0,33.56,34.43,32.45,33.63,33.87,35.77,32.87,34.66,0,,,,,AAPL_YF_GITHUB;CBOE_VXAPL;CBOE_VIX;CBOE_VIX9D
2022-10-12,137.4541376,138.6693177,136.4958204,136.673645,70433700,48.49,49.15,47.45,48.8,33.54,34.53,33.11,33.57,35.56,36.17,34.22,34.61,0,,,,,AAPL_YF_GITHUB;CBOE_VXAPL;CBOE_VIX;CBOE_VIX9D
2022-10-13,133.3639876,141.8603876,132.7514456,141.2676239,113224000,48.49,49.11,45.64,46.22,33.6,33.87,31.63,31.94,32.75,33.86,30.6,31.51,0,,,,,AAPL_YF_GITHUB;CBOE_VXAPL;CBOE_VIX;CBOE_VIX9D
2022-10-14,142.571713,142.7791901,136.5254363,136.71315,88598000,45.77,47.98,45.67,47.2,31.89,32.98,31.14,32.02,31.21,32.83,29.49,29.67,0,,,,,AAPL_YF_GITHUB;CBOE_VXAPL;CBOE_VIX;CBOE_VIX9D
2022-10-17,139.3707551,141.1786987,138.5803885,140.6946106,85250900,47.69,47.69,45.45,45.81,32.27,32.59,30.7,31.37,31.13,31.55,30.03,30.6,0,,,,,AAPL_YF_GITHUB;CBOE_VXAPL;CBOE_VIX;CBOE_VIX9D
2022-10-18,143.7375249,144.9329415,138.9163015,142.0184784,99136600,44.15,46.44,43.41,44.8,31.1,31.93,30.42,30.5,30.42,31.52,28.95,28.99,0,,,,,AAPL_YF_GITHUB;CBOE_VXAPL;CBOE_VIX;CBOE_VIX9D
2022-10-19,139.9832918,143.2040184,139.795578,142.1271515,61758300,45.56,46.11,44.67,44.8,30.94,31.9,30.76,30.76,30.3,30.77,28.63,28.67,0,,,,,AAPL_YF_GITHUB;CBOE_VXAPL;CBOE_VIX;CBOE_VIX9D
2022-10-20,141.2972729,144.1326978,140.9317194,141.6628113,64522000,44.49,44.88,42.69,43.58,31.3,31.32,29.76,29.98,29.32,29.48,27.87,27.87,0,,,,,AAPL_YF_GITHUB;CBOE_VXAPL;CBOE_VIX;CBOE_VIX9D
2022-10-21,141.1490692,146.069094,140.931718,145.4960785,86548600,43.31,43.82,41.73,42.03,30.21,30.44,29.24,29.69,28.98,29.18,27.83,28.46,0,,,,,AAPL_YF_GITHUB;CBOE_VXAPL;CBOE_VIX;CBOE_VIX9D
2022-10-24,145.4170388,148.4204142,144.2413705,147.6498108,75981900,42.56,43.08,41.61,41.61,30.65,30.95,29.78,29.85,32.69,33.28,31.47,31.66,0,,,,,AAPL_YF_GITHUB;CBOE_VXAPL;CBOE_VIX;CBOE_VIX9D
2022-10-25,148.282122,150.6532224,147.5609193,150.5050201,74732300,41.18,41.51,39.6,39.6,29.8,30.0,28.22,28.46,32.19,32.28,30.43,30.67,0,,,,,AAPL_YF_GITHUB;CBOE_VXAPL;CBOE_VIX;CBOE_VIX9D
2022-10-26,149.1416483,150.1592405,146.2568073,147.5510406,88194300,40.21,40.91,38.91,40.69,28.44,28.52,27.27,27.28,31.17,31.23,29.25,29.32,0,,,,,AAPL_YF_GITHUB;CBOE_VXAPL;CBOE_VIX;CBOE_VIX9D
2022-10-27,146.2864477,147.254639,142.3939041,143.0558319,109180200,40.9,45.19,40.58,44.85,27.51,27.67,26.94,27.39,30.39,30.88,29.43,29.77,1,2022-09-30,1.26,1.29,0.02380952,AAPL_YF_GITHUB;CBOE_VXAPL;CBOE_VIX;CBOE_VIX9D;ALPHAQUERY_ZACKS_EARNINGS
2022-10-28,146.4148876,155.6028696,146.0394751,153.8640747,164762400,36.4,36.4,33.44,33.44,27.43,27.59,25.75,25.75,29.61,29.74,27.8,27.81,0,,,,,AAPL_YF_GITHUB;CBOE_VXAPL;CBOE_VIX;CBOE_VIX9D
2022-10-31,151.3151106,152.3821033,150.0900416,151.4929352,97943200,35.6,35.73,34.03,34.31,26.91,27.07,25.84,25.88,31.83,32.01,29.75,29.8,0,,,,,AAPL_YF_GITHUB;CBOE_VXAPL;CBOE_VIX;CBOE_VIX9D
2022-11-01,153.2120045,153.5775429,147.3336775,148.8353577,80379300,33.96,35.64,33.71,34.77,25.96,26.35,25.66,25.81,30.56,31.58,30.13,30.51,0,,,,,AAPL_YF_GITHUB;CBOE_VXAPL;CBOE_VIX;CBOE_VIX9D
2022-11-02,147.1558307,150.3370456,143.2534131,143.2830505,93604600,35.57,36.06,34.16,36.03,26.04,26.62,25.39,25.86,31.85,32.49,29.06,29.37,0,,,,,AAPL_YF_GITHUB;CBOE_VXAPL;CBOE_VIX;CBOE_VIX9D
2022-11-03,140.3488264,141.0799182,137.0786991,137.2071381,97918500,37.29,38.18,36.89,37.46,25.98,26.87,25.1,25.3,30.62,30.75,28.12,28.4,0,,,,,AAPL_YF_GITHUB;CBOE_VXAPL;CBOE_VIX;CBOE_VIX9D
2022-11-04,140.6113245,141.1852905,132.9815678,136.9399414,140814800,36.56,39.36,36.16,37.97,25.63,25.71,24.0,24.55,27.74,28.26,26.56,27.04,0,,,,,AAPL_YF_GITHUB;CBOE_VXAPL;CBOE_VIX;CBOE_VIX9D
2022-11-07,135.6831577,137.7019217,134.2581408,137.4743195,83374600,39.87,40.79,38.22,38.22,25.67,25.67,24.34,24.35,29.6,30.0,27.13,27.16,0,,,,,AAPL_YF_GITHUB;CBOE_VXAPL;CBOE_VIX;CBOE_VIX9D
2022-11-08,138.9488278,139.9582023,136.0592166,138.0482941,89908500,37.87,39.61,37.19,38.53,24.71,26.16,24.24,25.54,27.41,29.89,26.85,28.7,0,,,,,AAPL_YF_GITHUB;CBOE_VXAPL;CBOE_VIX;CBOE_VIX9D
2022-11-09,137.0587215,137.1082042,133.1894067,133.4664917,74917800,39.18,41.01,38.91,40.46,25.34,26.35,25.02,26.09,28.82,29.39,27.69,28.9,0,,,,,AAPL_YF_GITHUB;CBOE_VXAPL;CBOE_VIX;CBOE_VIX9D
2022-11-10,139.7702118,145.3416138,138.0483134,145.3416138,118854000,36.55,36.67,34.65,34.65,26.51,26.59,22.84,23.53,23.6,25.04,23.09,24.46,0,,,,,AAPL_YF_GITHUB;CBOE_VXAPL;CBOE_VIX;CBOE_VIX9D
2022-11-11,144.3025233,148.4489072,142.8676007,148.1421356,93979700,35.71,35.91,34.47,34.5,23.89,23.91,22.37,22.52,23.7,23.82,20.99,21.31,0,,,,,AAPL_YF_GITHUB;CBOE_VXAPL;CBOE_VIX;CBOE_VIX9D
2022-11-14,147.4197451,148.7161102,145.8957627,146.7369232,73374100,36.74,37.0,35.08,35.68,23.99,24.33,22.86,23.73,22.55,22.56,20.4,21.19,0,,,,,AAPL_YF_GITHUB;CBOE_VXAPL;CBOE_VIX;CBOE_VIX9D
2022-11-15,150.6359444,151.9916829,147.0140281,148.4786224,89868300,35.24,37.63,34.6,35.72,23.77,26.22,23.18,24.54,20.76,25.72,20.47,21.8,0,,,,,AAPL_YF_GITHUB;CBOE_VXAPL;CBOE_VIX;CBOE_VIX9D
2022-11-16,147.5780809,148.3103704,145.7572174,147.2416077,64218300,36.5,37.19,35.61,35.81,24.29,24.72,23.99,24.11,21.35,21.39,19.6,19.67,0,,,,,AAPL_YF_GITHUB;CBOE_VXAPL;CBOE_VIX;CBOE_VIX9D
2022-11-17,144.9061704,149.9036207,144.6290854,149.151535,80389400,36.82,36.89,34.72,34.73,24.05,25.18,23.81,23.93,21.02,21.14,19.57,19.74,0,,,,,AAPL_YF_GITHUB;CBOE_VXAPL;CBOE_VIX;CBOE_VIX9D
2022-11-18,150.724981,151.1109219,148.4093359,149.7155914,74829600,34.15,34.98,33.3,33.59,24.03,24.12,22.98,23.12,19.23,19.91,18.29,18.34,0,,,,,AAPL_YF_GITHUB;CBOE_VXAPL;CBOE_VIX;CBOE_VIX9D
2022-11-21,148.5973461,148.8051523,146.1827359,146.4697113,58724100,34.7,34.91,33.81,33.82,24.05,24.12,22.3,22.36,21.32,21.33,19.29,19.51,0,,,,,AAPL_YF_GITHUB;CBOE_VXAPL;CBOE_VIX;CBOE_VIX9D
2022-11-22,146.5884872,148.8546496,145.4009629,148.6171417,51804100,33.65,33.94,31.58,31.67,22.59,22.71,21.28,21.29,19.71,19.8,19.03,19.03,0,,,,,AAPL_YF_GITHUB;CBOE_VXAPL;CBOE_VIX;CBOE_VIX9D
2022-11-23,147.8947577,150.2499952,147.7859018,149.4979095,58301400,32.34,32.34,31.04,31.14,21.49,21.78,20.32,20.35,19.73,19.85,16.91,16.91,0,,,,,AAPL_YF_GITHUB;CBOE_VXAPL;CBOE_VIX;CBOE_VIX9D
2022-11-25,146.7666107,147.3306863,145.5889921,146.5686951,35195900,33.08,33.47,32.38,32.71,20.61,21.11,20.46,20.5,18.5,18.66,17.01,17.06,0,,,,,AAPL_YF_GITHUB;CBOE_VXAPL;CBOE_VIX;CBOE_VIX9D
2022-11-28,143.6296015,145.1139917,141.8879223,142.7191772,69246000,34.8,35.5,34.12,35.01,22.09,22.5,21.65,22.21,20.45,20.7,19.6,20.07,0,,,,,AAPL_YF_GITHUB;CBOE_VXAPL;CBOE_VIX;CBOE_VIX9D
2022-11-29,142.7884394,143.3030322,138.8894537,139.7009125,83763800,35.49,36.37,34.7,35.67,22.09,22.57,21.83,21.89,20.47,21.26,20.16,20.39,0,,,,,AAPL_YF_GITHUB;CBOE_VXAPL;CBOE_VIX;CBOE_VIX9D
2022-11-30,139.928537,147.1723698,139.0873914,146.4895477,111380900,36.09,36.28,31.53,31.53,21.7,22.63,20.31,20.58,21.23,22.4,18.52,18.87,0,,,,,AAPL_YF_GITHUB;CBOE_VXAPL;CBOE_VIX;CBOE_VIX9D
2022-12-01,146.6676665,147.5780908,145.0843108,146.7666168,71250400,32.35,32.9,31.17,31.22,20.83,21.06,19.8,19.84,19.85,20.35,18.38,18.38,0,,,,,AAPL_YF_GITHUB;CBOE_VXAPL;CBOE_VIX;CBOE_VIX9D
2022-12-02,144.4410811,146.4598453,144.1342944,146.2718201,65447400,32.41,32.41,30.06,30.09,20.42,20.96,18.95,19.06,19.78,19.78,17.8,17.95,0,,,,,AAPL_YF_GITHUB;CBOE_VXAPL;CBOE_VIX;CBOE_VIX9D
2022-12-05,146.2322468,149.3494605,144.2530596,145.1041107,68826400,31.66,33.03,31.26,32.25,20.3,21.29,19.78,20.75,23.03,24.63,22.45,23.81,0,,,,,AAPL_YF_GITHUB;CBOE_VXAPL;CBOE_VIX;CBOE_VIX9D
2022-12-06,145.5395025,145.7671048,140.4430877,141.4227905,64727200,32.4,35.03,32.4,34.61,20.69,22.6,20.38,22.17,24.2,27.74,24.09,27.08,0,,,,,AAPL_YF_GITHUB;CBOE_VXAPL;CBOE_VIX;CBOE_VIX9D
2022-12-07,140.7102889,141.8780018,138.5430769,139.4732971,69721100,35.19,36.27,35.01,35.76,22.32,23.01,22.18,22.68,28.53,29.32,27.75,28.07,0,,,,,AAPL_YF_GITHUB;CBOE_VXAPL;CBOE_VIX;CBOE_VIX9D
2022-12-08,140.8785518,142.0264841,139.6316693,141.1655273,62128300,35.49,36.08,34.0,34.25,22.81,23.28,22.06,22.29,27.86,28.51,26.28,26.74,0,,,,,AAPL_YF_GITHUB;CBOE_VXAPL;CBOE_VIX;CBOE_VIX9D
2022-12-09,140.8587379,144.0551358,139.4337208,140.6806183,76097000,34.98,35.43,33.52,34.77,22.55,23.21,22.18,22.83,27.11,27.37,25.63,26.48,0,,,,,AAPL_YF_GITHUB;CBOE_VXAPL;CBOE_VIX;CBOE_VIX9D
2022-12-12,141.214978,142.9962491,139.5920454,142.9863586,70462700,36.14,37.02,35.72,35.76,24.4,25.05,24.18,25.0,27.69,29.66,27.68,29.54,0,,,,,AAPL_YF_GITHUB;CBOE_VXAPL;CBOE_VIX;CBOE_VIX9D
2022-12-13,147.9442219,148.4093321,142.7389658,143.9561615,93886200,31.83,34.89,31.35,33.85,25.24,25.84,21.46,22.55,22.21,25.85,21.97,23.7,0,,,,,AAPL_YF_GITHUB;CBOE_VXAPL;CBOE_VIX;CBOE_VIX9D
2022-12-14,143.8374101,145.1337751,139.6910112,141.7196808,82291200,34.07,35.29,33.17,33.44,22.83,23.47,21.07,21.14,23.63,24.29,19.99,20.2,0,,,,,AAPL_YF_GITHUB;CBOE_VXAPL;CBOE_VIX;CBOE_VIX9D
2022-12-15,139.6415402,140.3243622,134.6144034,135.0795135,98931900,34.19,37.25,34.18,37.17,21.52,23.67,21.25,22.83,20.5,23.31,20.24,21.73,0,,,,,AAPL_YF_GITHUB;CBOE_VXAPL;CBOE_VIX;CBOE_VIX9D
2022-12-16,135.2675514,136.2175528,132.3383477,133.1102295,160156900,37.72,38.39,36.66,37.26,23.26,23.83,22.09,22.62,22.36,22.4,19.77,20.51,0,,,,,AAPL_YF_GITHUB;CBOE_VXAPL;CBOE_VIX;CBOE_VIX9D
2022-12-19,133.7039844,133.7930442,129.9534315,130.9924927,79592600,38.05,38.33,36.58,36.69,22.63,22.86,21.61,22.42,21.79,21.85,19.7,20.83,0,,,,,AAPL_YF_GITHUB;CBOE_VXAPL;CBOE_VIX;CBOE_VIX9D
2022-12-20,130.0226841,131.8633285,128.5382939,130.9232178,77432800,37.4,37.89,35.94,36.16,23.17,23.39,21.35,21.48,21.47,21.68,19.62,19.78,0,,,,,AAPL_YF_GITHUB;CBOE_VXAPL;CBOE_VIX;CBOE_VIX9D
2022-12-21,131.5961387,135.3862835,131.3685364,134.0404358,85928000,35.22,35.3,33.81,34.1,21.25,21.29,19.94,20.07,18.83,18.94,17.33,17.58,0,,,,,AAPL_YF_GITHUB;CBOE_VXAPL;CBOE_VIX;CBOE_VIX9D
2022-12-22,132.9518913,133.1596975,128.9440347,130.8539429,77852100,35.02,40.01,35.02,37.64,20.08,24.3,20.01,21.97,18.31,24.52,18.18,19.84,0,,,,,AAPL_YF_GITHUB;CBOE_VXAPL;CBOE_VIX;CBOE_VIX9D
2022-12-23,129.5575576,131.0419476,128.2908793,130.4877777,63814900,38.41,39.11,36.74,37.01,22.17,22.64,20.78,20.87,19.81,21.4,17.42,17.49,0,,,,,AAPL_YF_GITHUB;CBOE_VXAPL;CBOE_VIX;CBOE_VIX9D
2022-12-27,130.0127759,130.0424625,127.380454,128.6768188,69007800,40.12,41.09,39.44,39.72,21.67,22.8,21.59,21.65,21.52,22.21,19.72,19.77,0,,,,,AAPL_YF_GITHUB;CBOE_VXAPL;CBOE_VIX;CBOE_VIX9D
2022-12-28,128.3205925,129.6664403,124.5601416,124.7283707,85438400,40.32,43.49,39.17,43.49,21.47,22.26,20.96,22.14,20.38,21.15,19.13,20.88,0,,,,,AAPL_YF_GITHUB;CBOE_VXAPL;CBOE_VIX;CBOE_VIX9D
2022-12-29,126.658071,129.1221567,126.4007821,128.2612152,75703700,42.53,42.53,39.94,39.98,22.25,22.31,21.36,21.44,21.28,21.52,20.29,20.49,0,,,,,AAPL_YF_GITHUB;CBOE_VXAPL;CBOE_VIX;CBOE_VIX9D
2022-12-30,127.0737096,128.597677,126.1039046,128.5778809,77034200,41.82,41.95,40.63,40.63,21.83,22.4,21.59,21.67,21.75,22.12,20.86,21.14,0,,,,,AAPL_YF_GITHUB;CBOE_VXAPL;CBOE_VIX;CBOE_VIX9D
2023-01-03,128.9242445,129.5377877,122.8778274,123.7684631,112117500,44.56,46.97,43.86,45.15,23.09,23.76,22.73,22.9,25.82,26.08,24.84,25.08,0,,,,,AAPL_YF_GITHUB;CBOE_VXAPL;CBOE_VIX;CBOE_VIX9D
2023-01-04,125.5695197,127.3211044,123.7783578,125.0450363,89113600,45.11,45.31,42.76,43.3,22.93,23.27,21.94,22.01,25.45,25.85,23.85,23.92,0,,,,,AAPL_YF_GITHUB;CBOE_VXAPL;CBOE_VIX;CBOE_VIX9D
2023-01-05,125.8070218,126.4403611,123.46169,123.7189789,80962700,44.03,44.19,42.85,43.68,22.2,22.92,21.97,22.46,24.89,25.55,24.3,24.54,0,,,,,AAPL_YF_GITHUB;CBOE_VXAPL;CBOE_VIX;CBOE_VIX9D
2023-01-06,124.6986774,128.9341287,123.5903299,128.2711029,87754700,43.6,43.65,40.12,40.26,22.69,22.9,21.0,21.13,23.89,23.99,21.45,21.57,0,,,,,AAPL_YF_GITHUB;CBOE_VXAPL;CBOE_VIX;CBOE_VIX9D
2023-01-09,129.1122704,132.0216779,128.5383044,128.7955933,70790800,41.0,41.01,38.97,40.07,21.75,21.98,21.27,21.97,23.09,23.15,22.21,23.04,0,,,,,AAPL_YF_GITHUB;CBOE_VXAPL;CBOE_VIX;CBOE_VIX9D
2023-01-10,128.9044577,129.8940513,126.786728,129.3695679,63896200,40.65,41.36,39.27,39.28,22.22,22.46,20.58,20.58,23.55,23.61,21.49,21.5,0,,,,,AAPL_YF_GITHUB;CBOE_VXAPL;CBOE_VIX;CBOE_VIX9D
2023-01-11,129.8841654,132.1206416,129.1023931,132.1008606,69458900,39.06,39.35,38.67,38.73,20.8,21.25,20.62,21.09,22.15,23.0,21.83,22.41,0,,,,,AAPL_YF_GITHUB;CBOE_VXAPL;CBOE_VIX;CBOE_VIX9D
2023-01-12,132.4867929,132.8628282,130.0721822,132.0216827,71379600,38.0,38.74,37.22,37.28,21.56,21.8,18.83,18.83,18.95,18.97,16.46,16.46,0,,,,,AAPL_YF_GITHUB;CBOE_VXAPL;CBOE_VIX;CBOE_VIX9D
2023-01-13,130.6560191,133.5159436,130.2898744,133.357605,57809700,38.18,38.33,35.26,35.34,19.0,19.41,18.01,18.35,16.86,16.93,14.69,14.82,0,,,,,AAPL_YF_GITHUB;CBOE_VXAPL;CBOE_VIX;CBOE_VIX9D
2023-01-17,133.4268954,135.861287,132.734183,134.5253448,63646600,37.93,38.0,36.9,37.09,19.89,20.22,19.21,19.36,18.05,18.16,16.42,16.61,0,,,,,AAPL_YF_GITHUB;CBOE_VXAPL;CBOE_VIX;CBOE_VIX9D
2023-01-18,135.3961633,137.1675287,133.6247828,133.8029175,69672800,36.96,37.63,36.3,37.25,19.28,20.58,18.71,20.34,16.32,17.75,15.55,17.24,0,,,,,AAPL_YF_GITHUB;CBOE_VXAPL;CBOE_VIX;CBOE_VIX9D
2023-01-19,132.6847012,134.8321174,132.3779297,133.8623199,58280400,37.86,38.6,37.31,37.76,20.43,21.71,20.17,20.52,19.2,20.0,17.98,18.28,0,,,,,AAPL_YF_GITHUB;CBOE_VXAPL;CBOE_VIX;CBOE_VIX9D
2023-01-20,133.8722283,136.5837203,132.8232614,136.4352722,80223600,38.21,38.24,35.19,35.19,20.28,20.7,19.41,19.85,19.02,19.31,17.49,18.26,0,,,,,AAPL_YF_GITHUB;CBOE_VXAPL;CBOE_VIX;CBOE_VIX9D
2023-01-23,136.6826356,141.8285333,136.4649238,139.6415253,81760300,35.46,35.53,33.29,33.47,20.21,20.33,19.55,19.81,21.67,22.04,21.07,21.25,0,,,,,AAPL_YF_GITHUB;CBOE_VXAPL;CBOE_VIX;CBOE_VIX9D
2023-01-24,138.8498543,141.6702016,138.8399638,141.0467529,66435100,34.34,34.85,32.98,32.98,19.89,20.47,18.91,19.2,22.34,22.93,21.22,21.84,0,,,,,AAPL_YF_GITHUB;CBOE_VXAPL;CBOE_VIX;CBOE_VIX9D
2023-01-25,139.4238363,140.9478038,137.3654799,140.3837433,65799300,34.59,36.24,33.86,33.99,19.56,20.9,18.99,19.08,23.35,24.33,21.95,22.01,0,,,,,AAPL_YF_GITHUB;CBOE_VXAPL;CBOE_VIX;CBOE_VIX9D
2023-01-26,141.6801114,142.7488743,140.4233233,142.4618988,54105100,33.74,33.77,32.45,32.45,19.05,19.48,18.67,18.73,21.95,22.26,21.05,21.05,0,,,,,AAPL_YF_GITHUB;CBOE_VXAPL;CBOE_VIX;CBOE_VIX9D
2023-01-27,141.6702137,145.6978516,141.5910444,144.411377,70555800,32.81,33.26,31.71,33.26,18.9,19.0,17.97,18.51,20.99,21.0,19.6,20.03,0,,,,,AAPL_YF_GITHUB;CBOE_VXAPL;CBOE_VIX;CBOE_VIX9D
2023-01-30,143.4514967,144.0353533,141.3634536,141.5118866,64015300,34.47,38.73,34.45,38.73,19.76,20.25,19.54,19.94,22.13,23.03,21.95,22.42,0,,,,,AAPL_YF_GITHUB;CBOE_VXAPL;CBOE_VIX;CBOE_VIX9D
2023-01-31,141.2149869,142.8379196,140.7993594,142.7884369,65874500,36.33,36.54,34.17,34.17,20.12,20.7,19.13,19.4,22.95,23.17,21.38,21.74,0,,,,,AAPL_YF_GITHUB;CBOE_VXAPL;CBOE_VIX;CBOE_VIX9D
2023-02-01,142.4717821,145.0843084,139.8493653,143.9165802,77663600,35.32,39.85,31.94,32.81,19.62,20.04,17.7,17.87,22.38,22.66,18.55,18.56,0,,,,,AAPL_YF_GITHUB;CBOE_VXAPL;CBOE_VIX;CBOE_VIX9D
2023-02-02,147.3504707,149.6067427,146.6280716,149.2505035,118339000,31.44,36.88,31.3,36.88,17.74,19.25,17.06,18.73,18.31,20.17,18.01,19.13,1,2022-12-31,1.93,1.88,-0.02590674,AAPL_YF_GITHUB;CBOE_VXAPL;CBOE_VIX;CBOE_VIX9D;ALPHAQUERY_ZACKS_EARNINGS
2023-02-03,146.4895401,155.7422463,146.2916244,152.8922119,154357300,29.12,31.57,28.66,30.38,18.57,19.3,17.93,18.33,18.2,19.21,17.76,17.76,0,,,,,AAPL_YF_GITHUB;CBOE_VXAPL;CBOE_VIX;CBOE_VIX9D
2023-02-06,150.9822862,151.5067696,149.2109054,150.1510162,69858300,31.49,31.49,30.42,30.79,19.23,19.81,19.21,19.43,20.87,21.32,20.53,20.67,0,,,,,AAPL_YF_GITHUB;CBOE_VXAPL;CBOE_VIX;CBOE_VIX9D
2023-02-07,149.0723398,153.6145696,149.0723398,153.0406036,83322600,31.29,31.48,29.24,29.53,19.54,19.99,18.43,18.66,21.72,21.84,19.38,19.62,0,,,,,AAPL_YF_GITHUB;CBOE_VXAPL;CBOE_VIX;CBOE_VIX9D
2023-02-08,152.2786448,152.9713572,149.5968399,150.339035,64120100,30.27,31.73,30.16,31.13,18.88,20.12,18.55,19.63,20.4,21.85,20.01,21.0,0,,,,,AAPL_YF_GITHUB;CBOE_VXAPL;CBOE_VIX;CBOE_VIX9D
2023-02-09,152.1796934,152.7239728,148.8546585,149.2999725,56007100,30.87,32.8,30.87,32.38,19.24,21.08,19.02,20.71,20.6,23.3,20.3,22.74,0,,,,,AAPL_YF_GITHUB;CBOE_VXAPL;CBOE_VIX;CBOE_VIX9D
2023-02-10,148.130472,149.993738,147.8926015,149.6666718,57450700,33.14,33.31,31.55,32.01,20.74,21.94,20.44,20.53,23.21,23.65,21.33,21.5,0,,,,,AAPL_YF_GITHUB;CBOE_VXAPL;CBOE_VIX;CBOE_VIX9D
2023-02-13,149.607233,152.8877867,149.577501,152.4814453,62199000,33.09,33.16,32.14,32.46,21.66,21.69,20.33,20.34,23.03,23.04,21.41,21.41,0,,,,,AAPL_YF_GITHUB;CBOE_VXAPL;CBOE_VIX;CBOE_VIX9D
2023-02-14,150.7667942,152.4021255,149.5180081,151.8371887,61707600,32.61,32.68,29.87,30.12,20.72,20.75,18.48,18.91,19.76,20.23,17.05,17.72,0,,,,,AAPL_YF_GITHUB;CBOE_VXAPL;CBOE_VIX;CBOE_VIX9D
2023-02-15,151.7479893,154.1167281,151.5200395,153.9482422,65573800,30.42,30.45,28.77,29.03,19.37,19.41,18.11,18.23,18.03,18.04,15.97,16.02,0,,,,,AAPL_YF_GITHUB;CBOE_VXAPL;CBOE_VIX;CBOE_VIX9D
2023-02-16,152.1444336,154.9393554,151.9858684,152.3426666,68167900,30.22,30.39,28.25,30.39,18.26,20.27,18.23,20.17,18.06,19.51,16.25,19.33,0,,,,,AAPL_YF_GITHUB;CBOE_VXAPL;CBOE_VIX;CBOE_VIX9D
2023-02-17,150.9947753,151.6389872,149.5081186,151.1929932,59144100,31.09,31.46,29.31,29.58,20.94,21.3,19.82,20.02,19.41,19.93,16.56,16.94,0,,,,,AAPL_YF_GITHUB;CBOE_VXAPL;CBOE_VIX;CBOE_VIX9D
2023-02-21,148.8638805,149.9541014,147.0898102,147.1591797,58867200,31.76,32.55,31.32,32.36,21.8,23.34,21.8,22.87,20.97,21.99,20.62,21.14,0,,,,,AAPL_YF_GITHUB;CBOE_VXAPL;CBOE_VIX;CBOE_VIX9D
2023-02-22,147.5457203,148.6161149,145.8509401,147.5853729,51011300,32.04,32.46,29.81,32.03,23.03,23.63,22.02,22.29,21.57,21.57,19.16,19.2,0,,,,,AAPL_YF_GITHUB;CBOE_VXAPL;CBOE_VIX;CBOE_VIX9D
2023-02-23,148.7548636,149.0026398,145.930225,148.0709991,48394200,31.29,32.19,29.86,30.08,21.96,22.43,20.89,21.14,18.72,19.67,17.78,18.11,0,,,,,AAPL_YF_GITHUB;CBOE_VXAPL;CBOE_VIX;CBOE_VIX9D
2023-02-24,145.8013735,145.8806636,144.4237389,145.4049377,55469600,31.53,32.01,30.68,30.72,21.35,22.9,21.32,21.67,19.9,20.59,18.21,18.38,0,,,,,AAPL_YF_GITHUB;CBOE_VXAPL;CBOE_VIX;CBOE_VIX9D
2023-02-27,146.396033,147.843037,146.1383362,146.6041565,44998500,30.66,30.88,29.91,30.21,21.99,22.02,20.68,20.95,20.28,20.29,19.31,19.37,0,,,,,AAPL_YF_GITHUB;CBOE_VXAPL;CBOE_VIX;CBOE_VIX9D
2023-02-28,145.7418957,147.7538363,145.5238515,146.0986938,50547000,30.64,30.73,29.12,29.45,21.3,21.37,20.1,20.7,19.92,20.12,18.71,19.59,0,,,,,AAPL_YF_GITHUB;CBOE_VXAPL;CBOE_VIX;CBOE_VIX9D
2023-03-01,145.5238473,145.920283,143.7200302,144.0173645,55479000,29.93,30.65,29.52,30.18,20.39,21.32,20.22,20.58,20.04,20.62,19.44,19.59,0,,,,,AAPL_YF_GITHUB;CBOE_VXAPL;CBOE_VIX;CBOE_VIX9D
2023-03-02,143.0956568,145.4049318,142.6199158,144.6120453,52238100,30.52,30.64,28.37,29.25,21.41,21.42,19.55,19.59,20.37,20.51,18.66,18.71,0,,,,,AAPL_YF_GITHUB;CBOE_VXAPL;CBOE_VIX;CBOE_VIX9D
2023-03-03,146.7231153,149.7658136,146.0194395,149.6865234,70732300,28.34,28.62,26.66,26.74,19.76,19.76,18.16,18.49,19.13,19.13,17.37,17.76,0,,,,,AAPL_YF_GITHUB;CBOE_VXAPL;CBOE_VIX;CBOE_VIX9D
2023-03-06,152.4219562,154.9096382,152.0949051,152.4616089,87558000,27.32,27.87,27.09,27.47,19.05,19.19,18.49,18.61,20.03,20.08,19.46,19.6,0,,,,,AAPL_YF_GITHUB;CBOE_VXAPL;CBOE_VIX;CBOE_VIX9D
2023-03-07,152.3327445,152.6598108,149.785614,150.2514343,56182000,27.82,28.39,27.33,27.85,18.64,19.74,18.51,19.59,20.44,21.47,19.72,20.96,0,,,,,AAPL_YF_GITHUB;CBOE_VXAPL;CBOE_VIX;CBOE_VIX9D
2023-03-08,151.450668,152.1048006,150.4793899,151.5101318,47204800,27.76,28.24,26.88,27.26,19.71,20.01,19.0,19.11,21.72,22.07,20.4,20.57,0,,,,,AAPL_YF_GITHUB;CBOE_VXAPL;CBOE_VIX;CBOE_VIX9D
2023-03-09,152.1939933,153.1652714,148.8936138,149.250412,53833600,27.5,31.7,26.86,30.13,19.33,23.14,18.88,22.61,21.14,26.81,20.66,25.46,0,,,,,AAPL_YF_GITHUB;CBOE_VXAPL;CBOE_VIX;CBOE_VIX9D
2023-03-10,148.8737806,149.5972825,146.2969034,147.1789856,68572400,30.02,34.23,29.82,33.31,23.34,28.97,21.79,24.8,25.37,32.85,24.28,26.86,0,,,,,AAPL_YF_GITHUB;CBOE_VXAPL;CBOE_VIX;CBOE_VIX9D
2023-03-13,146.4951436,151.777732,146.3861215,149.131485,84457100,35.25,35.74,31.4,33.0,24.05,30.81,23.85,26.52,36.06,36.93,29.24,30.93,0,,,,,AAPL_YF_GITHUB;CBOE_VXAPL;CBOE_VIX;CBOE_VIX9D
2023-03-14,149.934291,152.0354277,148.7647949,151.2326355,73695900,31.15,32.45,29.41,30.87,26.85,27.24,22.27,23.73,27.12,28.16,24.43,25.97,0,,,,,AAPL_YF_GITHUB;CBOE_VXAPL;CBOE_VIX;CBOE_VIX9D
2023-03-15,149.8450831,151.8867558,148.5863762,151.6290741,77167900,33.04,34.71,31.61,32.24,23.21,29.91,23.19,26.14,30.12,34.3,28.65,29.31,0,,,,,AAPL_YF_GITHUB;CBOE_VXAPL;CBOE_VIX;CBOE_VIX9D
2023-03-16,150.8064604,155.0682126,150.2910818,154.4636383,76161100,32.83,32.95,28.95,29.23,26.19,27.49,22.97,22.99,30.76,30.89,24.61,24.61,0,,,,,AAPL_YF_GITHUB;CBOE_VXAPL;CBOE_VIX;CBOE_VIX9D
2023-03-17,154.6915953,155.3457279,152.9076041,153.6212006,98944600,30.18,32.43,29.66,31.17,22.92,26.14,22.58,25.51,25.39,28.88,24.72,27.01,0,,,,,AAPL_YF_GITHUB;CBOE_VXAPL;CBOE_VIX;CBOE_VIX9D
2023-03-20,153.6905721,156.4161093,152.7787427,155.9998322,73641400,32.17,32.61,29.67,30.32,27.77,28.91,24.0,24.15,28.92,29.49,25.64,25.9,0,,,,,AAPL_YF_GITHUB;CBOE_VXAPL;CBOE_VIX;CBOE_VIX9D
2023-03-21,155.9205722,157.9820564,155.1474968,157.8631287,73938300,29.56,29.59,27.99,28.05,24.16,24.16,21.29,21.38,24.19,24.55,22.83,22.84,0,,,,,AAPL_YF_GITHUB;CBOE_VXAPL;CBOE_VIX;CBOE_VIX9D
2023-03-22,157.8829348,160.6976677,156.4061838,156.4260101,75701800,28.23,33.05,26.92,29.51,21.8,22.38,19.94,22.26,23.12,24.32,20.43,23.75,0,,,,,AAPL_YF_GITHUB;CBOE_VXAPL;CBOE_VIX;CBOE_VIX9D
2023-03-23,157.4171187,160.112924,156.2773396,157.5162201,67622100,28.45,30.76,27.18,29.59,21.54,24.91,20.16,22.61,20.89,27.48,19.98,23.11,0,,,,,AAPL_YF_GITHUB;CBOE_VXAPL;CBOE_VIX;CBOE_VIX9D
2023-03-24,157.4468588,158.9136892,156.4458487,158.8244934,59196500,30.42,31.47,28.94,28.94,22.11,25.21,21.6,21.74,24.31,26.65,20.59,20.62,0,,,,,AAPL_YF_GITHUB;CBOE_VXAPL;CBOE_VIX;CBOE_VIX9D
2023-03-27,158.5172463,159.3398648,156.4656528,156.8720093,52390300,29.61,29.82,28.59,29.21,22.05,22.93,20.57,20.6,20.81,21.53,19.25,19.31,0,,,,,AAPL_YF_GITHUB;CBOE_VXAPL;CBOE_VIX;CBOE_VIX9D
2023-03-28,156.5647498,157.0801282,154.5924467,156.2475891,45992200,29.69,29.79,28.12,28.12,20.53,21.4,19.91,19.97,20.05,20.42,18.24,18.33,0,,,,,AAPL_YF_GITHUB;CBOE_VXAPL;CBOE_VIX;CBOE_VIX9D
2023-03-29,157.9522886,159.6173517,157.9324774,159.3398438,51305700,27.01,27.1,26.49,26.66,19.39,19.45,19.09,19.12,17.69,18.06,17.12,17.17,0,,,,,AAPL_YF_GITHUB;CBOE_VXAPL;CBOE_VIX;CBOE_VIX9D
2023-03-30,160.093092,161.0247325,159.8354103,160.9157104,49501700,27.24,28.1,27.02,27.89,19.12,20.08,18.85,19.02,17.44,18.69,17.16,17.3,0,,,,,AAPL_YF_GITHUB;CBOE_VXAPL;CBOE_VIX;CBOE_VIX9D
2023-03-31,160.9949972,163.532222,160.4697131,163.4331055,68749800,28.52,28.58,27.44,27.44,19.21,19.43,18.52,18.7,17.31,17.33,16.44,16.51,0,,,,,AAPL_YF_GITHUB;CBOE_VXAPL;CBOE_VIX;CBOE_VIX9D
2023-04-03,162.8087561,164.8107765,162.7591978,164.6918488,56976200,30.09,30.17,28.7,28.7,19.79,19.83,18.54,18.55,18.89,18.95,16.94,17.03,0,,,,,AAPL_YF_GITHUB;CBOE_VXAPL;CBOE_VIX;CBOE_VIX9D
2023-04-04,165.1179886,165.355844,163.6412377,164.1566162,46278300,29.18,30.37,29.18,29.88,18.79,20.03,18.58,19.0,17.52,18.79,17.24,17.42,0,,,,,AAPL_YF_GITHUB;CBOE_VXAPL;CBOE_VIX;CBOE_VIX9D
2023-04-05,163.2745464,163.5817863,160.360697,162.3032532,51511700,30.66,31.85,30.66,30.96,19.42,20.08,19.0,19.08,18.32,18.52,16.88,16.99,0,,,,,AAPL_YF_GITHUB;CBOE_VXAPL;CBOE_VIX;CBOE_VIX9D
2023-04-06,160.9851079,163.4926164,160.5589402,163.195282,45390100,31.67,31.86,29.95,29.95,19.3,19.88,18.35,18.4,17.99,18.24,15.66,15.68,0,,,,,AAPL_YF_GITHUB;CBOE_VXAPL;CBOE_VIX;CBOE_VIX9D
2023-04-10,159.984064,160.5886383,158.6559878,160.5886383,47716900,32.58,32.84,31.72,31.74,19.39,20.05,18.93,18.97,18.35,18.56,16.69,16.8,0,,,,,AAPL_YF_GITHUB;CBOE_VXAPL;CBOE_VIX;CBOE_VIX9D
2023-04-11,160.9058287,160.9157343,159.0821849,159.3696136,47644200,31.95,32.08,30.93,31.52,19.08,19.28,18.56,19.1,17.02,17.12,15.94,16.86,0,,,,,AAPL_YF_GITHUB;CBOE_VXAPL;CBOE_VIX;CBOE_VIX9D
2023-04-12,159.7858592,160.6183833,158.3586663,158.675827,50133100,31.22,31.51,30.36,31.21,19.38,19.98,18.25,19.09,15.99,17.11,14.98,15.9,0,,,,,AAPL_YF_GITHUB;CBOE_VXAPL;CBOE_VIX;CBOE_VIX9D
2023-04-13,160.1922016,164.325105,159.9840631,164.0872345,68445600,30.67,30.72,29.43,29.5,18.83,19.06,17.77,17.8,15.35,15.54,14.6,14.65,0,,,,,AAPL_YF_GITHUB;CBOE_VXAPL;CBOE_VIX;CBOE_VIX9D
2023-04-14,163.1258767,164.8404982,162.3627371,163.7403717,49386500,29.93,30.22,28.51,28.51,17.94,18.12,17.07,17.07,14.81,14.97,13.33,13.35,0,,,,,AAPL_YF_GITHUB;CBOE_VXAPL;CBOE_VIX;CBOE_VIX9D
2023-04-17,163.6214236,163.9187579,162.5708553,163.7601776,41516200,29.94,30.04,28.35,28.41,17.58,17.79,16.9,16.95,15.45,15.5,14.22,14.51,0,,,,,AAPL_YF_GITHUB;CBOE_VXAPL;CBOE_VIX;CBOE_VIX9D
2023-04-18,164.6224624,165.9208069,164.1764533,164.9891663,49923000,28.38,28.38,27.58,27.62,16.94,17.34,16.58,16.83,14.72,15.33,14.42,14.71,0,,,,,AAPL_YF_GITHUB;CBOE_VXAPL;CBOE_VIX;CBOE_VIX9D
2023-04-19,164.3251319,166.6641392,164.067435,166.138855,47720200,27.95,28.35,27.43,27.78,17.3,17.72,16.17,16.46,15.2,15.33,14.11,14.3,0,,,,,AAPL_YF_GITHUB;CBOE_VXAPL;CBOE_VIX;CBOE_VIX9D
2023-04-20,164.6125255,166.3766901,164.0872413,165.1675415,52456400,28.41,28.9,27.76,28.64,16.85,17.69,16.33,17.17,15.7,16.06,14.38,15.13,0,,,,,AAPL_YF_GITHUB;CBOE_VXAPL;CBOE_VIX;CBOE_VIX9D
2023-04-21,163.5817949,164.9693351,163.0267788,163.552063,58337300,28.79,29.3,28.28,28.77,17.51,17.71,16.58,16.77,15.8,16.25,14.61,14.88,0,,,,,AAPL_YF_GITHUB;CBOE_VXAPL;CBOE_VIX;CBOE_VIX9D
2023-04-24,163.5322324,164.1269011,162.4321059,163.8592987,41949600,29.14,29.37,28.56,28.68,18.22,18.24,16.74,16.89,17.34,17.8,16.44,16.65,0,,,,,AAPL_YF_GITHUB;CBOE_VXAPL;CBOE_VIX;CBOE_VIX9D
2023-04-25,163.7205532,164.8305854,162.273534,162.3131866,48714100,29.06,31.12,28.9,31.07,17.62,19.86,17.33,18.76,17.99,21.02,17.65,19.08,0,,,,,AAPL_YF_GITHUB;CBOE_VXAPL;CBOE_VIX;CBOE_VIX9D
2023-04-26,161.6094831,163.8097361,161.3518014,162.3032532,45498800,30.96,31.18,29.49,30.64,18.66,19.61,17.87,18.84,19.37,20.27,18.11,19.28,0,,,,,AAPL_YF_GITHUB;CBOE_VXAPL;CBOE_VIX;CBOE_VIX9D
2023-04-27,163.7205533,167.0605706,163.7205533,166.911911,64902300,29.73,29.9,28.57,28.71,18.43,18.43,16.72,17.03,18.32,18.4,16.81,17.22,0,,,,,AAPL_YF_GITHUB;CBOE_VXAPL;CBOE_VIX;CBOE_VIX9D
2023-04-28,166.9911917,168.3390943,166.3866174,168.1705933,55209200,28.58,29.31,27.61,27.81,17.21,17.65,15.72,15.78,16.71,17.17,15.41,15.53,0,,,,,AAPL_YF_GITHUB;CBOE_VXAPL;CBOE_VIX;CBOE_VIX9D
2023-05-01,167.7741809,168.9337714,167.1398746,168.0814209,52472900,28.74,29.33,28.46,29.17,16.41,16.62,15.53,16.08,17.0,17.0,15.93,16.07,0,,,,,AAPL_YF_GITHUB;CBOE_VXAPL;CBOE_VIX;CBOE_VIX9D
2023-05-02,168.5769405,168.8346373,166.0496213,167.0407257,48425700,29.29,30.89,29.12,29.81,16.27,19.81,16.26,17.78,16.88,20.96,16.87,18.61,0,,,,,AAPL_YF_GITHUB;CBOE_VXAPL;CBOE_VIX;CBOE_VIX9D
2023-05-03,167.9922011,169.3995675,165.6730203,165.960434,65136000,29.59,31.25,29.2,31.25,17.82,18.83,17.19,18.34,19.11,20.36,17.4,18.49,0,,,,,AAPL_YF_GITHUB;CBOE_VXAPL;CBOE_VIX;CBOE_VIX9D
2023-05-04,163.4232128,165.5540814,162.8483704,164.3152008,81235400,32.24,33.57,32.06,32.97,19.17,21.33,18.67,20.09,19.54,22.38,19.27,19.88,1,2023-03-31,1.44,1.52,0.05555556,AAPL_YF_GITHUB;CBOE_VXAPL;CBOE_VIX;CBOE_VIX9D;ALPHAQUERY_ZACKS_EARNINGS
2023-05-05,169.459029,172.749503,169.2409849,172.026001,113316400,25.84,25.85,23.59,23.65,19.5,19.63,16.69,17.19,17.34,17.34,14.87,15.34,0,,,,,AAPL_YF_GITHUB;CBOE_VXAPL;CBOE_VIX;CBOE_VIX9D
2023-05-08,170.9456885,172.3035119,170.5789847,171.9566193,55962800,24.76,24.88,23.37,23.42,17.73,17.88,16.83,16.98,16.74,16.99,15.14,15.24,0,,,,,AAPL_YF_GITHUB;CBOE_VXAPL;CBOE_VIX;CBOE_VIX9D
2023-05-09,171.5106168,171.9962483,170.0735185,170.2420044,45326900,23.97,24.2,23.31,23.76,17.29,17.86,17.22,17.71,16.39,16.49,15.55,16.4,0,,,,,AAPL_YF_GITHUB;CBOE_VXAPL;CBOE_VIX;CBOE_VIX9D
2023-05-10,171.4809082,172.4819184,170.3708609,172.016098,53724500,22.77,23.83,22.37,22.72,17.58,18.31,16.36,16.94,14.81,16.82,13.93,14.59,0,,,,,AAPL_YF_GITHUB;CBOE_VXAPL;CBOE_VIX;CBOE_VIX9D
2023-05-11,172.3035232,173.0369309,170.6384598,172.2044067,49514700,23.23,24.08,22.96,23.16,16.8,18.19,16.63,16.93,15.97,16.75,14.17,14.49,0,,,,,AAPL_YF_GITHUB;CBOE_VXAPL;CBOE_VIX;CBOE_VIX9D
2023-05-12,172.3135714,172.750263,169.7132908,171.2714844,45497800,23.2,24.44,22.82,23.45,16.83,17.92,16.38,17.03,14.18,15.82,13.79,14.09,0,,,,,AAPL_YF_GITHUB;CBOE_VXAPL;CBOE_VIX;CBOE_VIX9D
2023-05-15,171.8570479,171.9066747,170.179762,170.7752533,37266700,24.47,24.72,23.31,23.31,17.44,18.16,17.08,17.12,15.76,16.22,14.48,14.64,0,,,,,AAPL_YF_GITHUB;CBOE_VXAPL;CBOE_VIX;CBOE_VIX9D
2023-05-16,170.6958534,171.8371941,170.5072807,170.7752533,42110300,23.57,23.84,23.06,23.81,17.54,18.3,17.26,17.99,15.27,16.41,14.73,15.99,0,,,,,AAPL_YF_GITHUB;CBOE_VXAPL;CBOE_VIX;CBOE_VIX9D
2023-05-17,170.4179576,171.6287636,169.1376558,171.3905792,57951600,23.84,24.68,22.93,22.95,17.96,18.26,16.68,16.87,15.07,15.84,14.3,14.67,0,,,,,AAPL_YF_GITHUB;CBOE_VXAPL;CBOE_VIX;CBOE_VIX9D
2023-05-18,171.698241,173.9213913,171.2814032,173.7328186,65496700,23.02,23.13,22.21,22.24,16.92,17.15,16.05,16.05,15.08,15.17,13.91,14.06,0,,,,,AAPL_YF_GITHUB;CBOE_VXAPL;CBOE_VIX;CBOE_VIX9D
2023-05-19,175.0627357,175.0627357,173.6236494,173.8419952,55772400,22.0,22.73,21.95,22.09,16.13,17.36,15.85,16.81,14.36,15.95,14.1,14.25,0,,,,,AAPL_YF_GITHUB;CBOE_VXAPL;CBOE_VIX;CBOE_VIX9D
2023-05-22,172.6708601,173.3953781,172.1448494,172.8892059,43570900,22.61,23.09,22.26,22.46,17.45,18.13,16.82,17.21,15.89,17.2,15.29,15.52,0,,,,,AAPL_YF_GITHUB;CBOE_VXAPL;CBOE_VIX;CBOE_VIX9D
2023-05-23,171.8272671,172.0753859,169.9911816,170.2690735,50747300,23.62,24.69,23.15,24.6,17.35,19.31,17.3,18.53,16.91,18.47,16.24,17.37,0,,,,,AAPL_YF_GITHUB;CBOE_VXAPL;CBOE_VIX;CBOE_VIX9D
2023-05-24,169.8025948,171.1225888,169.2368918,170.5469513,45143500,25.44,26.46,25.21,25.55,18.8,20.81,18.8,20.03,19.4,20.55,18.78,19.77,0,,,,,AAPL_YF_GITHUB;CBOE_VXAPL;CBOE_VIX;CBOE_VIX9D
2023-05-25,171.1126712,172.5914497,170.3980878,171.6883087,56058300,25.31,26.43,25.31,25.87,19.54,19.95,18.7,19.14,19.0,19.65,18.2,18.46,0,,,,,AAPL_YF_GITHUB;CBOE_VXAPL;CBOE_VIX;CBOE_VIX9D
2023-05-26,172.0158161,174.4473774,171.8073896,174.1099243,54835000,25.75,25.83,24.19,24.64,19.07,19.56,17.27,17.95,18.33,18.34,16.49,17.24,0,,,,,AAPL_YF_GITHUB;CBOE_VXAPL;CBOE_VIX;CBOE_VIX9D
2023-05-30,175.6284281,177.6431517,175.2413634,175.9658661,55964400,24.71,25.71,24.58,25.25,17.56,18.34,16.98,17.46,16.95,17.82,16.51,16.51,0,,,,,AAPL_YF_GITHUB;CBOE_VXAPL;CBOE_VIX;CBOE_VIX9D
2023-05-31,175.9956596,178.0004641,175.4299414,175.9162598,99625300,25.31,26.69,25.14,25.66,18.04,18.4,17.12,17.94,17.22,17.39,15.61,16.85,0,,,,,AAPL_YF_GITHUB;CBOE_VXAPL;CBOE_VIX;CBOE_VIX9D
2023-06-01,176.3628481,178.7646363,175.5986379,178.7348633,68901800,25.69,26.06,24.51,24.63,17.24,17.59,15.58,15.65,16.22,16.5,13.94,13.98,0,,,,,AAPL_YF_GITHUB;CBOE_VXAPL;CBOE_VIX;CBOE_VIX9D
2023-06-02,179.667794,180.4121504,177.9111086,179.5883942,61945900,24.2,24.79,23.88,23.99,15.65,15.65,14.42,14.6,13.91,14.26,12.54,12.74,0,,,,,AAPL_YF_GITHUB;CBOE_VXAPL;CBOE_VIX;CBOE_VIX9D
2023-06-05,181.2557666,183.5583014,176.7002936,178.228714,121946500,24.54,25.92,23.69,24.12,15.28,15.29,14.66,14.73,15.01,15.12,14.11,14.14,0,,,,,AAPL_YF_GITHUB;CBOE_VXAPL;CBOE_VIX;CBOE_VIX9D
2023-06-06,178.6157717,178.7646369,176.0948761,177.861496,64848400,23.95,24.02,21.72,21.96,14.91,14.97,13.95,13.96,14.65,14.65,13.82,13.83,0,,,,,AAPL_YF_GITHUB;CBOE_VXAPL;CBOE_VIX;CBOE_VIX9D
2023-06-07,177.0973093,179.8464703,175.9857417,176.4819794,61944600,22.01,22.82,21.29,22.7,14.14,14.29,13.77,13.94,14.07,14.52,13.44,13.86,0,,,,,AAPL_YF_GITHUB;CBOE_VXAPL;CBOE_VIX;CBOE_VIX9D
2023-06-08,176.5613508,179.4792306,176.1246744,179.2112732,50214900,22.51,22.57,20.99,21.22,14.14,14.21,13.53,13.65,14.08,14.1,13.37,13.59,0,,,,,AAPL_YF_GITHUB;CBOE_VXAPL;CBOE_VIX;CBOE_VIX9D
2023-06-09,180.1342882,180.858791,179.2708394,179.5983582,48870700,21.03,21.31,20.24,20.53,13.78,14.14,13.5,13.83,13.46,13.76,13.03,13.29,0,,,,,AAPL_YF_GITHUB;CBOE_VXAPL;CBOE_VIX;CBOE_VIX9D
2023-06-12,179.9060014,182.5062818,179.6082557,182.4070282,54274900,21.6,21.67,20.31,20.61,14.44,15.02,14.32,15.01,14.78,15.36,14.16,15.35,0,,,,,AAPL_YF_GITHUB;CBOE_VXAPL;CBOE_VIX;CBOE_VIX9D
2023-06-13,181.4245071,182.7643398,181.0672153,181.9306641,54929100,20.83,21.16,20.46,20.58,14.99,15.06,14.47,14.61,14.57,14.72,14.22,14.4,0,,,,,AAPL_YF_GITHUB;CBOE_VXAPL;CBOE_VIX;CBOE_VIX9D
2023-06-14,181.9902041,183.0025333,180.6503715,182.5658417,57462900,21.24,21.93,19.68,19.68,14.48,14.73,13.83,13.88,14.64,14.7,12.7,12.71,0,,,,,AAPL_YF_GITHUB;CBOE_VXAPL;CBOE_VIX;CBOE_VIX9D
2023-06-15,182.5757739,185.1165084,182.3971205,184.6103363,65433200,20.41,20.81,19.85,19.94,14.09,14.52,13.79,14.5,13.02,13.96,12.74,13.58,0,,,,,AAPL_YF_GITHUB;CBOE_VXAPL;CBOE_VIX;CBOE_VIX9D
2023-06-16,185.3249118,185.5829651,182.883431,183.5285339,101235600,20.2,20.89,19.57,19.57,14.49,14.54,13.48,13.54,13.78,13.78,11.24,11.33,0,,,,,AAPL_YF_GITHUB;CBOE_VXAPL;CBOE_VIX;CBOE_VIX9D
2023-06-20,183.0223828,184.6996685,183.0223828,183.6178589,49799100,21.43,21.48,20.62,20.63,14.36,14.67,13.86,13.88,14.04,14.1,12.88,12.92,0,,,,,AAPL_YF_GITHUB;CBOE_VXAPL;CBOE_VIX;CBOE_VIX9D
2023-06-21,183.5086893,184.0148614,181.2160736,182.5757751,49515700,20.84,20.94,19.88,20.2,13.88,13.89,13.1,13.2,13.06,13.2,11.88,12.03,0,,,,,AAPL_YF_GITHUB;CBOE_VXAPL;CBOE_VIX;CBOE_VIX9D
2023-06-22,182.3574312,185.6425223,182.2879507,185.5928955,51245300,20.56,20.82,19.79,19.79,13.88,13.98,12.73,12.91,12.71,12.71,10.93,11.15,0,,,,,AAPL_YF_GITHUB;CBOE_VXAPL;CBOE_VIX;CBOE_VIX9D
2023-06-23,184.153797,186.1486669,183.6178519,185.2752838,53079300,20.7,20.9,19.67,20.0,13.24,13.8,12.88,13.44,12.13,12.21,10.95,11.61,0,,,,,AAPL_YF_GITHUB;CBOE_VXAPL;CBOE_VIX;CBOE_VIX9D
2023-06-26,185.4241747,186.6349958,183.836208,183.8759155,48088700,23.48,23.48,20.65,21.19,14.43,14.71,13.78,14.25,13.22,13.22,12.37,12.68,0,,,,,AAPL_YF_GITHUB;CBOE_VXAPL;CBOE_VIX;CBOE_VIX9D
2023-06-27,184.4912279,186.9724161,184.2728822,186.6448975,50730800,21.18,21.3,19.44,20.11,14.11,14.34,13.59,13.74,12.71,12.74,11.86,12.05,0,,,,,AAPL_YF_GITHUB;CBOE_VXAPL;CBOE_VIX;CBOE_VIX9D
2023-06-28,186.5158835,188.4710612,186.18838,187.8259583,51216800,20.48,21.04,19.86,19.98,13.9,13.96,13.36,13.43,12.09,12.17,11.52,11.74,0,,,,,AAPL_YF_GITHUB;CBOE_VXAPL;CBOE_VIX;CBOE_VIX9D
2023-06-29,187.6572342,188.6397902,187.5182882,188.1633911,46347300,20.69,21.6,20.69,21.4,13.64,13.85,13.41,13.54,12.16,12.38,11.59,11.75,0,,,,,AAPL_YF_GITHUB;CBOE_VXAPL;CBOE_VIX;CBOE_VIX9D
2023-06-30,190.1880786,193.0166246,189.8208524,192.5104675,85069600,21.51,21.75,20.93,21.74,13.51,13.59,12.96,13.59,11.71,11.71,10.67,11.53,0,,,,,AAPL_YF_GITHUB;CBOE_VXAPL;CBOE_VIX;CBOE_VIX9D
2023-07-03,192.3218852,192.4211388,190.3170807,191.0118256,31458200,24.16,24.54,23.44,23.76,13.85,13.85,13.47,13.57,12.8,12.81,11.9,12.0,0,,,,,AAPL_YF_GITHUB;CBOE_VXAPL;CBOE_VIX;CBOE_VIX9D
2023-07-05,190.1285194,191.5278982,189.1856556,189.8903198,46920300,25.63,25.68,25.22,25.22,14.19,14.74,14.05,14.18,13.42,13.43,12.51,12.57,0,,,,,AAPL_YF_GITHUB;CBOE_VXAPL;CBOE_VIX;CBOE_VIX9D
2023-07-06,188.4115064,190.5751104,187.7763228,190.366684,45094300,26.04,26.57,25.66,25.83,14.85,17.08,14.79,15.44,14.48,16.06,13.72,13.96,0,,,,,AAPL_YF_GITHUB;CBOE_VXAPL;CBOE_VIX;CBOE_VIX9D
2023-07-07,189.9696961,191.2202095,188.8085018,189.2451782,46778000,26.1,26.11,24.8,25.36,15.97,16.06,14.33,14.83,13.92,13.92,11.99,12.6,0,,,,,AAPL_YF_GITHUB;CBOE_VXAPL;CBOE_VIX;CBOE_VIX9D
2023-07-10,187.8358836,188.5604015,185.632587,187.1907806,59922200,26.31,27.21,26.31,26.64,16.08,16.21,15.04,15.07,14.3,14.42,13.45,13.5,0,,,,,AAPL_YF_GITHUB;CBOE_VXAPL;CBOE_VIX;CBOE_VIX9D
2023-07-11,187.7366396,187.8755855,185.1959051,186.6647644,46638100,26.57,26.87,26.39,26.53,15.02,15.25,14.63,14.84,13.36,13.92,13.29,13.7,0,,,,,AAPL_YF_GITHUB;CBOE_VXAPL;CBOE_VIX;CBOE_VIX9D
2023-07-12,188.252722,190.2575265,187.0518353,188.3420563,60750200,25.79,25.79,24.89,24.93,14.82,14.82,13.51,13.54,12.59,12.63,11.3,11.38,0,,,,,AAPL_YF_GITHUB;CBOE_VXAPL;CBOE_VIX;CBOE_VIX9D
2023-07-13,189.0665393,189.7513497,188.3519559,189.1062317,41342300,25.08,25.18,24.76,25.09,13.44,13.61,13.12,13.61,11.83,12.17,11.47,12.13,0,,,,,AAPL_YF_GITHUB;CBOE_VXAPL;CBOE_VIX;CBOE_VIX9D
2023-07-14,188.7985664,189.7414149,188.2030903,189.2551117,41573900,25.42,25.72,25.12,25.12,13.72,13.76,13.22,13.34,12.42,12.42,11.57,11.9,0,,,,,AAPL_YF_GITHUB;CBOE_VXAPL;CBOE_VIX;CBOE_VIX9D
2023-07-17,190.4560038,192.8578074,190.3666847,192.5302887,50520200,25.58,25.68,24.97,25.06,13.78,14.0,13.43,13.48,13.92,13.92,13.02,13.09,0,,,,,AAPL_YF_GITHUB;CBOE_VXAPL;CBOE_VIX;CBOE_VIX9D
2023-07-18,191.895117,192.8677386,190.972107,192.2722473,48353800,25.33,25.57,25.2,25.2,13.61,13.67,13.29,13.3,13.56,13.59,13.13,13.15,0,,,,,AAPL_YF_GITHUB;CBOE_VXAPL;CBOE_VIX;CBOE_VIX9D
2023-07-19,191.6470072,196.7383957,191.2003811,193.631958,80507300,25.44,27.11,25.44,26.15,13.32,13.84,13.12,13.76,13.33,13.75,13.22,13.36,0,,,,,AAPL_YF_GITHUB;CBOE_VXAPL;CBOE_VIX;CBOE_VIX9D
2023-07-20,193.6220163,194.9916372,191.0515087,191.6767731,59581200,26.19,26.71,25.75,26.64,13.96,14.23,13.58,13.99,13.83,14.01,13.15,13.57,0,,,,,AAPL_YF_GITHUB;CBOE_VXAPL;CBOE_VIX;CBOE_VIX9D
2023-07-21,192.639478,193.5029267,189.7910634,190.4957275,71917800,26.41,26.42,25.6,25.6,13.87,13.89,13.37,13.6,13.42,13.42,12.44,12.5,0,,,,,AAPL_YF_GITHUB;CBOE_VXAPL;CBOE_VIX;CBOE_VIX9D
2023-07-24,191.9546436,193.4433565,190.8033687,191.2996063,45377800,25.82,25.89,25.16,25.28,14.29,14.3,13.73,13.91,14.0,14.13,13.37,13.41,0,,,,,AAPL_YF_GITHUB;CBOE_VXAPL;CBOE_VIX;CBOE_VIX9D
2023-07-25,191.8752747,192.9769231,191.4683562,192.1630859,37283200,25.35,25.48,24.91,25.48,14.02,14.09,13.82,13.86,13.83,14.07,13.49,13.49,0,,,,,AAPL_YF_GITHUB;CBOE_VXAPL;CBOE_VIX;CBOE_VIX9D
2023-07-26,192.2127121,194.1678899,191.8653548,193.0364685,47471900,25.47,25.53,24.34,25.25,13.86,14.16,13.15,13.19,13.72,13.73,11.72,11.74,0,,,,,AAPL_YF_GITHUB;CBOE_VXAPL;CBOE_VIX;CBOE_VIX9D
2023-07-27,194.5450012,195.7161147,191.1011109,191.7660675,47460200,25.03,26.28,24.62,26.25,13.14,15.02,12.74,14.41,11.62,14.37,11.3,13.47,0,,,,,AAPL_YF_GITHUB;CBOE_VXAPL;CBOE_VIX;CBOE_VIX9D
2023-07-28,193.2051703,195.1504286,192.6791596,194.3564453,48291400,25.51,25.51,24.68,25.1,14.03,14.18,13.27,13.33,12.14,12.32,11.21,11.23,0,,,,,AAPL_YF_GITHUB;CBOE_VXAPL;CBOE_VIX;CBOE_VIX9D
2023-07-31,194.5847217,195.011494,193.7907384,194.9717865,38824100,25.95,26.19,25.8,25.86,13.98,14.09,13.57,13.63,13.04,13.28,12.5,12.62,0,,,,,AAPL_YF_GITHUB;CBOE_VXAPL;CBOE_VIX;CBOE_VIX9D
2023-08-01,194.7633563,195.2496595,193.8105734,194.138092,35175100,26.35,26.4,25.67,25.76,13.75,14.3,13.75,13.93,13.3,13.35,12.75,13.01,0,,,,,AAPL_YF_GITHUB;CBOE_VXAPL;CBOE_VIX;CBOE_VIX9D
2023-08-02,193.5723706,193.7113165,190.4063872,191.1308899,50389300,26.47,27.87,26.47,27.66,15.7,16.48,14.95,16.09,14.86,15.83,14.73,15.4,0,,,,,AAPL_YF_GITHUB;CBOE_VXAPL;CBOE_VIX;CBOE_VIX9D
2023-08-03,190.1285056,190.9224737,189.2551224,189.7315063,61235200,28.21,29.01,27.6,27.6,16.77,17.42,15.72,15.92,16.48,16.76,14.58,15.06,1,2023-06-30,1.19,1.26,0.05882353,AAPL_YF_GITHUB;CBOE_VXAPL;CBOE_VIX;CBOE_VIX9D;ALPHAQUERY_ZACKS_EARNINGS
2023-08-04,184.1240425,185.9700473,180.5511249,180.6206055,115799700,23.43,24.96,22.35,24.6,16.01,17.39,14.57,17.1,14.13,16.88,12.74,16.09,0,,,,,AAPL_YF_GITHUB;CBOE_VXAPL;CBOE_VIX;CBOE_VIX9D
2023-08-07,180.7595292,181.7520044,176.0154985,177.5042114,97576100,24.89,25.43,24.32,24.37,16.9,17.36,15.77,15.77,16.0,16.78,14.61,14.68,0,,,,,AAPL_YF_GITHUB;CBOE_VXAPL;CBOE_VIX;CBOE_VIX9D
2023-08-08,178.3378791,178.9135166,176.2437557,178.447052,67823000,25.06,25.98,23.91,24.06,16.28,18.14,15.96,15.99,16.03,17.66,14.81,14.81,0,,,,,AAPL_YF_GITHUB;CBOE_VXAPL;CBOE_VIX;CBOE_VIX9D
2023-08-09,179.5089933,179.5685394,175.6780382,176.8491669,60378500,23.79,25.16,23.47,24.9,15.81,16.87,15.38,15.96,14.88,16.59,14.5,15.33,0,,,,,AAPL_YF_GITHUB;CBOE_VXAPL;CBOE_VIX;CBOE_VIX9D
2023-08-10,178.1294611,179.389909,176.2636178,176.6308289,54686900,23.92,24.19,22.27,23.82,15.58,16.86,14.6,15.85,14.43,17.2,13.68,15.38,0,,,,,AAPL_YF_GITHUB;CBOE_VXAPL;CBOE_VIX;CBOE_VIX9D
2023-08-11,176.2233961,177.5153443,175.4581538,176.6904755,51988100,24.51,24.87,22.54,22.8,15.53,16.51,14.84,14.84,15.91,16.13,13.63,13.63,0,,,,,AAPL_YF_GITHUB;CBOE_VXAPL;CBOE_VIX;CBOE_VIX9D
2023-08-14,176.8693528,178.5787168,176.2134309,178.3501434,43675600,24.33,24.43,22.3,22.36,15.88,16.06,14.77,14.82,16.25,16.37,14.5,14.57,0,,,,,AAPL_YF_GITHUB;CBOE_VXAPL;CBOE_VIX;CBOE_VIX9D
2023-08-15,177.7737183,178.3699985,175.9550342,176.3525543,43622600,22.99,24.14,22.89,23.81,14.95,16.57,14.91,16.46,15.38,16.85,15.3,16.56,0,,,,,AAPL_YF_GITHUB;CBOE_VXAPL;CBOE_VIX;CBOE_VIX9D
2023-08-16,176.0345463,177.4358147,175.4084377,175.4780121,46964900,23.98,24.15,23.04,23.9,16.54,16.93,15.8,16.78,16.48,16.77,15.65,16.36,0,,,,,AAPL_YF_GITHUB;CBOE_VXAPL;CBOE_VIX;CBOE_VIX9D
2023-08-17,176.0445002,176.4122071,172.4071313,172.9239197,66062900,23.72,25.5,23.7,25.14,16.96,18.13,16.4,17.89,16.29,17.87,16.28,17.47,0,,,,,AAPL_YF_GITHUB;CBOE_VXAPL;CBOE_VIX;CBOE_VIX9D
2023-08-18,171.2344301,174.0171168,170.8965364,173.4108887,61114200,25.89,26.45,24.55,24.84,17.8,18.88,17.14,17.3,18.26,18.46,16.43,16.54,0,,,,,AAPL_YF_GITHUB;CBOE_VXAPL;CBOE_VIX;CBOE_VIX9D
2023-08-21,173.9872907,175.0407327,172.6655142,174.7525177,46311900,25.48,25.55,23.75,23.85,18.03,18.11,16.88,17.13,17.95,18.13,16.51,16.82,0,,,,,AAPL_YF_GITHUB;CBOE_VXAPL;CBOE_VIX;CBOE_VIX9D
2023-08-22,175.9649643,176.5811251,175.1599762,176.1339111,42084200,23.84,24.46,23.71,23.79,16.96,17.58,16.61,16.97,16.63,17.35,16.18,16.39,0,,,,,AAPL_YF_GITHUB;CBOE_VXAPL;CBOE_VIX;CBOE_VIX9D
2023-08-23,177.4159664,180.4272265,177.2271391,179.9998779,52722800,23.56,24.36,22.58,24.36,16.64,17.1,15.91,15.98,16.25,16.35,15.19,15.34,0,,,,,AAPL_YF_GITHUB;CBOE_VXAPL;CBOE_VIX;CBOE_VIX9D
2023-08-24,179.5526464,179.979995,174.9214625,175.2891846,54945800,23.0,24.96,22.91,24.87,15.57,17.32,15.48,17.2,14.88,16.14,14.79,16.1,0,,,,,AAPL_YF_GITHUB;CBOE_VXAPL;CBOE_VIX;CBOE_VIX9D
2023-08-25,176.2830127,178.0420554,174.7326628,177.5054016,51449600,24.48,24.87,22.69,22.82,17.21,17.36,15.45,15.68,15.98,16.23,13.78,13.78,0,,,,,AAPL_YF_GITHUB;CBOE_VXAPL;CBOE_VIX;CBOE_VIX9D
2023-08-28,178.9762349,179.4731427,177.4457657,179.0756226,43820700,23.42,23.72,22.43,22.43,16.24,16.28,15.0,15.08,14.79,14.79,13.52,13.53,0,,,,,AAPL_YF_GITHUB;CBOE_VXAPL;CBOE_VIX;CBOE_VIX9D
2023-08-29,178.5886601,183.7564982,178.3899,182.9813232,53003900,23.25,23.26,21.91,21.95,15.08,15.3,14.34,14.45,13.62,13.65,13.04,13.3,0,,,,,AAPL_YF_GITHUB;CBOE_VXAPL;CBOE_VIX;CBOE_VIX9D
2023-08-30,183.796255,186.6882619,183.5974949,186.4894867,60813900,22.06,22.89,21.77,21.82,14.53,14.7,13.83,13.88,13.33,13.57,12.28,12.42,0,,,,,AAPL_YF_GITHUB;CBOE_VXAPL;CBOE_VIX;CBOE_VIX9D
2023-08-31,186.6783319,187.9504147,186.3205576,186.7081451,60794500,22.19,22.41,21.51,22.3,13.98,14.0,13.44,13.57,12.44,12.47,11.67,11.79,0,,,,,AAPL_YF_GITHUB;CBOE_VXAPL;CBOE_VIX;CBOE_VIX9D
2023-09-01,188.3181128,188.7454462,187.1155893,188.2882996,45732600,21.42,21.85,20.7,20.91,13.56,13.56,13.02,13.09,11.66,11.71,10.44,10.45,0,,,,,AAPL_YF_GITHUB;CBOE_VXAPL;CBOE_VIX;CBOE_VIX9D
2023-09-05,187.1155934,188.8050768,186.4497388,188.5268097,45280000,22.58,22.86,21.65,21.74,14.15,14.47,13.7,14.01,13.44,13.59,12.62,12.89,0,,,,,AAPL_YF_GITHUB;CBOE_VXAPL;CBOE_VIX;CBOE_VIX9D
2023-09-06,187.2348463,187.6820755,180.3477118,181.7788086,81755800,22.35,24.75,22.25,24.72,14.27,15.3,14.13,14.45,13.24,14.76,12.9,13.1,0,,,,,AAPL_YF_GITHUB;CBOE_VXAPL;CBOE_VIX;CBOE_VIX9D
2023-09-07,174.0965977,177.1078727,172.4667409,176.4618835,112488800,28.44,32.53,26.71,27.01,14.81,15.69,14.4,14.4,14.84,15.11,13.1,13.1,0,,,,,AAPL_YF_GITHUB;CBOE_VXAPL;CBOE_VIX;CBOE_VIX9D
2023-09-08,177.2470107,179.1253215,176.6904612,177.0780487,65551300,26.47,26.48,24.29,24.81,14.22,14.87,13.58,13.84,13.35,13.35,12.15,12.38,0,,,,,AAPL_YF_GITHUB;CBOE_VXAPL;CBOE_VIX;CBOE_VIX9D
2023-09-11,178.9563634,179.1849367,176.2432361,178.2507477,58953100,25.09,25.63,24.16,24.44,14.17,14.33,13.74,13.8,13.83,14.05,13.15,13.27,0,,,,,AAPL_YF_GITHUB;CBOE_VXAPL;CBOE_VIX;CBOE_VIX9D
2023-09-12,178.3799603,179.0160017,173.7388435,175.2096863,90370200,24.95,25.92,24.19,24.28,14.02,14.42,13.71,14.23,13.91,14.26,13.28,14.05,0,,,,,AAPL_YF_GITHUB;CBOE_VXAPL;CBOE_VIX;CBOE_VIX9D
2023-09-13,175.4183623,176.203485,172.9040104,173.1325989,84267900,24.3,24.39,22.91,23.61,14.42,14.68,13.41,13.48,13.62,13.65,12.37,12.47,0,,,,,AAPL_YF_GITHUB;CBOE_VXAPL;CBOE_VIX;CBOE_VIX9D
2023-09-14,172.923923,175.010942,172.5065223,174.6531677,60895800,23.72,23.85,22.23,22.23,13.39,13.46,12.79,12.82,12.61,12.71,11.74,11.8,0,,,,,AAPL_YF_GITHUB;CBOE_VXAPL;CBOE_VIX;CBOE_VIX9D
2023-09-15,175.3885528,175.4084334,172.7450151,173.9276428,109205100,22.67,23.83,22.67,22.89,12.7,14.17,12.68,13.79,12.22,13.51,11.94,12.51,0,,,,,AAPL_YF_GITHUB;CBOE_VXAPL;CBOE_VIX;CBOE_VIX9D
2023-09-18,175.3885636,178.2706378,175.0804832,176.8693542,67257600,23.14,23.33,22.26,22.63,14.4,14.75,13.86,14.0,14.72,14.89,13.53,13.62,0,,,,,AAPL_YF_GITHUB;CBOE_VXAPL;CBOE_VIX;CBOE_VIX9D
2023-09-19,176.4221378,178.5190892,176.0345504,177.9625549,51826900,23.04,23.36,22.63,22.84,14.11,14.88,13.86,14.11,14.34,15.32,14.14,14.23,0,,,,,AAPL_YF_GITHUB;CBOE_VXAPL;CBOE_VIX;CBOE_VIX9D
2023-09-20,178.1513673,178.5886485,174.3152387,174.4046936,58436200,22.9,24.5,22.79,24.1,14.18,15.15,13.57,15.14,14.41,15.29,13.56,15.27,0,,,,,AAPL_YF_GITHUB;CBOE_VXAPL;CBOE_VIX;CBOE_VIX9D
2023-09-21,173.4705309,175.2097083,172.7847956,172.8543549,63047900,24.78,25.68,24.62,25.16,15.49,17.54,15.1,17.54,16.3,18.88,12.66,18.88,0,,,,,AAPL_YF_GITHUB;CBOE_VXAPL;CBOE_VIX;CBOE_VIX9D
2023-09-22,173.5897619,175.984861,172.9736011,173.7090149,56725400,25.08,25.43,23.83,25.25,17.31,17.41,15.93,17.2,17.74,17.93,15.68,17.51,0,,,,,AAPL_YF_GITHUB;CBOE_VXAPL;CBOE_VIX;CBOE_VIX9D
2023-09-25,173.122665,175.8755383,173.0729712,174.9910431,46172700,26.64,26.82,25.45,25.89,17.25,18.41,16.79,16.9,19.52,19.76,17.29,17.56,0,,,,,AAPL_YF_GITHUB;CBOE_VXAPL;CBOE_VIX;CBOE_VIX9D
2023-09-26,173.7388277,174.1164673,170.5983672,170.8965149,64588900,26.83,28.41,26.83,27.99,18.03,19.5,17.17,18.94,18.79,20.58,18.3,19.85,0,,,,,AAPL_YF_GITHUB;CBOE_VXAPL;CBOE_VIX;CBOE_VIX9D
2023-09-27,171.5524196,171.9698203,168.0045063,169.3759613,66921800,27.14,29.03,27.14,27.5,18.29,19.71,18.03,18.22,19.04,20.57,18.67,18.92,0,,,,,AAPL_YF_GITHUB;CBOE_VXAPL;CBOE_VIX;CBOE_VIX9D
2023-09-28,168.2927119,170.966078,166.5833481,169.6343689,56294400,29.25,29.33,26.89,27.27,18.22,18.77,17.06,17.34,20.1,20.13,17.39,17.63,0,,,,,AAPL_YF_GITHUB;CBOE_VXAPL;CBOE_VIX;CBOE_VIX9D
2023-09-29,170.9561417,171.9996509,169.2865238,170.1511536,51814200,26.83,27.72,26.19,27.24,16.87,17.74,15.83,17.52,16.18,17.7,15.33,17.2,0,,,,,AAPL_YF_GITHUB;CBOE_VXAPL;CBOE_VIX;CBOE_VIX9D
2023-10-02,170.1611086,173.2220624,169.8728935,172.6754608,52164500,30.14,30.14,28.34,28.68,17.31,18.55,16.93,17.61,19.07,19.13,16.4,17.61,0,,,,,AAPL_YF_GITHUB;CBOE_VXAPL;CBOE_VIX;CBOE_VIX9D
2023-10-03,171.1946677,172.5562054,169.763586,171.3338013,49594600,30.17,31.91,29.84,31.15,17.81,20.48,17.52,19.78,19.06,21.24,18.45,19.9,0,,,,,AAPL_YF_GITHUB;CBOE_VXAPL;CBOE_VIX;CBOE_VIX9D
2023-10-04,170.0319005,173.1326154,169.9126475,172.5860138,53020300,32.14,32.25,30.03,30.03,20.72,20.88,18.3,18.58,19.89,20.0,17.9,18.3,0,,,,,AAPL_YF_GITHUB;CBOE_VXAPL;CBOE_VIX;CBOE_VIX9D
2023-10-05,172.7151939,174.3649313,171.612058,173.8282776,48527900,30.57,31.23,29.7,29.77,18.67,19.58,18.26,18.49,18.38,19.71,18.17,18.36,0,,,,,AAPL_YF_GITHUB;CBOE_VXAPL;CBOE_VIX;CBOE_VIX9D
2023-10-06,172.7251371,176.8892265,172.1089612,176.3923187,57224100,30.26,31.13,28.12,28.38,18.73,19.93,17.19,17.45,19.18,19.57,16.11,16.29,0,,,,,AAPL_YF_GITHUB;CBOE_VXAPL;CBOE_VIX;CBOE_VIX9D
2023-10-09,175.7165308,177.9426831,174.7127825,177.8830566,42390800,29.8,29.92,27.85,27.91,19.54,19.6,17.56,17.7,18.81,19.07,17.27,17.88,0,,,,,AAPL_YF_GITHUB;CBOE_VXAPL;CBOE_VIX;CBOE_VIX9D
2023-10-10,176.9985586,178.6085349,176.8494771,177.2867584,43698000,28.17,28.46,27.49,27.77,17.7,17.86,16.51,17.03,17.59,17.6,16.34,17.11,0,,,,,AAPL_YF_GITHUB;CBOE_VXAPL;CBOE_VIX;CBOE_VIX9D
2023-10-11,177.0979232,178.7377279,176.5016429,178.6880341,47551100,27.79,28.19,27.0,27.03,16.95,17.78,16.09,16.09,16.22,17.74,15.16,15.17,0,,,,,AAPL_YF_GITHUB;CBOE_VXAPL;CBOE_VIX;CBOE_VIX9D
2023-10-12,178.9563659,181.2123162,177.932722,179.5924072,56743100,26.84,28.06,26.48,27.21,16.08,18.08,15.44,16.69,15.0,18.21,14.45,15.87,0,,,,,AAPL_YF_GITHUB;CBOE_VXAPL;CBOE_VIX;CBOE_VIX9D
2023-10-13,180.2980097,180.8048502,177.0382961,177.7439117,51427100,26.99,30.22,26.99,29.24,16.53,20.78,16.5,19.32,16.22,21.39,16.03,18.76,0,,,,,AAPL_YF_GITHUB;CBOE_VXAPL;CBOE_VIX;CBOE_VIX9D
2023-10-16,175.6569128,177.9725051,175.4183916,177.6147308,52517000,30.35,30.35,28.93,29.35,19.1,19.57,17.14,17.21,18.71,18.71,17.08,17.19,0,,,,,AAPL_YF_GITHUB;CBOE_VXAPL;CBOE_VIX;CBOE_VIX9D
2023-10-17,175.5575203,177.3165782,173.7189705,176.0544281,57549400,30.26,31.17,28.62,29.1,17.41,18.54,16.97,17.88,18.37,18.86,16.89,17.71,0,,,,,AAPL_YF_GITHUB;CBOE_VXAPL;CBOE_VIX;CBOE_VIX9D
2023-10-18,174.4941311,176.4817622,174.0270366,174.7525177,54764400,29.94,30.85,29.45,30.36,18.36,20.15,17.88,19.22,18.5,20.33,18.26,18.9,0,,,,,AAPL_YF_GITHUB;CBOE_VXAPL;CBOE_VIX;CBOE_VIX9D
2023-10-19,174.9512929,176.740164,174.1065587,174.3748932,59302900,30.28,31.32,29.43,31.22,19.73,21.4,18.55,21.4,19.19,21.58,18.37,21.46,0,,,,,AAPL_YF_GITHUB;CBOE_VXAPL;CBOE_VIX;CBOE_VIX9D
2023-10-20,174.2258013,174.3351216,171.5723156,171.8108368,64189300,31.31,33.01,30.92,31.45,21.59,21.83,20.42,21.71,21.11,22.03,19.83,20.76,0,,,,,AAPL_YF_GITHUB;CBOE_VXAPL;CBOE_VIX;CBOE_VIX9D
2023-10-23,169.8530285,172.9338478,168.8790783,171.9300995,55980100,31.95,33.19,30.03,30.73,21.83,23.08,19.48,20.37,22.69,23.42,20.11,20.69,0,,,,,AAPL_YF_GITHUB;CBOE_VXAPL;CBOE_VIX;CBOE_VIX9D
2023-10-24,171.9797831,172.5959439,170.3896722,172.3673706,43816600,30.43,30.8,29.63,29.69,20.03,20.24,18.65,18.97,20.16,20.75,18.8,19.31,0,,,,,AAPL_YF_GITHUB;CBOE_VXAPL;CBOE_VIX;CBOE_VIX9D
2023-10-25,170.8170298,171.9897249,169.5946257,170.0418549,57157000,30.1,31.87,29.93,30.83,19.39,21.24,18.86,20.19,19.59,21.96,19.59,20.49,0,,,,,AAPL_YF_GITHUB;CBOE_VXAPL;CBOE_VIX;CBOE_VIX9D
2023-10-26,169.3163691,170.3201327,164.6454386,165.8578949,70625300,31.81,33.89,31.41,32.78,21.78,21.96,20.22,20.68,21.72,22.65,20.61,20.8,0,,,,,AAPL_YF_GITHUB;CBOE_VXAPL;CBOE_VIX;CBOE_VIX9D
2023-10-27,165.877761,167.915086,165.7982539,167.179657,58499100,32.06,32.54,31.18,31.78,20.39,22.07,19.72,21.27,20.45,22.73,19.89,21.36,0,,,,,AAPL_YF_GITHUB;CBOE_VXAPL;CBOE_VIX;CBOE_VIX9D
2023-10-30,167.9747121,170.1114095,167.8256306,169.2368469,51131000,31.75,32.01,31.1,31.1,21.13,21.16,19.55,19.75,21.64,22.17,20.39,20.65,0,,,,,AAPL_YF_GITHUB;CBOE_VXAPL;CBOE_VIX;CBOE_VIX9D
2023-10-31,168.3026662,169.8430682,166.8616216,169.7138824,44846000,31.34,31.92,29.85,29.85,19.86,19.86,17.97,18.14,20.5,20.86,18.57,19.02,0,,,,,AAPL_YF_GITHUB;CBOE_VXAPL;CBOE_VIX;CBOE_VIX9D
2023-11-01,169.9424404,173.15246,169.067878,172.8940735,56934900,29.78,30.52,27.6,27.73,18.02,18.42,16.63,16.87,18.81,18.92,16.79,16.87,0,,,,,AAPL_YF_GITHUB;CBOE_VXAPL;CBOE_VIX;CBOE_VIX9D
2023-11-02,174.4345074,176.680525,174.3748809,176.4718323,77334800,27.19,27.69,26.53,27.69,16.59,16.62,15.58,15.66,16.29,16.31,15.0,15.16,1,2023-09-30,1.39,1.46,0.05035971,AAPL_YF_GITHUB;CBOE_VXAPL;CBOE_VIX;CBOE_VIX9D;ALPHAQUERY_ZACKS_EARNINGS
2023-11-03,173.1624415,175.7264876,172.2779462,175.5575256,79763700,22.66,22.77,21.49,21.93,15.7,15.83,14.91,14.91,14.87,15.42,13.71,13.71,0,,,,,AAPL_YF_GITHUB;CBOE_VXAPL;CBOE_VIX;CBOE_VIX9D
2023-11-06,175.2892014,178.3203269,175.1202546,178.1215668,63841300,22.45,22.45,21.42,21.42,15.39,15.58,14.84,14.89,15.31,15.64,14.45,14.53,0,,,,,AAPL_YF_GITHUB;CBOE_VXAPL;CBOE_VIX;CBOE_VIX9D
2023-11-07,178.0718539,181.3117021,177.8631611,180.6955414,70530000,21.83,21.98,20.6,20.86,15.1,15.17,14.71,14.81,14.68,14.92,14.29,14.43,0,,,,,AAPL_YF_GITHUB;CBOE_VXAPL;CBOE_VIX;CBOE_VIX9D
2023-11-08,181.2222575,182.3154454,180.466948,181.7589111,49340300,20.96,21.35,20.43,20.72,14.91,15.09,14.3,14.45,14.42,15.11,13.76,13.83,0,,,,,AAPL_YF_GITHUB;CBOE_VXAPL;CBOE_VIX;CBOE_VIX9D
2023-11-09,181.8284924,182.9813069,180.6855955,181.2818909,53763500,20.56,23.64,20.24,23.64,14.61,15.57,14.13,15.29,13.73,15.06,13.67,14.7,0,,,,,AAPL_YF_GITHUB;CBOE_VXAPL;CBOE_VIX;CBOE_VIX9D
2023-11-10,183.0731258,185.6604566,182.6352684,185.491272,66133400,20.83,21.23,20.2,20.3,15.09,15.45,14.16,14.17,14.07,14.42,12.78,12.78,0,,,,,AAPL_YF_GITHUB;CBOE_VXAPL;CBOE_VIX;CBOE_VIX9D
2023-11-13,184.91411,185.1230777,183.3119583,183.8990784,43627500,21.8,21.84,21.16,21.47,15.16,15.19,14.58,14.76,14.37,14.37,13.59,13.8,0,,,,,AAPL_YF_GITHUB;CBOE_VXAPL;CBOE_VIX;CBOE_VIX9D
2023-11-14,186.7849416,187.1929465,185.3917728,186.5262146,60108400,20.4,20.4,19.63,19.63,14.83,14.86,13.91,14.16,12.72,13.33,12.57,12.87,0,,,,,AAPL_YF_GITHUB;CBOE_VXAPL;CBOE_VIX;CBOE_VIX9D
2023-11-15,186.9342059,188.5761558,186.8645398,187.0934143,53790500,19.87,21.04,19.43,21.04,14.21,14.35,13.97,14.18,12.76,12.87,11.79,11.89,0,,,,,AAPL_YF_GITHUB;CBOE_VXAPL;CBOE_VIX;CBOE_VIX9D
2023-11-16,188.6458394,190.0290624,187.7303111,188.7851563,54412900,20.08,21.14,20.07,20.71,14.12,14.42,13.68,14.32,11.9,12.31,11.56,11.81,0,,,,,AAPL_YF_GITHUB;CBOE_VXAPL;CBOE_VIX;CBOE_VIX9D
2023-11-17,189.322511,189.4518821,187.6507085,188.7652435,50922700,20.78,21.01,20.12,20.35,14.18,14.19,13.67,13.8,11.86,11.86,10.67,10.67,0,,,,,AAPL_YF_GITHUB;CBOE_VXAPL;CBOE_VIX;CBOE_VIX9D
2023-11-20,188.964255,190.9744114,188.9543092,190.5166473,46505100,20.86,20.86,18.69,18.69,14.26,14.31,13.39,13.41,12.39,12.39,11.14,11.14,0,,,,,AAPL_YF_GITHUB;CBOE_VXAPL;CBOE_VIX;CBOE_VIX9D
2023-11-21,190.4768675,190.5863319,188.8150107,189.7106171,38134500,19.29,19.35,18.73,18.73,13.45,14.31,13.13,13.35,11.63,11.68,11.24,11.47,0,,,,,AAPL_YF_GITHUB;CBOE_VXAPL;CBOE_VIX;CBOE_VIX9D
2023-11-22,190.556465,191.989432,189.8996789,190.3773346,39617700,18.31,19.03,17.68,17.99,13.08,13.25,12.82,12.85,10.82,11.03,9.96,9.96,0,,,,,AAPL_YF_GITHUB;CBOE_VXAPL;CBOE_VIX;CBOE_VIX9D
2023-11-24,189.9394753,189.9693278,188.3273779,189.043869,24048300,18.72,19.18,18.62,18.84,13.03,13.17,12.45,12.46,11.2,11.2,9.8,9.83,0,,,,,AAPL_YF_GITHUB;CBOE_VXAPL;CBOE_VIX;CBOE_VIX9D
2023-11-27,188.9941172,189.7404609,187.9790855,188.8647461,40552600,19.23,19.41,18.48,18.48,13.14,13.28,12.64,12.69,11.91,11.98,11.25,11.27,0,,,,,AAPL_YF_GITHUB;CBOE_VXAPL;CBOE_VIX;CBOE_VIX9D
2023-11-28,188.8547987,190.1484641,188.4766464,189.4717712,38415400,18.99,19.13,18.17,18.21,12.78,14.3,12.56,12.69,11.7,13.67,11.34,11.52,0,,,,,AAPL_YF_GITHUB;CBOE_VXAPL;CBOE_VIX;CBOE_VIX9D
2023-11-29,189.9693324,191.1535335,188.0487487,188.4467926,43014200,17.96,19.03,17.87,18.57,12.71,13.1,12.48,12.98,11.77,12.54,11.71,12.05,0,,,,,AAPL_YF_GITHUB;CBOE_VXAPL;CBOE_VIX;CBOE_VIX9D
2023-11-30,188.914492,189.3921628,187.2725421,189.0239563,48794400,18.71,19.51,18.14,18.14,13.07,13.39,12.82,12.92,12.75,12.96,12.16,12.3,0,,,,,AAPL_YF_GITHUB;CBOE_VXAPL;CBOE_VIX;CBOE_VIX9D
2023-12-01,189.4021262,190.6261256,188.3074827,190.3076935,45679300,19.0,19.23,17.85,17.87,12.94,12.96,12.48,12.63,12.53,12.59,11.86,11.98,0,,,,,AAPL_YF_GITHUB;CBOE_VXAPL;CBOE_VIX;CBOE_VIX9D
2023-12-04,189.053822,189.123488,186.5361572,188.5065002,43389500,19.12,19.92,18.73,18.73,13.28,13.7,12.98,13.08,14.25,14.55,13.39,13.46,0,,,,,AAPL_YF_GITHUB;CBOE_VXAPL;CBOE_VIX;CBOE_VIX9D
2023-12-05,189.2827084,193.4522689,189.2528407,192.4770508,66628400,18.78,19.43,18.48,18.69,13.26,13.76,12.81,12.85,14.02,14.18,13.44,13.53,0,,,,,AAPL_YF_GITHUB;CBOE_VXAPL;CBOE_VIX;CBOE_VIX9D
2023-12-06,193.5020368,193.8105231,191.1734481,191.382431,41089700,18.55,18.86,18.37,18.45,12.78,13.03,12.64,12.97,13.68,13.92,13.51,13.67,0,,,,,AAPL_YF_GITHUB;CBOE_VXAPL;CBOE_VIX;CBOE_VIX9D
2023-12-07,192.6860424,194.0493587,192.6462289,193.3229218,47477700,18.42,18.84,18.18,18.38,13.17,13.28,12.95,13.06,13.8,13.93,13.64,13.73,0,,,,,AAPL_YF_GITHUB;CBOE_VXAPL;CBOE_VIX;CBOE_VIX9D
2023-12-08,193.2532417,195.0345236,192.7258267,194.7558899,53377300,18.33,18.67,17.62,17.62,13.14,13.24,12.35,12.35,13.06,13.26,12.21,12.21,0,,,,,AAPL_YF_GITHUB;CBOE_VXAPL;CBOE_VIX;CBOE_VIX9D
2023-12-11,192.1685541,192.5467064,190.4867907,192.238205,60943700,19.09,19.32,18.54,18.54,13.05,13.14,12.61,12.63,13.37,13.39,12.63,12.68,0,,,,,AAPL_YF_GITHUB;CBOE_VXAPL;CBOE_VIX;CBOE_VIX9D
2023-12-12,192.1387143,193.7707185,190.7853438,193.7607727,52696900,18.75,18.89,17.37,17.37,12.69,12.74,11.81,12.07,12.37,12.45,11.26,11.64,0,,,,,AAPL_YF_GITHUB;CBOE_VXAPL;CBOE_VIX;CBOE_VIX9D
2023-12-13,194.1389002,197.0347171,193.90008,196.9949188,70404200,17.7,21.7,17.45,17.45,12.2,12.46,11.82,12.19,12.06,12.63,11.48,12.43,0,,,,,AAPL_YF_GITHUB;CBOE_VXAPL;CBOE_VIX;CBOE_VIX9D
2023-12-14,197.0546227,198.6468133,195.2036899,197.1441803,66831600,17.6,18.5,17.52,17.97,11.96,12.74,11.84,12.48,11.89,12.72,11.55,12.29,0,,,,,AAPL_YF_GITHUB;CBOE_VXAPL;CBOE_VIX;CBOE_VIX9D
2023-12-15,196.5670133,197.4327671,196.0395983,196.6068268,128256700,18.26,18.6,17.7,17.7,12.12,12.54,12.01,12.28,11.44,11.78,10.47,10.87,0,,,,,AAPL_YF_GITHUB;CBOE_VXAPL;CBOE_VIX;CBOE_VIX9D
2023-12-18,195.1340195,195.6713954,193.4423104,194.9349976,55751900,18.23,18.9,17.88,17.9,12.62,12.64,12.4,12.56,11.83,12.06,11.43,11.44,0,,,,,AAPL_YF_GITHUB;CBOE_VXAPL;CBOE_VIX;CBOE_VIX9D
2023-12-19,195.2036928,195.9898347,194.9350048,195.9798889,40714100,17.88,18.49,17.88,17.96,12.6,12.6,12.33,12.53,11.38,11.43,11.02,11.25,0,,,,,AAPL_YF_GITHUB;CBOE_VXAPL;CBOE_VIX;CBOE_VIX9D
2023-12-20,195.9400887,196.7162849,193.880188,193.880188,52242800,18.09,18.83,17.64,18.71,12.63,13.93,12.29,13.67,11.2,13.79,10.85,13.67,0,,,,,AAPL_YF_GITHUB;CBOE_VXAPL;CBOE_VIX;CBOE_VIX9D
2023-12-21,195.1439866,196.1192047,192.556656,193.730896,46482500,18.41,19.8,18.33,18.81,13.4,14.49,13.34,13.65,12.97,14.54,12.87,13.11,0,,,,,AAPL_YF_GITHUB;CBOE_VXAPL;CBOE_VIX;CBOE_VIX9D
2023-12-22,194.228473,194.4573626,192.0292554,192.656189,37122800,18.95,19.56,18.88,19.12,13.72,13.96,13.0,13.03,12.99,13.16,11.49,11.56,0,,,,,AAPL_YF_GITHUB;CBOE_VXAPL;CBOE_VIX;CBOE_VIX9D
2023-12-26,192.6661237,192.9447574,191.8899275,192.1088562,28919300,20.38,20.5,19.53,19.73,13.77,13.8,12.96,12.99,13.62,13.63,12.36,12.45,0,,,,,AAPL_YF_GITHUB;CBOE_VXAPL;CBOE_VIX;CBOE_VIX9D
2023-12-27,191.5515879,192.5566585,190.158404,192.2083588,48087700,19.58,19.95,19.52,19.83,13.02,13.04,12.37,12.43,12.56,12.56,11.22,11.23,0,,,,,AAPL_YF_GITHUB;CBOE_VXAPL;CBOE_VIX;CBOE_VIX9D
2023-12-28,193.1935437,193.7110129,192.2282714,192.6362762,34049900,20.29,20.3,19.76,20.0,12.44,12.65,12.38,12.47,11.51,11.61,11.17,11.23,0,,,,,AAPL_YF_GITHUB;CBOE_VXAPL;CBOE_VIX;CBOE_VIX9D
2023-12-29,192.9547011,193.4522635,190.795282,191.5913849,42628800,20.53,21.04,19.92,20.27,12.55,13.19,12.36,12.45,11.57,12.21,10.67,10.67,0,,,,,AAPL_YF_GITHUB;CBOE_VXAPL;CBOE_VIX;CBOE_VIX9D
2024-01-02,186.2376031,187.5213226,182.9935017,184.7349701,82488700,25.45,25.71,24.35,24.89,13.22,14.23,13.1,13.2,13.71,13.93,12.55,12.59,0,,,,,AAPL_YF_GITHUB;CBOE_VXAPL;CBOE_VIX;CBOE_VIX9D
2024-01-03,183.3219083,184.9738193,182.5357512,183.3517609,58414500,26.0,26.07,25.18,25.19,13.35,14.22,13.33,14.04,13.26,13.6,12.71,13.24,0,,,,,AAPL_YF_GITHUB;CBOE_VXAPL;CBOE_VIX;CBOE_VIX9D
2024-01-04,181.2619831,182.1974029,179.9981855,181.0231628,71983600,26.01,26.2,25.72,25.72,13.93,14.2,13.64,14.13,13.57,13.59,12.75,13.06,0,,,,,AAPL_YF_GITHUB;CBOE_VXAPL;CBOE_VIX;CBOE_VIX9D
2024-01-05,181.102771,181.8690062,179.2916366,180.2967072,62303300,25.87,25.87,24.91,24.91,14.24,14.58,13.29,13.35,12.52,12.54,11.71,11.71,0,,,,,AAPL_YF_GITHUB;CBOE_VXAPL;CBOE_VIX;CBOE_VIX9D
2024-01-08,181.2022805,184.6951785,180.6151605,184.655365,59144500,25.98,26.12,24.65,24.65,14.0,14.18,13.02,13.08,12.91,12.99,11.68,11.7,0,,,,,AAPL_YF_GITHUB;CBOE_VXAPL;CBOE_VIX;CBOE_VIX9D
2024-01-09,183.023358,184.2473573,181.839157,184.2374115,42841800,25.28,25.87,24.99,24.99,13.2,13.45,12.74,12.76,12.03,12.2,11.33,11.35,0,,,,,AAPL_YF_GITHUB;CBOE_VXAPL;CBOE_VIX;CBOE_VIX9D
2024-01-10,183.4512616,185.4912553,183.0233501,185.2822876,46792900,25.14,25.19,24.53,24.53,12.86,12.95,12.67,12.69,11.41,11.53,11.0,11.09,0,,,,,AAPL_YF_GITHUB;CBOE_VXAPL;CBOE_VIX;CBOE_VIX9D
2024-01-11,185.6305921,186.1381155,182.7248292,184.6852264,49128400,24.49,25.56,24.49,25.16,12.64,13.31,12.35,12.44,10.88,12.37,10.55,10.75,0,,,,,AAPL_YF_GITHUB;CBOE_VXAPL;CBOE_VIX;CBOE_VIX9D
2024-01-12,185.1529277,185.8296205,184.2871739,185.0136108,40444700,24.55,24.86,24.38,24.38,12.66,13.08,12.47,12.7,10.99,11.62,10.34,10.52,0,,,,,AAPL_YF_GITHUB;CBOE_VXAPL;CBOE_VIX;CBOE_VIX9D
2024-01-16,181.2719371,183.36169,180.0479226,182.7347717,65603000,26.33,27.01,25.66,25.66,14.12,14.35,13.52,13.84,13.1,13.62,12.46,12.64,0,,,,,AAPL_YF_GITHUB;CBOE_VXAPL;CBOE_VIX;CBOE_VIX9D
2024-01-17,180.3862989,182.0381947,179.4210265,181.7894135,47317400,26.73,27.33,26.25,26.3,14.59,15.4,14.38,14.79,14.11,14.54,13.17,13.32,0,,,,,AAPL_YF_GITHUB;CBOE_VXAPL;CBOE_VIX;CBOE_VIX9D
2024-01-18,185.1827778,188.2179116,184.9240509,187.7104034,78005800,25.42,25.8,25.08,25.08,14.85,14.89,13.89,14.13,13.3,13.81,12.66,12.66,0,,,,,AAPL_YF_GITHUB;CBOE_VXAPL;CBOE_VIX;CBOE_VIX9D
2024-01-19,188.4069897,191.014212,187.8994815,190.6261139,68741000,25.05,25.29,24.08,24.08,13.8,14.58,13.28,13.3,12.59,13.05,11.81,11.82,0,,,,,AAPL_YF_GITHUB;CBOE_VXAPL;CBOE_VIX;CBOE_VIX9D
2024-01-22,191.3625031,194.3777301,191.3226896,192.9447479,60133900,24.6,24.89,24.11,24.11,13.77,13.84,13.17,13.19,13.72,13.89,13.15,13.18,0,,,,,AAPL_YF_GITHUB;CBOE_VXAPL;CBOE_VIX;CBOE_VIX9D
2024-01-23,194.0692614,194.7956983,192.8850604,194.2284698,42355600,24.0,24.24,23.32,23.32,13.2,13.29,12.53,12.55,13.58,13.68,12.47,12.49,0,,,,,AAPL_YF_GITHUB;CBOE_VXAPL;CBOE_VIX;CBOE_VIX9D
2024-01-24,194.4672861,195.4226125,193.3925495,193.5517731,53631300,23.3,23.96,23.16,23.9,12.66,13.18,12.41,13.14,12.81,13.59,12.55,13.58,0,,,,,AAPL_YF_GITHUB;CBOE_VXAPL;CBOE_VIX;CBOE_VIX9D
2024-01-25,194.2682728,195.3131569,192.1685588,193.2233887,54822100,23.84,24.63,23.79,24.3,13.18,13.58,13.06,13.45,13.45,14.07,13.43,13.74,0,,,,,AAPL_YF_GITHUB;CBOE_VXAPL;CBOE_VIX;CBOE_VIX9D
2024-01-26,193.3229053,193.8105068,191.0042627,191.4819183,44594000,24.42,24.72,24.22,24.52,13.73,14.1,13.2,13.26,13.88,13.92,12.95,13.07,0,,,,,AAPL_YF_GITHUB;CBOE_VXAPL;CBOE_VIX;CBOE_VIX9D
2024-01-29,191.0739066,191.2629827,188.6557606,190.7952728,47145600,25.24,25.66,25.05,25.48,13.98,15.35,13.59,13.6,14.64,14.65,13.88,13.95,0,,,,,AAPL_YF_GITHUB;CBOE_VXAPL;CBOE_VIX;CBOE_VIX9D
2024-01-30,190.009147,190.864955,186.5560625,187.1232758,55859400,25.72,28.3,25.62,28.3,13.69,13.74,13.23,13.31,14.07,14.21,13.62,13.72,0,,,,,AAPL_YF_GITHUB;CBOE_VXAPL;CBOE_VIX;CBOE_VIX9D
2024-01-31,186.1281514,186.1878717,183.4512782,183.5010223,55467800,26.63,29.43,26.51,26.69,13.42,14.61,13.18,14.35,13.54,15.05,13.51,14.55,0,,,,,AAPL_YF_GITHUB;CBOE_VXAPL;CBOE_VIX;CBOE_VIX9D
2024-02-01,183.0930321,186.0385932,182.9238627,185.9490356,64885400,27.23,28.12,26.34,28.12,14.21,14.63,13.87,13.88,14.32,14.76,13.22,13.28,1,2023-12-31,2.09,2.18,0.0430622,AAPL_YF_GITHUB;CBOE_VXAPL;CBOE_VIX;CBOE_VIX9D;ALPHAQUERY_ZACKS_EARNINGS
2024-02-02,178.9831513,186.416735,178.3761246,184.9439545,102518000,22.2,22.74,21.84,21.97,13.95,14.23,13.39,13.85,13.56,13.72,12.63,13.04,0,,,,,AAPL_YF_GITHUB;CBOE_VXAPL;CBOE_VIX;CBOE_VIX9D
2024-02-05,187.2327245,188.3273679,184.9339887,186.7650146,69668800,22.71,23.27,21.89,21.91,14.37,14.53,13.58,13.67,14.1,14.63,13.25,13.35,0,,,,,AAPL_YF_GITHUB;CBOE_VXAPL;CBOE_VIX;CBOE_VIX9D
2024-02-06,185.9490292,188.387082,185.8594716,188.3771362,43490800,22.04,22.21,20.84,20.84,13.57,13.78,12.98,13.06,13.18,13.58,12.26,12.46,0,,,,,AAPL_YF_GITHUB;CBOE_VXAPL;CBOE_VIX;CBOE_VIX9D
2024-02-07,189.7106021,190.1186069,187.6904999,188.4866028,53439000,20.9,21.1,20.23,20.23,13.06,13.13,12.81,12.83,12.38,13.17,11.95,11.96,0,,,,,AAPL_YF_GITHUB;CBOE_VXAPL;CBOE_VIX;CBOE_VIX9D
2024-02-08,188.4666922,188.6159548,186.4366442,187.4019165,40962000,20.82,21.02,20.14,20.43,12.95,13.17,12.74,12.79,12.34,12.34,11.56,11.6,0,,,,,AAPL_YF_GITHUB;CBOE_VXAPL;CBOE_VIX;CBOE_VIX9D
2024-02-09,187.9698526,189.305033,187.3222021,188.1691437,45155200,20.69,20.84,19.93,19.93,12.79,13.01,12.69,12.93,11.96,11.96,11.25,11.61,0,,,,,AAPL_YF_GITHUB;CBOE_VXAPL;CBOE_VIX;CBOE_VIX9D
2024-02-12,187.7406757,187.9897743,186.1165476,186.4752502,41781900,20.93,21.32,20.92,21.26,13.48,13.94,13.34,13.93,12.61,13.23,12.49,13.03,0,,,,,AAPL_YF_GITHUB;CBOE_VXAPL;CBOE_VIX;CBOE_VIX9D
2024-02-13,185.1002428,185.5386589,182.8483811,184.3728638,56529500,21.53,22.93,21.34,21.92,13.96,17.94,13.43,15.85,14.05,18.2,13.59,15.0,0,,,,,AAPL_YF_GITHUB;CBOE_VXAPL;CBOE_VIX;CBOE_VIX9D
2024-02-14,184.6518638,184.8610982,181.7822424,183.4860687,54630500,21.82,22.44,21.46,22.28,15.38,15.47,14.22,14.38,13.68,14.36,12.79,12.92,0,,,,,AAPL_YF_GITHUB;CBOE_VXAPL;CBOE_VIX;CBOE_VIX9D
2024-02-15,182.8882484,183.8248618,180.6961831,183.1971283,65434500,22.33,22.97,21.72,22.48,14.27,14.64,13.94,14.01,13.0,13.41,12.42,12.47,0,,,,,AAPL_YF_GITHUB;CBOE_VXAPL;CBOE_VIX;CBOE_VIX9D
2024-02-16,182.7587087,184.1835609,181.015018,181.65271,49701400,22.97,23.52,22.53,23.25,13.94,14.71,13.75,14.24,13.07,13.45,11.91,12.57,0,,,,,AAPL_YF_GITHUB;CBOE_VXAPL;CBOE_VIX;CBOE_VIX9D
2024-02-20,181.1345773,181.7722692,179.3510375,180.9054108,53665600,24.36,24.61,23.52,23.52,15.09,15.91,15.07,15.42,14.65,15.72,14.54,14.85,0,,,,,AAPL_YF_GITHUB;CBOE_VXAPL;CBOE_VIX;CBOE_VIX9D
2024-02-21,181.2840544,182.2306263,180.0086704,181.6626892,41529700,23.95,23.97,23.17,23.24,15.54,16.12,15.22,15.34,15.44,15.73,14.46,14.65,0,,,,,AAPL_YF_GITHUB;CBOE_VXAPL;CBOE_VIX;CBOE_VIX9D
2024-02-22,182.8184707,184.2931456,181.8021592,183.7052612,52292200,22.81,22.85,21.47,21.51,14.28,14.64,14.12,14.54,13.18,13.79,12.86,13.17,0,,,,,AAPL_YF_GITHUB;CBOE_VXAPL;CBOE_VIX;CBOE_VIX9D
2024-02-23,184.3429667,184.3728573,181.5729908,181.8619537,45119700,21.48,21.93,21.21,21.72,14.31,14.31,13.64,13.75,12.76,13.03,11.79,11.92,0,,,,,AAPL_YF_GITHUB;CBOE_VXAPL;CBOE_VIX;CBOE_VIX9D
2024-02-26,181.5829745,182.1010888,179.9986954,180.5068665,40867400,21.95,22.12,21.3,21.3,14.17,14.2,13.66,13.74,13.47,13.6,13.02,13.13,0,,,,,AAPL_YF_GITHUB;CBOE_VXAPL;CBOE_VIX;CBOE_VIX9D
2024-02-27,180.4470902,183.2569154,178.9126338,181.9715729,54318900,21.52,22.01,21.52,21.74,13.63,13.75,13.41,13.43,13.34,13.41,12.84,12.84,0,,,,,AAPL_YF_GITHUB;CBOE_VXAPL;CBOE_VIX;CBOE_VIX9D
2024-02-28,181.8519968,182.4597982,179.4805877,180.7659302,48953900,21.96,22.61,21.9,21.9,13.52,13.9,13.44,13.84,13.36,13.52,12.82,13.52,0,,,,,AAPL_YF_GITHUB;CBOE_VXAPL;CBOE_VIX;CBOE_VIX9D
2024-02-29,180.6164724,181.9117886,178.8827401,180.0983429,136682600,21.84,22.4,21.45,21.52,14.14,14.15,13.3,13.4,13.03,13.41,12.18,12.48,0,,,,,AAPL_YF_GITHUB;CBOE_VXAPL;CBOE_VIX;CBOE_VIX9D
2024-03-01,178.902664,179.8791266,176.7404895,179.0122681,73488000,21.86,22.56,21.61,21.93,13.34,13.66,13.08,13.11,12.55,12.94,11.78,11.82,0,,,,,AAPL_YF_GITHUB;CBOE_VXAPL;CBOE_VIX;CBOE_VIX9D
2024-03-04,175.5149064,176.2622024,173.1634145,174.4687042,81510100,22.74,24.03,22.74,23.76,13.49,13.58,13.32,13.49,13.46,13.48,13.01,13.23,0,,,,,AAPL_YF_GITHUB;CBOE_VXAPL;CBOE_VIX;CBOE_VIX9D
2024-03-05,170.1443601,171.4197442,169.0084707,169.5066681,95132400,24.58,25.11,24.43,24.99,13.75,15.1,13.75,14.46,13.9,15.82,13.81,14.88,0,,,,,AAPL_YF_GITHUB;CBOE_VXAPL;CBOE_VIX;CBOE_VIX9D
2024-03-06,170.4432619,170.6226208,168.0718378,168.5102539,68587700,24.74,25.26,24.25,25.1,14.27,14.93,13.89,14.5,14.33,15.84,14.27,14.88,0,,,,,AAPL_YF_GITHUB;CBOE_VXAPL;CBOE_VIX;CBOE_VIX9D
2024-03-07,168.5401544,170.1144598,167.8825455,168.3907013,71765100,24.85,25.15,24.43,24.64,14.98,14.98,14.25,14.44,14.83,15.12,14.47,14.55,0,,,,,AAPL_YF_GITHUB;CBOE_VXAPL;CBOE_VIX;CBOE_VIX9D
2024-03-08,168.3907128,173.0737651,168.3309315,170.1144714,76114600,24.54,24.58,23.79,24.21,14.22,15.53,13.97,14.74,14.21,15.72,14.1,14.63,0,,,,,AAPL_YF_GITHUB;CBOE_VXAPL;CBOE_VIX;CBOE_VIX9D
2024-03-11,172.3164994,173.7513102,171.4297088,172.127182,60139500,25.03,25.21,23.79,23.87,15.51,16.04,15.13,15.22,16.89,17.5,16.2,16.46,0,,,,,AAPL_YF_GITHUB;CBOE_VXAPL;CBOE_VIX;CBOE_VIX9D
2024-03-12,172.5257248,173.402557,170.3934409,172.6054382,59825400,23.81,23.81,22.52,22.63,14.97,15.2,13.81,13.84,14.96,15.87,14.0,14.07,0,,,,,AAPL_YF_GITHUB;CBOE_VXAPL;CBOE_VIX;CBOE_VIX9D
2024-03-13,172.1471177,172.5656017,170.1443546,170.513031,52488700,22.69,23.21,22.48,22.75,13.89,14.04,13.67,13.75,14.21,14.46,13.9,14.1,0,,,,,AAPL_YF_GITHUB;CBOE_VXAPL;CBOE_VIX;CBOE_VIX9D
2024-03-14,172.2865946,173.681541,171.4296946,172.3762665,72913500,22.59,23.05,22.06,22.83,13.62,15.33,13.42,14.4,13.82,16.37,13.8,14.87,0,,,,,AAPL_YF_GITHUB;CBOE_VXAPL;CBOE_VIX;CBOE_VIX9D
2024-03-15,170.5528809,171.9976501,169.6760486,171.9976501,121664700,23.23,23.54,22.22,22.22,14.33,15.53,14.14,14.41,15.3,15.99,14.12,14.16,0,,,,,AAPL_YF_GITHUB;CBOE_VXAPL;CBOE_VIX;CBOE_VIX9D
2024-03-18,174.9370252,177.0693093,172.8944131,173.093689,75604200,23.3,23.36,22.52,23.23,14.75,14.85,14.26,14.33,15.11,15.18,14.41,14.5,0,,,,,AAPL_YF_GITHUB;CBOE_VXAPL;CBOE_VIX;CBOE_VIX9D
2024-03-19,173.7114581,175.9732784,172.4061834,175.4451904,55215200,23.46,23.48,22.09,22.17,14.5,14.86,13.8,13.82,14.73,14.85,13.59,13.64,0,,,,,AAPL_YF_GITHUB;CBOE_VXAPL;CBOE_VIX;CBOE_VIX9D
2024-03-20,175.0864569,178.0258179,174.4587234,178.0258179,53423100,22.43,24.07,21.05,21.1,13.83,14.17,13.01,13.04,14.24,14.34,11.58,11.58,0,,,,,AAPL_YF_GITHUB;CBOE_VXAPL;CBOE_VIX;CBOE_VIX9D
2024-03-21,176.4116812,176.8500973,170.2240635,170.7521515,106181300,21.17,24.82,20.98,24.3,12.98,13.08,12.4,12.92,11.08,11.71,11.08,11.17,0,,,,,AAPL_YF_GITHUB;CBOE_VXAPL;CBOE_VIX;CBOE_VIX9D
2024-03-22,171.1407298,172.4260873,169.446862,171.6588593,71106600,24.24,25.03,22.63,23.1,12.92,13.15,12.58,13.06,11.45,11.46,10.49,10.86,0,,,,,AAPL_YF_GITHUB;CBOE_VXAPL;CBOE_VIX;CBOE_VIX9D
2024-03-25,169.95505,171.3201059,168.8390776,170.2340393,54288300,24.23,24.52,22.85,23.32,13.67,13.67,13.11,13.19,12.14,12.14,11.35,11.47,0,,,,,AAPL_YF_GITHUB;CBOE_VXAPL;CBOE_VIX;CBOE_VIX9D
2024-03-26,169.3870923,170.8019709,168.9686084,169.0981445,57388400,23.74,23.75,22.67,22.94,13.12,13.43,12.84,13.24,11.64,11.99,11.08,11.59,0,,,,,AAPL_YF_GITHUB;CBOE_VXAPL;CBOE_VIX;CBOE_VIX9D
2024-03-27,169.7956118,172.9741131,169.4966904,172.6851501,60273300,22.79,22.8,22.01,22.14,13.13,13.34,12.66,12.78,11.04,11.54,10.33,10.53,0,,,,,AAPL_YF_GITHUB;CBOE_VXAPL;CBOE_VIX;CBOE_VIX9D
2024-03-28,171.1307862,171.6090514,169.8952513,170.8617554,65672700,23.04,23.28,22.5,22.59,12.93,13.1,12.84,13.01,11.06,11.07,10.47,10.56,0,,,,,AAPL_YF_GITHUB;CBOE_VXAPL;CBOE_VIX;CBOE_VIX9D
2024-04-01,170.5728137,170.632595,168.8689721,169.4169922,46240500,26.66,27.04,25.92,26.55,13.61,14.15,13.55,13.65,13.1,13.48,12.61,12.62,0,,,,,AAPL_YF_GITHUB;CBOE_VXAPL;CBOE_VIX;CBOE_VIX9D
2024-04-02,168.4704177,168.7294748,167.6234761,168.2312775,49329500,27.6,28.0,26.54,27.27,13.74,15.43,13.68,14.61,14.43,15.51,14.01,14.03,0,,,,,AAPL_YF_GITHUB;CBOE_VXAPL;CBOE_VIX;CBOE_VIX9D
2024-04-03,168.1814453,170.0646306,167.972211,169.0383453,47691700,27.94,28.03,26.79,27.4,15.0,15.18,14.25,14.33,14.78,14.78,13.24,13.27,0,,,,,AAPL_YF_GITHUB;CBOE_VXAPL;CBOE_VIX;CBOE_VIX9D
2024-04-04,169.676051,171.3001793,168.2113647,168.2113647,53704400,27.46,28.56,26.34,28.56,14.29,16.92,13.74,16.35,13.0,18.14,12.48,17.14,0,,,,,AAPL_YF_GITHUB;CBOE_VXAPL;CBOE_VIX;CBOE_VIX9D
2024-04-05,168.9785559,169.7756746,168.340864,168.9685974,42055200,28.38,28.56,26.98,27.59,16.45,16.75,15.53,16.03,16.75,17.0,15.02,15.46,0,,,,,AAPL_YF_GITHUB;CBOE_VXAPL;CBOE_VIX;CBOE_VIX9D
2024-04-08,168.4205926,168.5899779,167.6334475,167.8426819,37425500,28.14,28.25,26.68,27.49,16.24,16.5,15.11,15.19,16.17,16.54,14.55,14.56,0,,,,,AAPL_YF_GITHUB;CBOE_VXAPL;CBOE_VIX;CBOE_VIX9D
2024-04-09,168.0917693,169.4667988,167.7430403,169.0582733,42451200,27.39,27.48,26.66,26.66,15.34,16.63,14.94,14.98,14.66,17.43,14.57,14.7,0,,,,,AAPL_YF_GITHUB;CBOE_VXAPL;CBOE_VIX;CBOE_VIX9D
2024-04-10,168.1914214,168.4803692,166.507512,167.1750946,49709300,27.02,27.54,26.84,27.4,15.24,16.62,14.59,15.8,16.17,17.07,14.58,15.81,0,,,,,AAPL_YF_GITHUB;CBOE_VXAPL;CBOE_VIX;CBOE_VIX9D
2024-04-11,167.7330789,174.8274194,167.5537351,174.4089203,91070300,27.64,27.81,26.68,27.07,16.02,17.61,14.91,14.91,15.9,17.18,14.17,14.18,0,,,,,AAPL_YF_GITHUB;CBOE_VXAPL;CBOE_VIX;CBOE_VIX9D
2024-04-12,173.6317303,177.7169546,173.5819228,175.9134827,101593300,27.65,29.64,27.51,28.88,14.91,19.2,14.91,17.31,17.62,20.78,17.06,17.33,0,,,,,AAPL_YF_GITHUB;CBOE_VXAPL;CBOE_VIX;CBOE_VIX9D
2024-04-15,174.72777,175.9931955,171.8780807,172.0673981,73531800,29.04,30.4,28.15,30.18,16.94,19.46,16.26,19.23,16.85,21.24,16.3,20.76,0,,,,,AAPL_YF_GITHUB;CBOE_VXAPL;CBOE_VIX;CBOE_VIX9D
2024-04-16,171.1307834,173.1335312,167.6633342,168.7693329,73711200,30.37,31.7,30.1,30.91,19.49,19.56,17.64,18.4,20.57,21.32,18.49,19.24,0,,,,,AAPL_YF_GITHUB;CBOE_VXAPL;CBOE_VIX;CBOE_VIX9D
2024-04-17,168.9984984,170.0347421,167.3943024,167.3943024,50901200,30.77,31.35,30.46,31.12,18.24,19.11,17.54,18.21,18.9,19.59,17.54,18.1,0,,,,,AAPL_YF_GITHUB;CBOE_VXAPL;CBOE_VIX;CBOE_VIX9D
2024-04-18,167.4241802,168.0319816,165.9495205,166.4377441,43122900,31.0,31.18,30.48,30.87,17.91,18.37,17.21,18.0,17.85,18.64,17.13,17.88,0,,,,,AAPL_YF_GITHUB;CBOE_VXAPL;CBOE_VIX;CBOE_VIX9D
2024-04-19,165.6107651,165.8000673,163.4884396,164.4051208,67772100,31.04,31.5,30.81,31.18,21.33,21.36,18.17,18.71,19.49,19.56,18.11,18.13,0,,,,,AAPL_YF_GITHUB;CBOE_VXAPL;CBOE_VIX;CBOE_VIX9D
2024-04-22,164.9232423,166.6569592,164.1759463,165.2420807,48116400,30.75,30.93,28.51,29.26,18.59,18.72,16.69,16.94,19.02,19.2,17.15,17.45,0,,,,,AAPL_YF_GITHUB;CBOE_VXAPL;CBOE_VIX;CBOE_VIX9D
2024-04-23,164.753864,166.4477319,164.3254064,166.2982635,49537800,29.32,29.39,28.49,28.7,16.72,16.76,15.69,15.69,17.32,17.39,16.25,16.25,0,,,,,AAPL_YF_GITHUB;CBOE_VXAPL;CBOE_VIX;CBOE_VIX9D
2024-04-24,165.9395596,168.6896186,165.6107627,168.4106293,48251800,28.65,28.91,28.31,28.87,15.76,16.38,15.58,15.97,16.6,17.14,15.85,16.29,0,,,,,AAPL_YF_GITHUB;CBOE_VXAPL;CBOE_VIX;CBOE_VIX9D
2024-04-25,168.9187936,169.9949017,167.5437641,169.2774963,50558300,29.24,29.69,28.82,29.42,16.25,17.55,15.27,15.37,17.55,18.54,15.64,15.81,0,,,,,AAPL_YF_GITHUB;CBOE_VXAPL;CBOE_VIX;CBOE_VIX9D
2024-04-26,169.2675317,170.7222594,168.5700433,168.689621,44838400,29.1,29.14,28.0,28.72,15.49,16.06,14.92,15.03,16.07,16.22,14.58,14.67,0,,,,,AAPL_YF_GITHUB;CBOE_VXAPL;CBOE_VIX;CBOE_VIX9D
2024-04-29,172.7449298,175.3953431,172.4759142,172.8744659,68169400,28.28,29.33,27.9,29.17,15.37,15.42,14.63,14.67,15.76,16.12,15.06,15.11,0,,,,,AAPL_YF_GITHUB;CBOE_VXAPL;CBOE_VIX;CBOE_VIX9D
2024-04-30,172.7050805,174.3590992,169.3870846,169.7158966,65934800,29.28,30.23,28.67,29.82,14.82,15.9,14.67,15.65,15.86,17.21,15.41,16.66,0,,,,,AAPL_YF_GITHUB;CBOE_VXAPL;CBOE_VIX;CBOE_VIX9D
2024-05-01,168.9686103,172.0873305,168.5003036,168.689621,50383100,29.96,31.43,28.74,30.13,15.75,16.22,14.35,15.39,17.21,17.67,14.74,15.91,0,,,,,AAPL_YF_GITHUB;CBOE_VXAPL;CBOE_VIX;CBOE_VIX9D
2024-05-02,171.8880442,172.794767,170.2738897,172.4061737,94214900,29.89,30.33,28.61,28.96,15.14,16.09,14.6,14.68,15.6,17.05,14.75,14.86,1,2024-03-31,1.51,1.53,0.01324503,AAPL_YF_GITHUB;CBOE_VXAPL;CBOE_VIX;CBOE_VIX9D;ALPHAQUERY_ZACKS_EARNINGS
2024-05-03,185.9770564,186.3258006,182.0014514,182.7188568,163224100,21.04,21.32,19.54,19.95,14.51,14.58,13.48,13.49,13.29,13.66,11.92,12.0,0,,,,,AAPL_YF_GITHUB;CBOE_VXAPL;CBOE_VIX;CBOE_VIX9D
2024-05-06,181.6925779,183.5358989,179.7695282,181.0548859,78569700,20.5,20.76,19.94,20.57,13.98,14.02,13.44,13.49,13.62,13.92,13.07,13.13,0,,,,,AAPL_YF_GITHUB;CBOE_VXAPL;CBOE_VIX;CBOE_VIX9D
2024-05-07,182.7886033,184.2333726,180.666293,181.7423859,77305800,20.51,21.02,19.68,20.11,13.52,13.64,13.16,13.23,13.34,13.55,12.74,12.76,0,,,,,AAPL_YF_GITHUB;CBOE_VXAPL;CBOE_VIX;CBOE_VIX9D
2024-05-08,182.1907808,182.4099888,180.7958191,182.0811768,45057100,20.08,20.16,19.52,19.81,13.24,13.51,12.94,13.0,13.58,13.6,12.35,12.48,0,,,,,AAPL_YF_GITHUB;CBOE_VXAPL;CBOE_VIX;CBOE_VIX9D
2024-05-09,181.9018085,183.9942434,181.453434,183.9045715,48983000,20.15,20.21,19.34,19.51,13.08,13.29,12.68,12.69,12.88,13.1,11.92,11.92,0,,,,,AAPL_YF_GITHUB;CBOE_VXAPL;CBOE_VIX;CBOE_VIX9D
2024-05-10,184.4832417,184.6728159,181.7194961,182.6374207,50759500,19.8,20.95,19.55,20.15,12.77,12.96,12.5,12.55,12.28,12.56,11.71,11.82,0,,,,,AAPL_YF_GITHUB;CBOE_VXAPL;CBOE_VIX;CBOE_VIX9D
2024-05-13,185.0220501,186.6783124,184.2038909,185.8601532,72044800,21.41,22.01,21.15,21.89,13.26,13.66,13.25,13.6,13.55,14.02,13.5,13.71,0,,,,,AAPL_YF_GITHUB;CBOE_VXAPL;CBOE_VIX;CBOE_VIX9D
2024-05-14,187.0873746,187.8756026,185.8701231,187.0075531,52393600,22.23,22.37,21.37,21.44,13.71,14.03,13.27,13.42,13.84,13.96,13.13,13.31,0,,,,,AAPL_YF_GITHUB;CBOE_VXAPL;CBOE_VIX;CBOE_VIX9D
2024-05-15,187.486486,190.2203008,186.9476946,189.2924042,70400000,21.49,21.84,20.7,20.99,13.73,13.94,12.38,12.45,12.45,12.51,11.35,11.42,0,,,,,AAPL_YF_GITHUB;CBOE_VXAPL;CBOE_VIX;CBOE_VIX9D
2024-05-16,190.0407096,190.6692945,189.2325376,189.4121246,52845200,20.88,21.1,20.54,20.59,12.52,12.67,12.33,12.42,11.35,11.53,10.9,10.96,0,,,,,AAPL_YF_GITHUB;CBOE_VXAPL;CBOE_VIX;CBOE_VIX9D
2024-05-17,189.0828731,190.3799462,188.7536151,189.4420624,41282900,20.58,20.81,19.96,20.18,12.28,12.48,11.91,11.99,10.87,10.9,9.5,9.67,0,,,,,AAPL_YF_GITHUB;CBOE_VXAPL;CBOE_VIX;CBOE_VIX9D
2024-05-20,188.9032834,191.4874423,188.5839973,190.6094208,44361300,20.71,20.78,19.9,19.98,12.27,12.59,12.07,12.15,10.84,11.54,10.48,10.53,0,,,,,AAPL_YF_GITHUB;CBOE_VXAPL;CBOE_VIX;CBOE_VIX9D
2024-05-21,190.6593035,192.2956066,190.4896885,191.9164734,42309400,20.19,20.21,19.64,19.82,12.3,12.56,11.84,11.86,11.07,11.12,10.03,10.08,0,,,,,AAPL_YF_GITHUB;CBOE_VXAPL;CBOE_VIX;CBOE_VIX9D
2024-05-22,191.8366645,192.3854279,189.8411721,190.4697418,34648500,20.06,20.56,19.58,20.24,12.05,12.81,11.78,12.29,10.61,11.7,10.49,11.14,0,,,,,AAPL_YF_GITHUB;CBOE_VXAPL;CBOE_VIX;CBOE_VIX9D
2024-05-23,190.5495513,190.5695104,186.2093647,186.4588013,51005900,20.41,21.58,20.15,21.28,11.53,13.37,11.52,12.77,9.81,11.92,9.81,10.79,0,,,,,AAPL_YF_GITHUB;CBOE_VXAPL;CBOE_VIX;CBOE_VIX9D
2024-05-24,188.3944297,190.1504574,187.6161737,189.5518036,36294600,21.11,21.23,20.01,20.64,12.86,12.89,11.89,11.93,10.57,10.8,8.95,9.19,0,,,,,AAPL_YF_GITHUB;CBOE_VXAPL;CBOE_VIX;CBOE_VIX9D
2024-05-28,191.0783613,192.5650086,188.6738046,189.5617981,52280100,21.76,22.37,21.64,22.11,12.51,13.44,12.36,12.92,11.53,12.55,11.25,11.51,0,,,,,AAPL_YF_GITHUB;CBOE_VXAPL;CBOE_VIX;CBOE_VIX9D
2024-05-29,189.1826544,191.8167037,189.0828737,189.8611145,53068000,22.85,23.13,22.62,23.1,13.75,14.32,13.69,14.28,13.26,13.45,12.66,13.41,0,,,,,AAPL_YF_GITHUB;CBOE_VXAPL;CBOE_VIX;CBOE_VIX9D
2024-05-30,190.330052,191.7468497,190.2003553,190.8588562,49947900,22.93,23.83,22.93,23.78,14.82,14.88,13.67,14.47,13.73,14.32,13.03,13.67,0,,,,,AAPL_YF_GITHUB;CBOE_VXAPL;CBOE_VIX;CBOE_VIX9D
2024-05-31,191.0085242,192.1359822,189.4819738,191.8166962,75158300,23.7,23.89,22.4,22.4,14.5,14.87,12.84,12.92,13.22,14.33,11.56,11.68,0,,,,,AAPL_YF_GITHUB;CBOE_VXAPL;CBOE_VIX;CBOE_VIX9D
2024-06-03,192.4652087,194.5505095,192.0860756,193.5926666,50080500,22.73,24.31,22.51,22.99,13.08,14.31,13.0,13.11,13.83,15.64,13.57,13.91,0,,,,,AAPL_YF_GITHUB;CBOE_VXAPL;CBOE_VIX;CBOE_VIX9D
2024-06-04,194.2012965,194.8797717,192.5949247,193.9119568,47471400,23.22,23.43,22.66,23.43,13.51,14.08,13.11,13.16,14.92,15.52,14.27,14.28,0,,,,,AAPL_YF_GITHUB;CBOE_VXAPL;CBOE_VIX;CBOE_VIX9D
2024-06-05,194.9595859,196.4562051,194.4307817,195.4285278,54156800,22.56,23.27,22.56,22.7,13.14,13.25,12.6,12.63,14.35,14.78,13.91,13.99,0,,,,,AAPL_YF_GITHUB;CBOE_VXAPL;CBOE_VIX;CBOE_VIX9D
2024-06-06,195.248936,196.0571079,193.7323576,194.0416565,41181800,22.87,23.17,22.39,22.87,12.75,12.98,12.54,12.58,13.93,14.32,13.33,13.47,0,,,,,AAPL_YF_GITHUB;CBOE_VXAPL;CBOE_VIX;CBOE_VIX9D
2024-06-07,194.2112864,196.4961336,193.7024413,196.4462433,53103900,22.73,22.82,21.96,22.25,12.69,13.08,12.11,12.22,13.84,13.85,12.32,12.33,0,,,,,AAPL_YF_GITHUB;CBOE_VXAPL;CBOE_VIX;CBOE_VIX9D
2024-06-10,196.456202,196.8553095,191.716908,192.6847229,97262100,22.9,23.34,20.99,21.04,13.09,13.28,12.62,12.74,13.69,13.73,12.67,12.85,0,,,,,AAPL_YF_GITHUB;CBOE_VXAPL;CBOE_VIX;CBOE_VIX9D
2024-06-11,193.2135327,206.6930927,193.1935887,206.6831055,172373300,21.15,23.59,20.38,23.59,12.85,13.47,12.78,12.85,13.34,13.67,12.78,12.87,0,,,,,AAPL_YF_GITHUB;CBOE_VXAPL;CBOE_VIX;CBOE_VIX9D
2024-06-12,206.9026174,219.7037025,206.4336755,212.5897827,198134300,22.77,32.27,22.68,25.86,13.1,13.15,11.94,12.04,11.66,12.02,10.13,10.4,0,,,,,AAPL_YF_GITHUB;CBOE_VXAPL;CBOE_VIX;CBOE_VIX9D
2024-06-13,214.2560142,216.2614785,211.1230919,213.7571411,97862700,25.69,26.73,23.64,24.1,12.05,12.68,11.88,11.94,10.64,11.5,10.02,10.28,0,,,,,AAPL_YF_GITHUB;CBOE_VXAPL;CBOE_VIX;CBOE_VIX9D
2024-06-14,213.3680132,214.6850302,210.8237576,212.0110779,70122700,24.26,25.53,22.6,22.87,12.22,13.45,12.12,12.66,11.41,12.01,10.61,11.0,0,,,,,AAPL_YF_GITHUB;CBOE_VXAPL;CBOE_VIX;CBOE_VIX9D
2024-06-17,212.8890906,218.4565159,212.2405616,216.1816559,93728300,23.6,25.24,23.31,24.43,13.07,13.29,12.5,12.75,12.88,13.02,11.66,11.94,0,,,,,AAPL_YF_GITHUB;CBOE_VXAPL;CBOE_VIX;CBOE_VIX9D
2024-06-18,217.099572,218.1372365,212.5199211,213.8070068,79943300,24.55,25.18,23.59,24.69,12.7,12.74,12.24,12.3,11.72,12.08,10.93,11.12,0,,,,,AAPL_YF_GITHUB;CBOE_VXAPL;CBOE_VIX;CBOE_VIX9D
2024-06-20,213.447834,213.7571481,208.3792968,209.2074127,86172500,24.84,24.84,23.43,23.83,12.5,13.55,12.18,13.28,11.87,13.15,11.87,12.36,0,,,,,AAPL_YF_GITHUB;CBOE_VXAPL;CBOE_VIX;CBOE_VIX9D
2024-06-21,209.9158119,211.4124311,206.6432057,207.0223541,246421400,23.95,24.23,22.0,22.47,13.22,13.78,12.99,13.2,12.59,12.59,10.69,10.96,0,,,,,AAPL_YF_GITHUB;CBOE_VXAPL;CBOE_VIX;CBOE_VIX9D
2024-06-24,207.2518164,212.2205876,206.1243585,207.6708679,80727000,23.26,23.46,22.09,22.52,13.85,13.88,13.15,13.33,12.65,12.65,11.56,11.83,0,,,,,AAPL_YF_GITHUB;CBOE_VXAPL;CBOE_VIX;CBOE_VIX9D
2024-06-25,208.6785917,210.9035765,208.1398155,208.5987854,56713900,22.64,22.85,21.45,22.01,13.48,13.52,12.84,12.84,11.9,11.96,11.0,11.1,0,,,,,AAPL_YF_GITHUB;CBOE_VXAPL;CBOE_VIX;CBOE_VIX9D
2024-06-26,211.0233077,214.3757353,210.1652454,212.7693634,66213200,21.68,22.33,21.58,22.16,12.81,13.24,12.37,12.55,11.76,11.84,10.22,10.51,0,,,,,AAPL_YF_GITHUB;CBOE_VXAPL;CBOE_VIX;CBOE_VIX9D
2024-06-27,214.2061287,215.2537653,211.8714064,213.6174622,49772700,22.86,23.2,22.41,22.82,12.69,12.77,12.21,12.24,10.91,11.05,10.36,10.49,0,,,,,AAPL_YF_GITHUB;CBOE_VXAPL;CBOE_VIX;CBOE_VIX9D
2024-06-28,215.2836805,215.5830074,209.8260081,210.1452789,82542700,23.41,23.97,22.78,23.97,12.24,12.76,11.87,12.44,10.89,10.96,10.16,10.54,0,,,,,AAPL_YF_GITHUB;CBOE_VXAPL;CBOE_VIX;CBOE_VIX9D
2024-07-01,211.611974,217.0197562,211.442359,216.2614746,60402900,26.0,26.22,25.41,25.75,12.98,13.26,12.1,12.22,12.0,12.67,10.76,10.93,0,,,,,AAPL_YF_GITHUB;CBOE_VXAPL;CBOE_VIX;CBOE_VIX9D
2024-07-02,215.6628199,219.883297,214.6151986,219.7735443,58046200,26.27,27.6,26.08,26.29,12.67,12.88,11.85,12.03,11.55,11.57,10.43,10.6,0,,,,,AAPL_YF_GITHUB;CBOE_VXAPL;CBOE_VIX;CBOE_VIX9D
2024-07-03,219.5041496,221.0506592,218.5363347,221.0506592,37369800,27.19,27.37,26.25,26.7,12.13,12.23,11.95,12.09,10.74,11.02,10.54,10.72,0,,,,,AAPL_YF_GITHUB;CBOE_VXAPL;CBOE_VIX;CBOE_VIX9D
2024-07-05,221.1504176,225.9396019,221.1504176,225.8298492,60412400,26.98,27.5,26.82,27.5,12.37,12.61,11.84,12.48,11.24,11.32,10.48,10.81,0,,,,,AAPL_YF_GITHUB;CBOE_VXAPL;CBOE_VIX;CBOE_VIX9D
2024-07-08,226.5781682,227.336465,222.7468266,227.3065338,59085900,28.13,28.19,27.34,27.41,12.91,12.91,12.31,12.37,11.77,11.95,11.01,11.05,0,,,,,AAPL_YF_GITHUB;CBOE_VXAPL;CBOE_VIX;CBOE_VIX9D
2024-07-09,227.4162717,228.8829597,225.8597901,228.1645813,48076100,27.36,27.89,27.04,27.2,12.48,12.61,12.35,12.51,11.31,11.42,11.01,11.11,0,,,,,AAPL_YF_GITHUB;CBOE_VXAPL;CBOE_VIX;CBOE_VIX9D
2024-07-10,228.7831815,232.5546605,228.7332911,232.4548798,62627700,26.96,28.11,26.9,27.95,12.51,12.92,12.39,12.85,11.26,12.22,10.94,12.0,0,,,,,AAPL_YF_GITHUB;CBOE_VXAPL;CBOE_VIX;CBOE_VIX9D
2024-07-11,230.8684808,231.8662269,225.2611523,227.0570984,64710600,28.06,28.5,27.84,28.41,12.88,13.33,12.23,12.92,11.39,12.59,11.28,11.42,0,,,,,AAPL_YF_GITHUB;CBOE_VXAPL;CBOE_VIX;CBOE_VIX9D
2024-07-12,228.4040419,232.1156587,228.1645773,230.0203857,53046500,28.22,28.27,27.37,27.83,12.87,12.89,12.11,12.46,11.06,11.06,10.07,10.55,0,,,,,AAPL_YF_GITHUB;CBOE_VXAPL;CBOE_VIX;CBOE_VIX9D
2024-07-15,235.9470026,236.6953122,232.5646438,233.8716888,62631300,28.58,29.49,28.51,28.84,12.78,13.26,12.75,13.12,12.08,12.41,11.79,12.18,0,,,,,AAPL_YF_GITHUB;CBOE_VXAPL;CBOE_VIX;CBOE_VIX9D
2024-07-16,234.4703432,235.7374851,231.8063629,234.2907562,43234300,28.95,28.97,27.69,27.72,13.38,13.47,12.95,13.19,12.26,12.35,11.74,11.8,0,,,,,AAPL_YF_GITHUB;CBOE_VXAPL;CBOE_VIX;CBOE_VIX9D
2024-07-17,228.9328431,230.9383225,226.129179,228.3641357,57345900,28.31,29.5,28.31,28.92,13.6,14.88,13.54,14.48,12.83,14.0,12.7,13.16,0,,,,,AAPL_YF_GITHUB;CBOE_VXAPL;CBOE_VIX;CBOE_VIX9D
2024-07-18,229.7609704,229.9206135,221.7690297,223.6747131,66034600,28.79,30.46,28.57,29.17,14.27,16.43,14.08,15.93,13.57,15.76,12.93,14.9,0,,,,,AAPL_YF_GITHUB;CBOE_VXAPL;CBOE_VIX;CBOE_VIX9D
2024-07-19,224.3132884,226.2888214,222.7767508,223.8044281,49151500,29.17,29.57,28.82,29.1,16.44,17.19,10.62,16.52,15.71,16.43,14.79,15.04,0,,,,,AAPL_YF_GITHUB;CBOE_VXAPL;CBOE_VIX;CBOE_VIX9D
2024-07-22,226.4983442,227.266613,222.5871812,223.4552307,48201800,29.05,29.53,28.2,28.34,16.79,16.89,14.75,14.91,16.5,16.5,14.65,14.79,0,,,,,AAPL_YF_GITHUB;CBOE_VXAPL;CBOE_VIX;CBOE_VIX9D
2024-07-23,223.8642965,226.4285114,222.1781031,224.5028534,39960300,28.68,28.68,27.31,28.12,15.21,15.35,13.9,14.72,15.16,15.26,13.55,14.61,0,,,,,AAPL_YF_GITHUB;CBOE_VXAPL;CBOE_VIX;CBOE_VIX9D
2024-07-24,223.4951247,224.2933246,216.6406139,218.0474243,61777600,28.82,30.93,28.78,30.51,15.35,18.46,15.18,18.04,15.59,20.13,15.55,19.79,0,,,,,AAPL_YF_GITHUB;CBOE_VXAPL;CBOE_VIX;CBOE_VIX9D
2024-07-25,218.4365586,220.3522446,214.1362751,216.9998169,51391200,30.7,31.79,29.59,31.36,18.41,19.36,16.42,18.46,19.78,21.28,17.93,19.82,0,,,,,AAPL_YF_GITHUB;CBOE_VXAPL;CBOE_VIX;CBOE_VIX9D
2024-07-26,218.2070724,218.9953003,215.5231329,217.46875,41601300,30.77,31.74,29.48,30.03,17.97,18.05,16.37,16.39,18.63,18.68,16.78,16.81,0,,,,,AAPL_YF_GITHUB;CBOE_VXAPL;CBOE_VIX;CBOE_VIX9D
2024-07-29,216.4710093,218.8057316,215.2637298,217.7481232,36311800,31.21,31.56,29.8,30.61,16.59,17.21,16.23,16.6,18.27,18.49,17.02,17.39,0,,,,,AAPL_YF_GITHUB;CBOE_VXAPL;CBOE_VIX;CBOE_VIX9D
2024-07-30,218.6959746,219.8334046,215.6328867,218.3068542,41643800,30.72,31.98,30.5,30.72,16.64,18.32,16.26,17.69,17.57,19.94,17.19,18.9,0,,,,,AAPL_YF_GITHUB;CBOE_VXAPL;CBOE_VIX;CBOE_VIX9D
2024-07-31,220.9409108,223.3155516,220.1327389,221.5794678,50036300,30.37,37.75,29.49,30.33,16.66,16.77,15.71,16.36,17.34,17.48,15.99,16.51,0,,,,,AAPL_YF_GITHUB;CBOE_VXAPL;CBOE_VIX;CBOE_VIX9D
2024-08-01,223.8642923,223.974045,216.5308675,217.8678436,62501000,29.67,32.75,29.53,32.12,16.2,19.48,15.95,18.59,16.47,21.15,15.74,19.54,1,2024-06-30,1.34,1.4,0.04477612,AAPL_YF_GITHUB;CBOE_VXAPL;CBOE_VIX;CBOE_VIX9D;ALPHAQUERY_ZACKS_EARNINGS
2024-08-02,218.6560498,225.0915242,217.2193082,219.3644562,105568600,28.1,32.75,27.91,30.36,20.52,29.66,20.01,23.39,22.78,33.58,22.25,23.31,0,,,,,AAPL_YF_GITHUB;CBOE_VXAPL;CBOE_VIX;CBOE_VIX9D
2024-08-05,198.6412762,213.0188018,195.5582442,208.7983398,119548600,48.35,50.71,36.87,42.32,23.39,65.73,23.39,38.57,76.04,76.04,32.22,42.79,0,,,,,AAPL_YF_GITHUB;CBOE_VXAPL;CBOE_VIX;CBOE_VIX9D
2024-08-06,204.8372815,209.5167132,200.6168197,206.7629242,69660500,40.66,42.1,31.63,34.03,33.71,34.77,24.02,27.71,34.9,34.97,25.0,28.93,0,,,,,AAPL_YF_GITHUB;CBOE_VXAPL;CBOE_VIX;CBOE_VIX9D
2024-08-07,206.4336747,213.1584894,205.9248297,209.3471069,63516400,31.54,34.35,29.68,34.0,24.77,29.76,21.97,27.85,23.12,32.69,22.23,29.26,0,,,,,AAPL_YF_GITHUB;CBOE_VXAPL;CBOE_VIX;CBOE_VIX9D
2024-08-08,212.6296775,213.7172171,208.3593253,212.8292236,47161100,31.74,32.97,29.56,29.76,28.34,29.47,23.36,23.79,27.58,28.88,23.08,23.9,0,,,,,AAPL_YF_GITHUB;CBOE_VXAPL;CBOE_VIX;CBOE_VIX9D
2024-08-09,211.6219712,216.291416,211.4922593,215.7526398,42201600,30.34,30.43,27.4,27.4,23.78,24.52,20.26,20.37,24.33,25.11,19.83,20.06,0,,,,,AAPL_YF_GITHUB;CBOE_VXAPL;CBOE_VIX;CBOE_VIX9D
2024-08-12,215.8325524,219.2687591,215.3630677,217.2909393,38028100,28.59,28.76,27.05,27.31,20.79,21.19,18.89,20.71,21.6,22.79,20.01,21.92,0,,,,,AAPL_YF_GITHUB;CBOE_VXAPL;CBOE_VIX;CBOE_VIX9D
2024-08-13,218.769299,221.6461387,218.769299,221.026825,44155300,26.72,27.02,25.91,26.04,20.06,20.79,17.95,18.12,20.74,20.84,18.45,18.57,0,,,,,AAPL_YF_GITHUB;CBOE_VXAPL;CBOE_VIX;CBOE_VIX9D
2024-08-14,220.3276036,222.7848915,219.4585493,221.4763336,41960600,26.17,26.23,24.7,25.1,18.41,18.49,16.12,16.19,17.87,18.24,15.58,15.79,0,,,,,AAPL_YF_GITHUB;CBOE_VXAPL;CBOE_VIX;CBOE_VIX9D
2024-08-15,224.3531745,225.1023502,222.515185,224.4730377,46414000,24.11,24.12,23.3,23.43,16.27,16.68,14.77,15.23,14.86,15.72,14.21,14.37,0,,,,,AAPL_YF_GITHUB;CBOE_VXAPL;CBOE_VIX;CBOE_VIX9D
2024-08-16,223.6739107,226.5807163,223.4042032,225.8015747,44340200,24.04,24.61,23.55,23.6,15.29,15.76,14.65,14.8,14.78,14.78,12.92,12.97,0,,,,,AAPL_YF_GITHUB;CBOE_VXAPL;CBOE_VIX;CBOE_VIX9D
2024-08-19,225.4719428,225.7416504,222.7948801,225.6417542,40687800,24.83,24.84,23.37,23.37,15.94,16.07,14.46,14.65,15.45,15.46,13.97,14.12,0,,,,,AAPL_YF_GITHUB;CBOE_VXAPL;CBOE_VIX;CBOE_VIX9D
2024-08-20,225.5218856,226.9203409,225.20223,226.2610626,30299000,23.77,24.06,23.27,24.0,14.89,15.93,14.78,15.88,14.79,16.01,14.58,15.85,0,,,,,AAPL_YF_GITHUB;CBOE_VXAPL;CBOE_VIX;CBOE_VIX9D
2024-08-21,226.2710626,227.7294495,224.8026769,226.1511841,34765500,24.18,24.6,23.61,24.04,16.25,17.17,15.92,16.27,16.26,17.24,15.56,15.65,0,,,,,AAPL_YF_GITHUB;CBOE_VXAPL;CBOE_VIX;CBOE_VIX9D
2024-08-22,227.5396608,228.0890594,223.6539364,224.2832489,43695300,23.85,25.48,23.55,25.24,16.27,18.06,15.76,17.55,15.38,17.55,15.34,16.55,0,,,,,AAPL_YF_GITHUB;CBOE_VXAPL;CBOE_VIX;CBOE_VIX9D
2024-08-23,225.4120024,227.9691865,224.0834622,226.5906982,38677300,24.53,24.64,23.69,23.99,17.12,17.21,15.61,15.86,16.1,16.33,13.36,13.69,0,,,,,AAPL_YF_GITHUB;CBOE_VXAPL;CBOE_VIX;CBOE_VIX9D
2024-08-26,226.5107918,227.0302246,223.6439507,226.9303284,30602200,24.91,25.23,24.44,25.06,16.27,16.67,15.81,16.15,15.32,16.13,14.68,14.87,0,,,,,AAPL_YF_GITHUB;CBOE_VXAPL;CBOE_VIX;CBOE_VIX9D
2024-08-27,225.7516207,228.5984945,224.64284,227.7793884,35934600,25.76,25.99,24.62,24.65,16.21,16.81,15.37,15.43,15.69,15.84,14.11,14.17,0,,,,,AAPL_YF_GITHUB;CBOE_VXAPL;CBOE_VIX;CBOE_VIX9D
2024-08-28,227.66951,229.6073803,225.4319663,226.2410889,38052200,25.1,26.73,24.88,25.83,15.51,17.89,15.46,17.11,14.78,17.7,14.61,16.64,0,,,,,AAPL_YF_GITHUB;CBOE_VXAPL;CBOE_VIX;CBOE_VIX9D
2024-08-29,229.8471324,232.6640254,228.628472,229.5374603,51906300,25.11,26.8,24.8,26.29,16.54,16.57,15.19,15.65,14.81,14.81,13.6,13.73,0,,,,,AAPL_YF_GITHUB;CBOE_VXAPL;CBOE_VIX;CBOE_VIX9D
2024-08-30,229.9370315,230.1467921,227.230003,228.7483368,52990800,26.2,26.26,24.8,24.98,15.67,16.04,14.78,15.0,13.7,13.96,12.61,12.9,0,,,,,AAPL_YF_GITHUB;CBOE_VXAPL;CBOE_VIX;CBOE_VIX9D
2024-09-03,228.2988235,228.7483259,220.9269293,222.525177,50190600,26.53,29.04,26.28,28.51,15.76,21.99,15.71,20.72,16.18,21.61,16.13,20.07,0,,,,,AAPL_YF_GITHUB;CBOE_VXAPL;CBOE_VIX;CBOE_VIX9D
2024-09-04,221.4164072,221.5362705,217.240993,220.6072998,43840200,29.55,30.18,27.99,29.12,23.2,23.31,19.34,21.32,22.49,22.49,19.01,20.43,0,,,,,AAPL_YF_GITHUB;CBOE_VXAPL;CBOE_VIX;CBOE_VIX9D
2024-09-05,221.3864291,225.2321888,221.2765494,222.1356049,36615400,28.97,29.51,28.0,28.55,20.75,21.53,19.21,19.9,20.42,21.31,18.62,19.54,0,,,,,AAPL_YF_GITHUB;CBOE_VXAPL;CBOE_VIX;CBOE_VIX9D
2024-09-06,223.7038814,224.9924722,219.5284824,220.5773315,48423000,28.17,31.19,28.0,30.6,21.98,23.76,18.83,22.38,18.5,24.04,18.07,22.26,0,,,,,AAPL_YF_GITHUB;CBOE_VXAPL;CBOE_VIX;CBOE_VIX9D
2024-09-09,220.5773236,221.026826,216.47184,220.6672211,67180000,32.09,32.09,29.08,29.17,21.32,21.41,19.29,19.45,22.07,22.14,19.63,19.67,0,,,,,AAPL_YF_GITHUB;CBOE_VXAPL;CBOE_VIX;CBOE_VIX9D
2024-09-10,218.6794084,221.2365925,216.4918127,219.868103,51591000,29.09,29.91,28.01,28.22,19.86,20.74,18.9,19.08,19.5,21.72,19.23,19.69,0,,,,,AAPL_YF_GITHUB;CBOE_VXAPL;CBOE_VIX;CBOE_VIX9D
2024-09-11,221.2166203,222.8448186,217.6505365,222.4152985,44587100,28.17,29.82,26.19,26.24,19.41,21.41,17.55,17.69,19.35,22.61,17.65,17.88,0,,,,,AAPL_YF_GITHUB;CBOE_VXAPL;CBOE_VIX;CBOE_VIX9D
2024-09-12,222.2554695,223.3043186,219.5784221,222.525177,37498200,26.71,27.06,25.49,25.59,17.62,18.59,16.89,17.07,18.12,18.86,16.43,16.75,0,,,,,AAPL_YF_GITHUB;CBOE_VXAPL;CBOE_VIX;CBOE_VIX9D
2024-09-13,223.3342928,223.7937788,221.66613,222.2554779,36766600,25.87,26.06,24.71,24.82,17.03,17.18,16.23,16.56,17.12,17.14,15.36,15.8,0,,,,,AAPL_YF_GITHUB;CBOE_VXAPL;CBOE_VIX;CBOE_VIX9D
2024-09-16,216.3020196,216.9812802,213.6849038,216.0822754,59357400,27.84,29.95,26.37,26.37,17.16,17.69,16.91,17.14,17.57,18.1,16.97,17.19,0,,,,,AAPL_YF_GITHUB;CBOE_VXAPL;CBOE_VIX;CBOE_VIX9D
2024-09-17,215.5128922,216.6616223,214.264266,216.5517426,45519300,26.82,27.07,26.02,26.02,17.16,18.08,16.67,17.61,17.38,19.28,17.02,18.09,0,,,,,AAPL_YF_GITHUB;CBOE_VXAPL;CBOE_VIX;CBOE_VIX9D
2024-09-18,217.3109155,222.4652483,217.3009167,220.447464,59894900,26.17,29.98,24.65,26.28,17.58,19.39,17.11,18.23,19.42,20.32,16.84,17.95,0,,,,,AAPL_YF_GITHUB;CBOE_VXAPL;CBOE_VIX;CBOE_VIX9D
2024-09-19,224.7427437,229.5674374,224.3831387,228.6184692,66781300,24.71,25.25,24.44,24.56,17.21,17.27,16.21,16.33,15.42,16.27,14.44,14.66,0,,,,,AAPL_YF_GITHUB;CBOE_VXAPL;CBOE_VIX;CBOE_VIX9D
2024-09-20,229.7172625,232.8338287,227.3698391,227.9492035,318679900,24.69,24.91,23.84,24.2,16.35,16.68,15.81,16.15,14.36,14.49,13.01,13.2,0,,,,,AAPL_YF_GITHUB;CBOE_VXAPL;CBOE_VIX;CBOE_VIX9D
2024-09-23,227.0901541,229.1978359,225.5618368,226.2211151,54146000,24.99,25.08,23.03,23.03,16.71,16.95,15.75,15.89,15.35,15.41,14.16,14.35,0,,,,,AAPL_YF_GITHUB;CBOE_VXAPL;CBOE_VIX;CBOE_VIX9D
2024-09-24,228.3987093,229.0979522,225.4819201,227.1201172,43556100,22.97,23.78,22.73,23.03,15.87,16.67,15.27,15.39,14.82,15.79,13.92,14.12,0,,,,,AAPL_YF_GITHUB;CBOE_VXAPL;CBOE_VIX;CBOE_VIX9D
2024-09-25,224.6827959,227.0402029,223.7738076,226.1212158,42308700,23.01,23.51,22.88,23.26,15.82,15.82,15.17,15.41,14.31,14.85,14.11,14.24,0,,,,,AAPL_YF_GITHUB;CBOE_VXAPL;CBOE_VIX;CBOE_VIX9D
2024-09-26,227.0501991,228.2488772,225.1622768,227.2699585,36636700,23.85,24.36,23.73,24.05,15.06,15.83,14.9,15.37,14.4,15.13,14.19,14.56,0,,,,,AAPL_YF_GITHUB;CBOE_VXAPL;CBOE_VIX;CBOE_VIX9D
2024-09-27,228.2089347,229.2677673,227.0502058,227.5396576,34026000,24.29,25.44,24.19,25.25,15.64,16.97,15.2,16.96,14.65,15.79,13.92,15.74,0,,,,,AAPL_YF_GITHUB;CBOE_VXAPL;CBOE_VIX;CBOE_VIX9D
2024-09-30,229.7871885,232.7439423,229.3976177,232.7439423,54541900,27.8,28.24,26.64,26.71,17.01,17.79,16.47,16.73,17.19,17.82,16.33,16.65,0,,,,,AAPL_YF_GITHUB;CBOE_VXAPL;CBOE_VIX;CBOE_VIX9D
2024-10-01,229.2677705,229.3976173,223.4941237,225.9614105,63285000,28.0,31.02,28.0,28.93,16.96,20.73,16.61,19.26,17.04,22.41,17.04,19.55,0,,,,,AAPL_YF_GITHUB;CBOE_VXAPL;CBOE_VIX;CBOE_VIX9D
2024-10-02,225.6417557,227.1201249,222.7749145,226.530777,32880600,29.95,30.59,28.46,28.97,19.65,20.36,18.58,18.9,20.51,21.25,18.65,18.76,0,,,,,AAPL_YF_GITHUB;CBOE_VXAPL;CBOE_VIX;CBOE_VIX9D
2024-10-03,224.8925655,226.5607283,223.0745737,225.4219818,34044200,29.48,30.41,28.82,29.42,19.63,20.75,19.16,20.49,19.79,20.97,18.9,20.41,0,,,,,AAPL_YF_GITHUB;CBOE_VXAPL;CBOE_VIX;CBOE_VIX9D
2024-10-04,227.6495327,227.7494289,223.8836869,226.5507507,37245100,28.89,29.71,28.31,28.44,20.48,20.48,18.48,19.21,18.26,18.94,15.84,16.48,0,,,,,AAPL_YF_GITHUB;CBOE_VXAPL;CBOE_VIX;CBOE_VIX9D
2024-10-07,224.2532747,225.4419694,221.0867604,221.4463654,39505400,30.48,32.62,29.83,31.44,20.76,23.03,20.65,22.64,18.48,21.77,17.8,20.0,0,,,,,AAPL_YF_GITHUB;CBOE_VXAPL;CBOE_VIX;CBOE_VIX9D
2024-10-08,224.0534954,225.7316418,223.0046463,225.5218811,31855700,30.82,30.82,29.96,30.08,22.92,23.14,21.14,21.42,19.09,19.32,17.92,18.0,0,,,,,AAPL_YF_GITHUB;CBOE_VXAPL;CBOE_VIX;CBOE_VIX9D
2024-10-09,224.982474,229.4975109,224.5829197,229.287735,33591100,30.7,30.7,28.96,29.21,21.98,22.01,20.71,20.86,17.64,17.64,16.26,16.41,0,,,,,AAPL_YF_GITHUB;CBOE_VXAPL;CBOE_VIX;CBOE_VIX9D
2024-10-10,227.5296745,229.2477855,226.9203443,228.7882843,28183500,29.64,29.66,28.77,29.13,20.91,21.39,20.64,20.93,16.33,16.53,15.22,15.49,0,,,,,AAPL_YF_GITHUB;CBOE_VXAPL;CBOE_VIX;CBOE_VIX9D
2024-10-11,229.0480035,229.1578832,227.0901508,227.2999268,31759200,29.28,29.28,28.18,28.66,20.87,21.16,20.14,20.46,15.18,15.18,13.83,14.33,0,,,,,AAPL_YF_GITHUB;CBOE_VXAPL;CBOE_VIX;CBOE_VIX9D
2024-10-14,228.4486582,231.475327,228.3487772,231.0458069,39882100,29.18,29.24,27.56,27.81,20.86,20.86,19.69,19.7,15.4,15.41,14.63,14.64,0,,,,,AAPL_YF_GITHUB;CBOE_VXAPL;CBOE_VIX;CBOE_VIX9D
2024-10-15,233.3532606,237.2290013,232.1146179,233.5930023,64751400,27.73,29.92,27.62,28.75,19.61,20.89,19.44,20.64,14.51,15.83,14.12,14.88,0,,,,,AAPL_YF_GITHUB;CBOE_VXAPL;CBOE_VIX;CBOE_VIX9D
2024-10-16,231.3454737,231.8648912,229.5873982,231.5252686,34082200,30.96,31.01,28.12,28.18,20.77,21.01,19.45,19.58,15.3,15.44,14.13,14.25,0,,,,,AAPL_YF_GITHUB;CBOE_VXAPL;CBOE_VIX;CBOE_VIX9D
2024-10-17,233.173459,233.5930109,230.2666686,231.8948669,32993800,29.21,29.23,27.35,27.76,19.55,19.65,18.88,19.11,14.39,14.94,13.78,13.85,0,,,,,AAPL_YF_GITHUB;CBOE_VXAPL;CBOE_VIX;CBOE_VIX9D
2024-10-18,235.9204256,235.9204256,233.7528123,234.7417297,46431500,27.19,27.74,26.79,27.05,19.3,19.32,17.99,18.03,14.22,14.35,12.38,12.38,0,,,,,AAPL_YF_GITHUB;CBOE_VXAPL;CBOE_VIX;CBOE_VIX9D
2024-10-21,234.1923402,236.5897118,234.1923402,236.220108,36254500,27.37,27.57,26.61,26.61,18.78,19.34,18.36,18.37,15.1,16.0,14.39,14.39,0,,,,,AAPL_YF_GITHUB;CBOE_VXAPL;CBOE_VIX;CBOE_VIX9D
2024-10-22,233.6329633,235.9604045,232.3443877,235.6007996,38846600,27.64,27.89,26.8,26.8,18.79,19.44,18.05,18.2,15.65,15.75,14.33,14.55,0,,,,,AAPL_YF_GITHUB;CBOE_VXAPL;CBOE_VIX;CBOE_VIX9D
2024-10-23,233.8227521,234.8815848,227.5096904,230.5063934,52287000,27.32,30.38,27.24,28.74,18.21,20.47,18.18,19.24,15.26,18.59,15.19,16.49,0,,,,,AAPL_YF_GITHUB;CBOE_VXAPL;CBOE_VIX;CBOE_VIX9D
2024-10-24,229.7272567,230.5663451,228.15899,230.3166199,31109500,29.11,29.77,28.86,28.86,18.87,20.24,18.63,19.08,16.91,18.25,16.59,16.67,0,,,,,AAPL_YF_GITHUB;CBOE_VXAPL;CBOE_VIX;CBOE_VIX9D
2024-10-25,229.4875226,232.9636938,229.3177112,231.1556854,38802300,28.72,29.47,27.99,29.44,19.22,20.51,18.23,20.33,16.62,18.97,16.42,18.49,0,,,,,AAPL_YF_GITHUB;CBOE_VXAPL;CBOE_VIX;CBOE_VIX9D
2024-10-28,233.063595,234.4720338,232.2944369,233.1434937,36087100,29.02,29.15,27.91,28.39,19.11,19.88,18.91,19.8,20.22,21.25,19.85,21.17,0,,,,,AAPL_YF_GITHUB;CBOE_VXAPL;CBOE_VIX;CBOE_VIX9D
2024-10-29,232.8438271,234.0724711,232.0646856,233.4131927,35417200,29.13,29.32,28.25,28.26,19.75,20.53,19.06,19.34,22.33,22.86,21.28,21.77,0,,,,,AAPL_YF_GITHUB;CBOE_VXAPL;CBOE_VIX;CBOE_VIX9D
2024-10-30,232.3543582,233.2134136,229.2977236,229.8471222,47070900,28.82,30.53,28.72,30.53,19.33,20.44,19.3,20.35,22.96,23.67,22.51,23.59,0,,,,,AAPL_YF_GITHUB;CBOE_VXAPL;CBOE_VIX;CBOE_VIX9D
2024-10-31,229.087951,229.577418,225.1223128,225.6617279,64370100,30.66,32.34,30.66,32.15,21.44,23.42,21.12,23.16,25.05,27.06,24.38,26.05,1,2024-09-30,1.49,1.64,0.10067114,AAPL_YF_GITHUB;CBOE_VXAPL;CBOE_VIX;CBOE_VIX9D;ALPHAQUERY_ZACKS_EARNINGS
2024-11-01,220.7271534,225.1023447,220.0279258,222.6650238,65276700,28.27,28.29,25.96,26.44,22.96,23.09,21.16,21.88,24.91,24.96,23.38,23.47,0,,,,,AAPL_YF_GITHUB;CBOE_VXAPL;CBOE_VIX;CBOE_VIX9D
2024-11-04,220.7471384,222.545148,219.4685464,221.7660065,44944500,28.0,28.4,26.2,26.41,22.5,23.07,21.73,21.98,26.44,27.24,25.36,25.77,0,,,,,AAPL_YF_GITHUB;CBOE_VXAPL;CBOE_VIX;CBOE_VIX9D
2024-11-05,221.5562415,223.7038725,220.8969632,223.204422,28111300,26.54,26.69,25.18,25.24,21.98,22.06,20.2,20.49,25.91,25.97,23.98,24.7,0,,,,,AAPL_YF_GITHUB;CBOE_VXAPL;CBOE_VIX;CBOE_VIX9D
2024-11-06,222.3653553,225.8215595,220.9469177,222.475235,54561100,23.65,23.85,22.43,22.86,16.06,16.82,15.44,16.27,16.37,17.41,15.67,15.85,0,,,,,AAPL_YF_GITHUB;CBOE_VXAPL;CBOE_VIX;CBOE_VIX9D
2024-11-07,224.383137,227.6295653,224.3232054,227.2299957,42137700,22.63,22.63,21.34,21.38,15.86,15.86,15.13,15.2,14.87,14.92,13.8,13.84,0,,,,,AAPL_YF_GITHUB;CBOE_VXAPL;CBOE_VIX;CBOE_VIX9D
2024-11-08,227.1699982,228.6600037,226.4100037,226.9600067,38328800,21.62,21.65,20.35,20.87,15.13,15.33,14.66,14.94,13.35,13.38,12.84,13.09,0,,,,,AAPL_YF_GITHUB;CBOE_VXAPL;CBOE_VIX;CBOE_VIX9D
2024-11-11,225.0,225.6999969,221.5,224.2299957,42005600,21.73,22.47,21.73,21.93,15.33,15.56,14.89,14.97,14.95,15.24,13.95,14.0,0,,,,,AAPL_YF_GITHUB;CBOE_VXAPL;CBOE_VIX;CBOE_VIX9D
2024-11-12,224.5500031,225.5899963,223.3600006,224.2299957,40398300,22.01,22.25,21.4,21.63,15.09,15.37,14.69,14.71,14.49,14.66,13.91,13.92,0,,,,,AAPL_YF_GITHUB;CBOE_VXAPL;CBOE_VIX;CBOE_VIX9D
2024-11-13,224.0099945,226.6499939,222.7599945,225.1199951,48566200,21.72,22.11,20.88,21.2,15.09,15.26,13.77,14.02,14.09,14.22,12.53,12.81,0,,,,,AAPL_YF_GITHUB;CBOE_VXAPL;CBOE_VIX;CBOE_VIX9D
2024-11-14,225.0200043,228.8699951,225.0,228.2200012,44923900,21.25,21.31,20.68,20.9,14.17,14.32,13.59,14.31,12.87,13.16,12.31,13.13,0,,,,,AAPL_YF_GITHUB;CBOE_VXAPL;CBOE_VIX;CBOE_VIX9D
2024-11-15,226.3999939,226.9199982,224.2700043,225.0,47923700,21.6,23.0,21.6,22.49,15.02,17.55,14.56,16.14,13.49,17.21,13.24,14.81,0,,,,,AAPL_YF_GITHUB;CBOE_VXAPL;CBOE_VIX;CBOE_VIX9D
2024-11-18,225.25,229.7400055,225.1699982,228.0200043,44686000,23.03,23.03,21.49,22.26,16.6,17.0,15.35,15.58,16.14,16.19,13.83,13.98,0,,,,,AAPL_YF_GITHUB;CBOE_VXAPL;CBOE_VIX;CBOE_VIX9D
2024-11-19,226.9799957,230.1600037,226.6600037,228.2799988,36211800,22.79,23.09,21.79,22.28,15.44,17.93,15.37,16.35,15.86,16.14,13.91,14.24,0,,,,,AAPL_YF_GITHUB;CBOE_VXAPL;CBOE_VIX;CBOE_VIX9D
2024-11-20,228.0599976,229.9299927,225.8899994,229.0,35169600,22.26,24.12,22.23,22.4,16.19,18.79,16.04,17.16,14.21,16.76,14.14,15.08,0,,,,,AAPL_YF_GITHUB;CBOE_VXAPL;CBOE_VIX;CBOE_VIX9D
2024-11-21,228.8800049,230.1600037,225.7100067,228.5200043,42108300,23.21,24.06,22.0,22.47,17.1,17.99,15.73,16.87,13.41,16.25,13.15,14.15,0,,,,,AAPL_YF_GITHUB;CBOE_VXAPL;CBOE_VIX;CBOE_VIX9D
2024-11-22,228.0599976,230.7200012,228.0599976,229.8699951,38168300,22.78,22.83,21.16,21.27,16.67,17.56,15.24,15.24,13.83,13.97,11.44,11.46,0,,,,,AAPL_YF_GITHUB;CBOE_VXAPL;CBOE_VIX;CBOE_VIX9D
2024-11-25,231.4600067,233.25,229.7400055,232.8699951,90152800,20.84,20.86,19.86,20.0,15.23,15.72,14.54,14.6,13.21,14.19,12.29,12.31,0,,,,,AAPL_YF_GITHUB;CBOE_VXAPL;CBOE_VIX;CBOE_VIX9D
2024-11-26,233.3300018,235.5700073,233.3300018,235.0599976,45986200,19.7,19.72,18.43,19.04,14.95,15.03,13.88,14.1,12.55,12.55,11.72,11.73,0,,,,,AAPL_YF_GITHUB;CBOE_VXAPL;CBOE_VIX;CBOE_VIX9D
2024-11-27,234.4700012,235.6900024,233.8099976,234.9299927,33498400,19.64,20.06,19.02,19.08,14.28,15.13,13.96,14.1,12.04,12.42,10.74,10.75,0,,,,,AAPL_YF_GITHUB;CBOE_VXAPL;CBOE_VIX;CBOE_VIX9D
2024-11-29,234.8099976,237.8099976,233.9700012,237.3300018,28481400,19.56,19.65,18.96,19.31,14.0,14.15,13.49,13.51,12.12,12.12,10.89,10.89,0,,,,,AAPL_YF_GITHUB;CBOE_VXAPL;CBOE_VIX;CBOE_VIX9D
