as_of_date,model_name,expected_variance,median_variance,lower_quantile,upper_quantile,monte_carlo_standard_error,heston_used,heston_failure,implied_variance,variance_edge,realized_variance,forecast_error,abs_error,edge_sign_correct
2022-01-03,ensemble,0.01731758089180826,0.01731758089180826,0.01731758089180826,0.01731758089180826,0.0,True,,0.027515842641,-0.01019826174919174,0.03456534651923909,-0.017247765627430835,0.017247765627430835,False
2022-01-04,ensemble,0.018003965611801127,0.018003965611801127,0.018003965611801127,0.018003965611801127,0.0,True,,0.028530250281,-0.010526284669198874,0.04135307008567035,-0.023349104473869224,0.023349104473869224,False
2022-01-05,ensemble,0.017539066402457427,0.017539066402457427,0.017539066402457427,0.017539066402457427,0.0,True,,0.039003090064,-0.02146402366154257,0.03710598615902472,-0.01956691975656729,0.01956691975656729,True
2022-01-06,ensemble,0.017524013404682792,0.017524013404682792,0.017524013404682792,0.017524013404682792,0.0,True,,0.0384434449,-0.020919431495317206,0.037219377225382336,-0.019695363820699544,0.019695363820699544,True
2022-01-07,ensemble,0.017276077604579963,0.017276077604579963,0.017276077604579963,0.017276077604579963,0.0,True,,0.035209895449,-0.01793381784442004,0.03783681253205677,-0.020560734927476808,0.020560734927476808,False
2022-01-10,ensemble,0.01727321165912781,0.01727321165912781,0.01727321165912781,0.01727321165912781,0.0,True,,0.03754100002500001,-0.020267788365872196,0.0403516648043594,-0.02307845314523159,0.02307845314523159,False
2022-01-11,ensemble,0.01732902992458088,0.01732902992458088,0.01732902992458088,0.01732902992458088,0.0,True,,0.033849376324,-0.01652034639941912,0.04330904663175326,-0.025980016707172378,0.025980016707172378,False
2022-01-12,ensemble,0.01744591947832179,0.01744591947832179,0.01744591947832179,0.01744591947832179,0.0,True,,0.031049611681,-0.013603692202678212,0.04798119010094072,-0.030535270622618932,0.030535270622618932,False
2022-01-13,ensemble,0.017625530629139723,0.017625530629139723,0.017625530629139723,0.017625530629139723,0.0,True,,0.041149745316000005,-0.023524214686860282,0.04579987885116763,-0.02817434822202791,0.02817434822202791,False
2022-01-14,ensemble,0.018076160612321673,0.018076160612321673,0.018076160612321673,0.018076160612321673,0.0,True,,0.03677228112099999,-0.01869612050867832,0.04886917023921356,-0.03079300962689189,0.03079300962689189,False
2022-01-18,ensemble,0.017654463404988243,0.017654463404988243,0.017654463404988243,0.017654463404988243,0.0,True,,0.052072501636,-0.03441803823101176,0.04505292331157374,-0.027398459906585498,0.027398459906585498,True
2022-01-19,ensemble,0.01776909836866737,0.01776909836866737,0.01776909836866737,0.01776909836866737,0.0,True,,0.056806908964,-0.03903781059533263,0.04934055123104642,-0.03157145286237905,0.03157145286237905,True
2022-01-20,ensemble,0.01785999908558343,0.01785999908558343,0.01785999908558343,0.01785999908558343,0.0,True,,0.065396809984,-0.047536810898416576,0.04836048609271412,-0.03050048700713069,0.03050048700713069,True
2022-01-21,ensemble,0.018197730804424116,0.018197730804424116,0.018197730804424116,0.018197730804424116,0.0,True,,0.08322301825600001,-0.06502528745157589,0.04504068291594597,-0.026842952111521854,0.026842952111521854,True
2022-01-24,ensemble,0.020937661643546795,0.020937661643546795,0.020937661643546795,0.020937661643546795,0.0,True,,0.08932327690000001,-0.06838561525645322,0.04866918919277574,-0.027731527549228946,0.027731527549228946,True
2022-01-25,ensemble,0.018592995187864624,0.018592995187864624,0.018592995187864624,0.018592995187864624,0.0,True,,0.09734712002499998,-0.07875412483713536,0.04953578138853969,-0.030942786200675063,0.030942786200675063,True
2022-01-26,ensemble,0.0199060677334243,0.0199060677334243,0.0199060677334243,0.0199060677334243,0.0,True,,0.102359044096,-0.0824529763625757,0.05517555134613256,-0.03526948361270826,0.03526948361270826,True
2022-01-27,ensemble,0.019159733945936355,0.019159733945936355,0.019159733945936355,0.019159733945936355,0.0,True,,0.09308845081599999,-0.07392871687006364,0.05496025699873437,-0.03580052305279802,0.03580052305279802,True
2022-01-28,ensemble,0.019390978732491505,0.019390978732491505,0.019390978732491505,0.019390978732491505,0.0,True,,0.07648653984399999,-0.057095561111508486,0.05056497792543058,-0.03117399919293908,0.03117399919293908,True
2022-01-31,ensemble,0.018621246413373163,0.018621246413373163,0.018621246413373163,0.018621246413373163,0.0,True,,0.061623097599999996,-0.04300185118662683,0.05072873659546395,-0.03210749018209079,0.03210749018209079,True
2022-02-01,ensemble,0.01913173713302215,0.01913173713302215,0.01913173713302215,0.01913173713302215,0.0,True,,0.048211424041,-0.029079686907977846,0.050483449559520416,-0.031351712426498264,0.031351712426498264,False
2022-02-02,ensemble,0.0186582976279883,0.0186582976279883,0.0186582976279883,0.0186582976279883,0.0,True,,0.048886536609,-0.030228238981011697,0.05016059550982418,-0.03150229788183588,0.03150229788183588,False
2022-02-03,ensemble,0.019394915421966304,0.019394915421966304,0.019394915421966304,0.019394915421966304,0.0,True,,0.05916472464400001,-0.0397698092220337,0.054115713172984053,-0.034720797751017746,0.034720797751017746,True
2022-02-04,ensemble,0.019113207165820857,0.019113207165820857,0.019113207165820857,0.019113207165820857,0.0,True,,0.053830496196,-0.03471728903017914,0.05454668362851268,-0.03543347646269182,0.03543347646269182,False
2022-02-07,ensemble,0.01926775486687005,0.01926775486687005,0.01926775486687005,0.01926775486687005,0.0,True,,0.052331137599999994,-0.03306338273312995,0.0628228105369541,-0.04355505567008405,0.04355505567008405,False
2022-02-08,ensemble,0.019281951777246117,0.019281951777246117,0.019281951777246117,0.019281951777246117,0.0,True,,0.045952781956,-0.026670830178753883,0.06226286323025986,-0.04298091145301375,0.04298091145301375,False
2022-02-09,ensemble,0.019544028989799116,0.019544028989799116,0.019544028989799116,0.019544028989799116,0.0,True,,0.039744010881000005,-0.02019998189120089,0.06169443489471913,-0.042150405904920016,0.042150405904920016,False
2022-02-10,ensemble,0.01974664057632916,0.01974664057632916,0.01974664057632916,0.01974664057632916,0.0,True,,0.05726640441599999,-0.03751976383967083,0.05839616598839212,-0.03864952541206296,0.03864952541206296,False
2022-02-11,ensemble,0.02012957364856845,0.02012957364856845,0.02012957364856845,0.02012957364856845,0.0,True,,0.075044767249,-0.05491519360043155,0.059314397187235315,-0.03918482353866687,0.03918482353866687,True
2022-02-14,ensemble,0.020536060508164672,0.020536060508164672,0.020536060508164672,0.020536060508164672,0.0,True,,0.08026738922499999,-0.059731328716835314,0.06495785484820218,-0.04442179434003751,0.04442179434003751,True
2022-02-15,ensemble,0.020686330806593465,0.020686330806593465,0.020686330806593465,0.020686330806593465,0.0,True,,0.06608447076099999,-0.04539813995440653,0.06374159695661032,-0.043055266150016855,0.043055266150016855,True
2022-02-16,ensemble,0.020840155141085677,0.020840155141085677,0.020840155141085677,0.020840155141085677,0.0,True,,0.058873684321,-0.03803352917991432,0.06445502016330651,-0.04361486502222083,0.04361486502222083,False
2022-02-17,ensemble,0.021041967011425095,0.021041967011425095,0.021041967011425095,0.021041967011425095,0.0,True,,0.07904307331600001,-0.05800110630457492,0.058861030681802005,-0.03781906367037691,0.03781906367037691,True
2022-02-18,ensemble,0.021500030999172443,0.021500030999172443,0.021500030999172443,0.021500030999172443,0.0,True,,0.07710396097599999,-0.055603929976827546,0.05997869317367018,-0.03847866217449774,0.03847866217449774,True
2022-02-22,ensemble,0.023761200071479197,0.023761200071479197,0.023761200071479197,0.023761200071479197,0.0,True,,0.08280236451600001,-0.059041164444520816,0.06059787297076368,-0.03683667289928448,0.03683667289928448,True
2022-02-23,ensemble,0.02147976546458387,0.02147976546458387,0.02147976546458387,0.02147976546458387,0.0,True,,0.09619674433599999,-0.07471697887141612,0.059440151824655965,-0.037960386360072096,0.037960386360072096,True
2022-02-24,ensemble,0.0239215081324202,0.0239215081324202,0.0239215081324202,0.0239215081324202,0.0,True,,0.09208493702499998,-0.06816342889257979,0.057047562131069825,-0.033126053998649624,0.033126053998649624,True
2022-02-25,ensemble,0.022059542655118027,0.022059542655118027,0.022059542655118027,0.022059542655118027,0.0,True,,0.07601655552099999,-0.05395701286588196,0.051934925708184344,-0.029875383053066317,0.029875383053066317,True
2022-02-28,ensemble,0.022346903036254293,0.022346903036254293,0.022346903036254293,0.022346903036254293,0.0,True,,0.090717825636,-0.06837092259974571,0.05367016595499188,-0.03132326291873759,0.03132326291873759,True
2022-03-01,ensemble,0.022376124306178302,0.022376124306178302,0.022376124306178302,0.022376124306178302,0.0,True,,0.111009578761,-0.0886334544548217,0.05130401811675503,-0.028927893810576727,0.028927893810576727,True
2022-03-02,ensemble,0.023357482217658737,0.023357482217658737,0.023357482217658737,0.023357482217658737,0.0,True,,0.094437592249,-0.07108011003134126,0.050203535942124136,-0.0268460537244654,0.0268460537244654,True
2022-03-03,ensemble,0.0218985492375017,0.0218985492375017,0.0218985492375017,0.0218985492375017,0.0,True,,0.09275496624900001,-0.07085641701149831,0.05000074667267606,-0.02810219743517436,0.02810219743517436,True
2022-03-04,ensemble,0.02260835479931296,0.02260835479931296,0.02260835479931296,0.02260835479931296,0.0,True,,0.10236864240099999,-0.07976028760168703,0.0500753007613037,-0.027466945961990737,0.027466945961990737,True
2022-03-07,ensemble,0.02308596738596647,0.02308596738596647,0.02308596738596647,0.02308596738596647,0.0,True,,0.133187772601,-0.11010180521503354,0.04127019191693021,-0.01818422453096374,0.01818422453096374,True
2022-03-08,ensemble,0.023304200828958455,0.023304200828958455,0.023304200828958455,0.023304200828958455,0.0,True,,0.123589511809,-0.10028531098004155,0.04178708510312644,-0.018482884274167985,0.018482884274167985,True
2022-03-09,ensemble,0.02357270194960761,0.02357270194960761,0.02357270194960761,0.02357270194960761,0.0,True,,0.105543115876,-0.0819704139263924,0.03369013341762304,-0.010117431468015428,0.010117431468015428,True
2022-03-10,ensemble,0.023631075408586513,0.023631075408586513,0.023631075408586513,0.023631075408586513,0.0,True,,0.091632738681,-0.06800166327241348,0.03353037114593272,-0.009899295737346207,0.009899295737346207,True
2022-03-11,ensemble,0.02356624631079123,0.02356624631079123,0.02356624631079123,0.02356624631079123,0.0,True,,0.09459376872099998,-0.07102752241020875,0.035131976977911504,-0.011565730667120275,0.011565730667120275,True
2022-03-14,ensemble,0.023896798173759233,0.023896798173759233,0.023896798173759233,0.023896798173759233,0.0,True,,0.10093329,-0.07703649182624075,0.034651681512332104,-0.010754883338572871,0.010754883338572871,True
2022-03-15,ensemble,0.02518848995376691,0.02518848995376691,0.02518848995376691,0.02518848995376691,0.0,True,,0.089068224249,-0.0638797342952331,0.030530209509956073,-0.005341719556189162,0.005341719556189162,True
2022-03-16,ensemble,0.024784553583051462,0.024784553583051462,0.024784553583051462,0.024784553583051462,0.0,True,,0.070980149241,-0.04619559565794854,0.026642068300100786,-0.0018575147170493238,0.0018575147170493238,True
2022-03-17,ensemble,0.024999972099042873,0.024999972099042873,0.024999972099042873,0.024999972099042873,0.0,True,,0.065920049001,-0.04092007690195713,0.02478905585732291,0.00021091624171996198,0.00021091624171996198,True
2022-03-18,ensemble,0.02493497678064266,0.02493497678064266,0.02493497678064266,0.02493497678064266,0.0,True,,0.056830268881,-0.03189529210035734,0.02713785715715871,-0.002202880376516052,0.002202880376516052,True
2022-03-21,ensemble,0.02497382233591351,0.02497382233591351,0.02497382233591351,0.02497382233591351,0.0,True,,0.055482860304,-0.030509037968086492,0.027143433407246557,-0.002169611071333049,0.002169611071333049,True
2022-03-22,ensemble,0.025037373287797295,0.025037373287797295,0.025037373287797295,0.025037373287797295,0.0,True,,0.052509264200999994,-0.0274718909132027,0.028243365235342106,-0.0032059919475448118,0.0032059919475448118,True
2022-03-23,ensemble,0.02604677096689903,0.02604677096689903,0.02604677096689903,0.02604677096689903,0.0,True,,0.055494638329,-0.02944786736210097,0.03551638702909233,-0.0094696160621933,0.0094696160621933,True
2022-03-24,ensemble,0.025047959183424777,0.025047959183424777,0.025047959183424777,0.025047959183424777,0.0,True,,0.047081622289,-0.022033663105575224,0.033231113668553434,-0.008183154485128658,0.008183154485128658,True
2022-03-25,ensemble,0.024994053675670418,0.024994053675670418,0.024994053675670418,0.024994053675670418,0.0,True,,0.043234469041,-0.018240415365329582,0.04331049212849104,-0.018316438452820626,0.018316438452820626,False
2022-03-28,ensemble,0.02509426890971669,0.02509426890971669,0.02509426890971669,0.02509426890971669,0.0,True,,0.03851563251600001,-0.013421363606283317,0.04280224967573704,-0.017707980766020353,0.017707980766020353,False
2022-03-29,ensemble,0.025569246672058486,0.025569246672058486,0.025569246672058486,0.025569246672058486,0.0,True,,0.035637510841,-0.010068264168941517,0.048455696484998166,-0.02288644981293968,0.02288644981293968,False
2022-03-30,ensemble,0.0258305135498442,0.0258305135498442,0.0258305135498442,0.0258305135498442,0.0,True,,0.037306149904,-0.011475636354155796,0.06501084207178948,-0.03918032852194528,0.03918032852194528,False
2022-03-31,ensemble,0.025089937081484933,0.025089937081484933,0.025089937081484933,0.025089937081484933,0.0,True,,0.042190392409,-0.017100455327515068,0.06255594664103296,-0.03746600955954803,0.03746600955954803,False
2022-04-01,ensemble,0.024994812751825853,0.024994812751825853,0.024994812751825853,0.024994812751825853,0.0,True,,0.03851720256399999,-0.01352238981217414,0.06271084442955606,-0.0377160316777302,0.0377160316777302,False
2022-04-04,ensemble,0.02513008021048193,0.02513008021048193,0.02513008021048193,0.02513008021048193,0.0,True,,0.034448102403999994,-0.009318022193518065,0.07263657757293111,-0.047506497362449183,0.047506497362449183,False
2022-04-05,ensemble,0.02532946169556941,0.02532946169556941,0.02532946169556941,0.02532946169556941,0.0,True,,0.044233240489,-0.01890377879343059,0.0864139510874828,-0.061084489391913396,0.061084489391913396,False
2022-04-06,ensemble,0.025104287997521773,0.025104287997521773,0.025104287997521773,0.025104287997521773,0.0,True,,0.048715111224999996,-0.023610823227478223,0.08563210459515626,-0.06052781659763448,0.06052781659763448,False
2022-04-07,ensemble,0.02506274849461371,0.02506274849461371,0.02506274849461371,0.02506274849461371,0.0,True,,0.046382944689,-0.021320196194386288,0.0980359959576243,-0.0729732474630106,0.0729732474630106,False
2022-04-08,ensemble,0.02497438036092736,0.02497438036092736,0.02497438036092736,0.02497438036092736,0.0,True,,0.044671358736,-0.01969697837507264,0.0980138813592718,-0.07303950099834444,0.07303950099834444,False
2022-04-11,ensemble,0.02583991377610208,0.02583991377610208,0.02583991377610208,0.02583991377610208,0.0,True,,0.059363860609,-0.033523946832897916,0.09752450090246313,-0.07168458712636105,0.07168458712636105,False
2022-04-12,ensemble,0.025280864914789106,0.025280864914789106,0.025280864914789106,0.025280864914789106,0.0,True,,0.05894844084900001,-0.0336675759342109,0.09737223554379981,-0.0720913706290107,0.0720913706290107,False
2022-04-13,ensemble,0.025377861179215873,0.025377861179215873,0.025377861179215873,0.025377861179215873,0.0,True,,0.047691134689,-0.022313273509784126,0.10251440629037835,-0.07713654511116247,0.07713654511116247,False
2022-04-14,ensemble,0.025571297113262344,0.025571297113262344,0.025571297113262344,0.025571297113262344,0.0,True,,0.051469543161,-0.025898246047737654,0.10082877806308384,-0.07525748094982149,0.07525748094982149,False
2022-04-18,ensemble,0.0256304036421606,0.0256304036421606,0.0256304036421606,0.0256304036421606,0.0,True,,0.049142909123999996,-0.023512505481839398,0.10580191615170031,-0.08017151250953972,0.08017151250953972,False
2022-04-19,ensemble,0.025776015807431423,0.025776015807431423,0.025776015807431423,0.025776015807431423,0.0,True,,0.045677520729,-0.019901504921568575,0.12304109406890018,-0.09726507826146875,0.09726507826146875,False
2022-04-20,ensemble,0.02577502297960393,0.02577502297960393,0.02577502297960393,0.02577502297960393,0.0,True,,0.041225647681,-0.015450624701396066,0.1234873977095233,-0.09771237472991937,0.09771237472991937,False
2022-04-21,ensemble,0.02542946069242397,0.02542946069242397,0.02542946069242397,0.02542946069242397,0.0,True,,0.051455024569,-0.026025563876576032,0.12076569112215405,-0.09533623042973008,0.09533623042973008,False
2022-04-22,ensemble,0.026209743869359047,0.026209743869359047,0.026209743869359047,0.026209743869359047,0.0,True,,0.079598465424,-0.053388721554640944,0.1156000174423021,-0.08939027357294305,0.08939027357294305,False
2022-04-25,ensemble,0.026540605788063425,0.026540605788063425,0.026540605788063425,0.026540605788063425,0.0,True,,0.07280768924099999,-0.046267083452936564,0.11590367167321236,-0.08936306588514893,0.08936306588514893,False
2022-04-26,ensemble,0.027607080214257992,0.027607080214257992,0.027607080214257992,0.027607080214257992,0.0,True,,0.11242407820900001,-0.08481699799474202,0.10646796132363096,-0.07886088110937296,0.07886088110937296,True
2022-04-27,ensemble,0.02749660465300626,0.02749660465300626,0.02749660465300626,0.02749660465300626,0.0,True,,0.100010900025,-0.07251429537199375,0.1110704066333905,-0.08357380198038425,0.08357380198038425,False
2022-04-28,ensemble,0.02793049458555167,0.02793049458555167,0.02793049458555167,0.02793049458555167,0.0,True,,0.08984406760000001,-0.06191357301444834,0.11066124178266515,-0.08273074719711349,0.08273074719711349,False
2022-04-29,ensemble,0.02960522241789341,0.02960522241789341,0.02960522241789341,0.02960522241789341,0.0,True,,0.11155600000000002,-0.0819507775821066,0.09402563306692235,-0.06442041064902894,0.06442041064902894,True
2022-05-02,ensemble,0.030483128884953446,0.030483128884953446,0.030483128884953446,0.030483128884953446,0.0,True,,0.10487882250000002,-0.07439569361504658,0.09438492636539997,-0.06390179748044653,0.06390179748044653,True
2022-05-03,ensemble,0.030636822729206127,0.030636822729206127,0.030636822729206127,0.030636822729206127,0.0,True,,0.08574355240000002,-0.05510672967079389,0.09840429120654569,-0.06776746847733955,0.06776746847733955,False
2022-05-04,ensemble,0.031490536085058946,0.031490536085058946,0.031490536085058946,0.031490536085058946,0.0,True,,0.064639503049,-0.033148966963941054,0.09089130146254995,-0.059400765377491005,0.059400765377491005,False
2022-05-05,ensemble,0.03305754300174945,0.03305754300174945,0.03305754300174945,0.03305754300174945,0.0,True,,0.097236701584,-0.06417915858225054,0.07528575869858792,-0.04222821569683847,0.04222821569683847,True
2022-05-06,ensemble,0.03283610584177484,0.03283610584177484,0.03283610584177484,0.03283610584177484,0.0,True,,0.09132484000000002,-0.05848873415822518,0.07594929660039053,-0.04311319075861569,0.04311319075861569,True
2022-05-09,ensemble,0.0367088581530992,0.0367088581530992,0.0367088581530992,0.0367088581530992,0.0,True,,0.12087999168399999,-0.08417113353090079,0.06467626753247419,-0.02796740937937499,0.02796740937937499,True
2022-05-10,ensemble,0.03507013218179899,0.03507013218179899,0.03507013218179899,0.03507013218179899,0.0,True,,0.10889274012099999,-0.07382260793920101,0.07156488428547471,-0.03649475210367572,0.03649475210367572,True
2022-05-11,ensemble,0.03553680051432887,0.03553680051432887,0.03553680051432887,0.03553680051432887,0.0,True,,0.105853273201,-0.07031647268667113,0.07887709962030984,-0.043340299105980966,0.043340299105980966,True
2022-05-12,ensemble,0.03436062476951733,0.03436062476951733,0.03436062476951733,0.03436062476951733,0.0,True,,0.10114371696100001,-0.06678309219148268,0.09684349793655224,-0.06248287316703491,0.06248287316703491,True
2022-05-13,ensemble,0.03514055347693121,0.03514055347693121,0.03514055347693121,0.03514055347693121,0.0,True,,0.08320859468100002,-0.04806804120406881,0.09025424124145845,-0.05511368776452724,0.05511368776452724,False
2022-05-16,ensemble,0.03465982142210798,0.03465982142210798,0.03465982142210798,0.03465982142210798,0.0,True,,0.07550075107600002,-0.040840929653892036,0.09246045312975561,-0.057800631707647626,0.057800631707647626,False
2022-05-17,ensemble,0.03543278729949489,0.03543278729949489,0.03543278729949489,0.03543278729949489,0.0,True,,0.06824947251599998,-0.0328166852165051,0.10107804842080048,-0.06564526112130559,0.06564526112130559,False
2022-05-18,ensemble,0.03673962224604147,0.03673962224604147,0.03673962224604147,0.03673962224604147,0.0,True,,0.09576982408899999,-0.05903020184295852,0.08081741802416251,-0.044077795778121036,0.044077795778121036,True
2022-05-19,ensemble,0.03703420332906507,0.03703420332906507,0.03703420332906507,0.03703420332906507,0.0,True,,0.08638661505600001,-0.04935241172693494,0.08778189746388414,-0.05074769413481907,0.05074769413481907,False
2022-05-20,ensemble,0.03641800909571161,0.03641800909571161,0.03641800909571161,0.03641800909571161,0.0,True,,0.08641542122499998,-0.04999741212928837,0.08781912709156343,-0.05140111799585182,0.05140111799585182,False
2022-05-23,ensemble,0.03755861469754898,0.03755861469754898,0.03755861469754898,0.03755861469754898,0.0,True,,0.08107174236100001,-0.04351312766345103,0.08483749520556778,-0.0472788805080188,0.0472788805080188,False
2022-05-24,ensemble,0.037438317877698434,0.037438317877698434,0.037438317877698434,0.037438317877698434,0.0,True,,0.08667194880100001,-0.04923363092330158,0.09588830270554854,-0.05844998482785011,0.05844998482785011,False
2022-05-25,ensemble,0.0373698577542004,0.0373698577542004,0.0373698577542004,0.0373698577542004,0.0,True,,0.080665656289,-0.043295798534799604,0.09513558989182186,-0.057765732137621456,0.057765732137621456,False
2022-05-26,ensemble,0.03764666048056112,0.03764666048056112,0.03764666048056112,0.03764666048056112,0.0,True,,0.075763663504,-0.038117003023438886,0.09555287177354195,-0.05790621129298083,0.05790621129298083,False
2022-05-27,ensemble,0.03816958511144783,0.03816958511144783,0.03816958511144783,0.03816958511144783,0.0,True,,0.066251156449,-0.028081571337552166,0.0885025600998679,-0.05033297498842007,0.05033297498842007,False
2022-05-31,ensemble,0.038539291405331605,0.038539291405331605,0.038539291405331605,0.038539291405331605,0.0,True,,0.068563851409,-0.03002456000366839,0.08892117334137194,-0.05038188193604033,0.05038188193604033,False
2022-06-01,ensemble,0.038725036315163955,0.038725036315163955,0.038725036315163955,0.038725036315163955,0.0,True,,0.065839454464,-0.027114418148836042,0.08945797968408085,-0.0507329433689169,0.0507329433689169,False
2022-06-02,ensemble,0.038598719544377144,0.038598719544377144,0.038598719544377144,0.038598719544377144,0.0,True,,0.061244865529,-0.022646145984622855,0.08523032283223349,-0.046631603287856344,0.046631603287856344,False
2022-06-03,ensemble,0.03874078707890968,0.03874078707890968,0.03874078707890968,0.03874078707890968,0.0,True,,0.061289419489000005,-0.022548632410090322,0.08208083254742278,-0.0433400454685131,0.0433400454685131,False
2022-06-06,ensemble,0.03883187119274487,0.03883187119274487,0.03883187119274487,0.03883187119274487,0.0,True,,0.062773799209,-0.02394192801625513,0.08462194059847425,-0.045790069405729376,0.045790069405729376,False
2022-06-07,ensemble,0.03884496668521424,0.03884496668521424,0.03884496668521424,0.03884496668521424,0.0,True,,0.0576096004,-0.01876463371478576,0.08353642782180466,-0.04469146113659042,0.04469146113659042,False
2022-06-08,ensemble,0.03872721379835801,0.03872721379835801,0.03872721379835801,0.03872721379835801,0.0,True,,0.057481980515999995,-0.018754766717641987,0.0836864539219127,-0.0449592401235547,0.0449592401235547,False
2022-06-09,ensemble,0.03924227116259164,0.03924227116259164,0.03924227116259164,0.03924227116259164,0.0,True,,0.068247905049,-0.02900563388640836,0.07768193194864137,-0.03843966078604973,0.03843966078604973,False
2022-06-10,ensemble,0.04007143395155624,0.04007143395155624,0.04007143395155624,0.04007143395155624,0.0,True,,0.076911374241,-0.03683994028944376,0.06762517105793354,-0.027553737106377305,0.027553737106377305,True
2022-06-13,ensemble,0.043019655881494874,0.043019655881494874,0.043019655881494874,0.043019655881494874,0.0,True,,0.11573604,-0.07271638411850512,0.04971662717311379,-0.0066969712916189125,0.0066969712916189125,True
2022-06-14,ensemble,0.042695025084355964,0.042695025084355964,0.042695025084355964,0.042695025084355964,0.0,True,,0.106774711696,-0.06407968661164404,0.05390514315434955,-0.011210118069993585,0.011210118069993585,True
2022-06-15,ensemble,0.04391791683270704,0.04391791683270704,0.04391791683270704,0.04391791683270704,0.0,True,,0.08784584654399999,-0.04392792971129295,0.05232549572197955,-0.008407578889272516,0.008407578889272516,True
2022-06-16,ensemble,0.044611165657169896,0.044611165657169896,0.044611165657169896,0.044611165657169896,0.0,True,,0.108321949129,-0.06371078347183011,0.04726222934154563,-0.002651063684375732,0.002651063684375732,True
2022-06-17,ensemble,0.04362269996062848,0.04362269996062848,0.04362269996062848,0.04362269996062848,0.0,True,,0.09681867864900001,-0.05319597868837153,0.04769071716161954,-0.004068017200991057,0.004068017200991057,True
2022-06-21,ensemble,0.04460061657315337,0.04460061657315337,0.04460061657315337,0.04460061657315337,0.0,True,,0.091184673024,-0.046584056450846636,0.041505134144266785,0.0030954824288865826,0.0030954824288865826,True
2022-06-22,ensemble,0.04454025379176978,0.04454025379176978,0.04454025379176978,0.04454025379176978,0.0,True,,0.084019979044,-0.03947972525223023,0.042508275602356115,0.002031978189413662,0.002031978189413662,True
2022-06-23,ensemble,0.04434682432943455,0.04434682432943455,0.04434682432943455,0.04434682432943455,0.0,True,,0.084422208025,-0.04007538369556545,0.04138407445597506,0.002962749873459486,0.002962749873459486,True
2022-06-24,ensemble,0.04525394023674132,0.04525394023674132,0.04525394023674132,0.04525394023674132,0.0,True,,0.07418378268900001,-0.028929842452258693,0.0313283649438726,0.013925575292868718,0.013925575292868718,True
2022-06-27,ensemble,0.04547034609935656,0.04547034609935656,0.04547034609935656,0.04547034609935656,0.0,True,,0.07244656728099999,-0.02697622118164343,0.03903843775600698,0.006431908343349578,0.006431908343349578,True
2022-06-28,ensemble,0.04576642172989963,0.04576642172989963,0.04576642172989963,0.04576642172989963,0.0,True,,0.080251524369,-0.03448510263910037,0.03578843129212989,0.009977990437769736,0.009977990437769736,True
2022-06-29,ensemble,0.04568493647110111,0.04568493647110111,0.04568493647110111,0.04568493647110111,0.0,True,,0.07946873760399999,-0.033783801132898875,0.03829425882182857,0.007390677649272544,0.007390677649272544,True
2022-06-30,ensemble,0.04566297046140519,0.04566297046140519,0.04566297046140519,0.04566297046140519,0.0,True,,0.08255737958399999,-0.0368944091225948,0.037601262277156565,0.008061708184248624,0.008061708184248624,True
2022-07-01,ensemble,0.045342889202563755,0.045342889202563755,0.045342889202563755,0.045342889202563755,0.0,True,,0.071396908804,-0.026054019601436246,0.03679873451176806,0.008544154690795697,0.008544154690795697,True
2022-07-05,ensemble,0.04539109768866259,0.04539109768866259,0.04539109768866259,0.04539109768866259,0.0,True,,0.07582588322500002,-0.030434785536337425,0.039653211848096635,0.005737885840565955,0.005737885840565955,True
2022-07-06,ensemble,0.0454284359538255,0.0454284359538255,0.0454284359538255,0.0454284359538255,0.0,True,,0.07156106508099999,-0.02613262912717449,0.039522278283534,0.005906157670291498,0.005906157670291498,True
2022-07-07,ensemble,0.04565799169305632,0.04565799169305632,0.04565799169305632,0.04565799169305632,0.0,True,,0.06801246726400001,-0.022354475570943687,0.036904596884323494,0.008753394808732828,0.008753394808732828,True
2022-07-08,ensemble,0.04500737789391496,0.04500737789391496,0.04500737789391496,0.04500737789391496,0.0,True,,0.060589330201000005,-0.015581952307085048,0.03691266053637129,0.00809471735754367,0.00809471735754367,True
2022-07-11,ensemble,0.04502367324179797,0.04502367324179797,0.04502367324179797,0.04502367324179797,0.0,True,,0.068585324544,-0.02356165130220203,0.035518590176205025,0.009505083065592945,0.009505083065592945,True
2022-07-12,ensemble,0.04487985400233916,0.04487985400233916,0.04487985400233916,0.04487985400233916,0.0,True,,0.07439474451599999,-0.02951489051366083,0.03975550520825815,0.00512434879408101,0.00512434879408101,True
2022-07-13,ensemble,0.044759523001179476,0.044759523001179476,0.044759523001179476,0.044759523001179476,0.0,True,,0.07185401913600001,-0.027094496134820532,0.039422796079377334,0.0053367269218021415,0.0053367269218021415,True
2022-07-14,ensemble,0.044782150049498495,0.044782150049498495,0.044782150049498495,0.044782150049498495,0.0,True,,0.06965640562500001,-0.02487425557550152,0.04273360250686925,0.002048547542629245,0.002048547542629245,True
2022-07-15,ensemble,0.045655061910491596,0.045655061910491596,0.045655061910491596,0.045655061910491596,0.0,True,,0.058756790404,-0.013101728493508408,0.038638731966538206,0.007016329943953389,0.007016329943953389,True
2022-07-18,ensemble,0.04548505217045028,0.04548505217045028,0.04548505217045028,0.04548505217045028,0.0,True,,0.06398876160000001,-0.018503709429549736,0.03785974527046623,0.007625306899984044,0.007625306899984044,True
2022-07-19,ensemble,0.045486641657611626,0.045486641657611626,0.045486641657611626,0.045486641657611626,0.0,True,,0.060124020804,-0.014637379146388373,0.02993914492036411,0.015547496737247517,0.015547496737247517,True
2022-07-20,ensemble,0.04506678704870429,0.04506678704870429,0.04506678704870429,0.04506678704870429,0.0,True,,0.05694570868900001,-0.01187892164029572,0.029555896541611525,0.015510890507092763,0.015510890507092763,True
2022-07-21,ensemble,0.045412876791188224,0.045412876791188224,0.045412876791188224,0.045412876791188224,0.0,True,,0.053339750116,-0.007926873324811776,0.030520545356832598,0.014892331434355626,0.014892331434355626,True
2022-07-22,ensemble,0.044878012493126763,0.044878012493126763,0.044878012493126763,0.044878012493126763,0.0,True,,0.053067111769,-0.00818909927587324,0.034791240075652284,0.01008677241747448,0.01008677241747448,True
2022-07-25,ensemble,0.0449787250893616,0.0449787250893616,0.0449787250893616,0.0449787250893616,0.0,True,,0.054426557025,-0.009447831935638404,0.03484395336646287,0.010134771722898728,0.010134771722898728,True
2022-07-26,ensemble,0.04486547925917875,0.04486547925917875,0.04486547925917875,0.04486547925917875,0.0,True,,0.060918631489,-0.016053152229821253,0.03326676123453632,0.011598718024642428,0.011598718024642428,True
2022-07-27,ensemble,0.045519797843026316,0.045519797843026316,0.045519797843026316,0.045519797843026316,0.0,True,,0.054022775184,-0.008502977340973682,0.027739257387895285,0.01778054045513103,0.01778054045513103,True
2022-07-28,ensemble,0.04553366326893794,0.04553366326893794,0.04553366326893794,0.04553366326893794,0.0,True,,0.04988343571599999,-0.004349772447062049,0.04010428703930714,0.0054293762296308,0.0054293762296308,True
2022-07-29,ensemble,0.04550155943947373,0.04550155943947373,0.04550155943947373,0.04550155943947373,0.0,True,,0.045494330436000006,7.229003473725737e-06,0.038118642308986254,0.007382917130487478,0.007382917130487478,False
2022-08-01,ensemble,0.04602689181278576,0.04602689181278576,0.04602689181278576,0.04602689181278576,0.0,True,,0.052096693009,-0.006069801196214239,0.03947529031943971,0.006551601493346056,0.006551601493346056,True
2022-08-02,ensemble,0.04569682340766829,0.04569682340766829,0.04569682340766829,0.04569682340766829,0.0,True,,0.057284592964,-0.011587769556331708,0.03964961616476258,0.006047207242905715,0.006047207242905715,True
2022-08-03,ensemble,0.04585069801300439,0.04585069801300439,0.04585069801300439,0.04585069801300439,0.0,True,,0.048305885796,-0.0024551877829956104,0.03687019956981375,0.00898049844319064,0.00898049844319064,True
2022-08-04,ensemble,0.045497906506075395,0.045497906506075395,0.045497906506075395,0.045497906506075395,0.0,True,,0.046012824036,-0.0005149175299246078,0.038213129795693884,0.00728477671038151,0.00728477671038151,True
2022-08-05,ensemble,0.04530892651700803,0.04530892651700803,0.04530892651700803,0.04530892651700803,0.0,True,,0.044854580521000005,0.0004543459960080279,0.03835028474378129,0.006958641773226741,0.006958641773226741,False
2022-08-08,ensemble,0.04519664866643759,0.04519664866643759,0.04519664866643759,0.04519664866643759,0.0,True,,0.045323855236,-0.0001272065695624089,0.04213853536733233,0.0030581132991052626,0.0030581132991052626,True
2022-08-09,ensemble,0.045055171132426394,0.045055171132426394,0.045055171132426394,0.045055171132426394,0.0,True,,0.047489998084,-0.0024348269515736057,0.04245789510821771,0.002597276024208686,0.002597276024208686,True
2022-08-10,ensemble,0.04539322741042394,0.04539322741042394,0.04539322741042394,0.04539322741042394,0.0,True,,0.03896439123599999,0.006428836174423948,0.040124732701793175,0.005268494708630764,0.005268494708630764,True
2022-08-11,ensemble,0.045187560524515405,0.045187560524515405,0.045187560524515405,0.045187560524515405,0.0,True,,0.040801576036,0.004385984488515404,0.0414961274729643,0.0036914330515511046,0.0036914330515511046,True
2022-08-12,ensemble,0.04534828715238494,0.04534828715238494,0.04534828715238494,0.04534828715238494,0.0,True,,0.038163576025,0.007184711127384939,0.061830606129660036,-0.016482318977275097,0.016482318977275097,True
2022-08-15,ensemble,0.045638786668358786,0.045638786668358786,0.045638786668358786,0.045638786668358786,0.0,True,,0.03976913408399999,0.0058696525843587935,0.06180173096413383,-0.016162944295775042,0.016162944295775042,True
2022-08-16,ensemble,0.04577629160210451,0.04577629160210451,0.04577629160210451,0.04577629160210451,0.0,True,,0.038704660225,0.007071631377104509,0.06332028988633216,-0.017543998284227653,0.017543998284227653,True
2022-08-17,ensemble,0.045125476725407926,0.045125476725407926,0.045125476725407926,0.045125476725407926,0.0,True,,0.039523030416000006,0.00560244630940792,0.06437027842063939,-0.01924480169523146,0.01924480169523146,True
2022-08-18,ensemble,0.04521360426813337,0.04521360426813337,0.04521360426813337,0.04521360426813337,0.0,True,,0.038235891599999995,0.006977712668133372,0.06498532353140843,-0.01977171926327506,0.01977171926327506,True
2022-08-19,ensemble,0.04529312719186112,0.04529312719186112,0.04529312719186112,0.04529312719186112,0.0,True,,0.04246979072399999,0.0028233364678611275,0.06438830541734611,-0.01909517822548499,0.01909517822548499,True
2022-08-22,ensemble,0.04545923524253699,0.04545923524253699,0.04545923524253699,0.04545923524253699,0.0,True,,0.056759250564000004,-0.011300015321463013,0.06279113004316228,-0.01733189480062529,0.01733189480062529,False
2022-08-23,ensemble,0.04530036791227995,0.04530036791227995,0.04530036791227995,0.04530036791227995,0.0,True,,0.058247891716000005,-0.012947523803720058,0.06357457260239434,-0.01827420469011439,0.01827420469011439,False
2022-08-24,ensemble,0.04526762516285278,0.04526762516285278,0.04526762516285278,0.04526762516285278,0.0,True,,0.05197579232399999,-0.006708167161147215,0.0668780180423105,-0.02161039287945772,0.02161039287945772,False
2022-08-25,ensemble,0.045500189088881385,0.045500189088881385,0.045500189088881385,0.045500189088881385,0.0,True,,0.047304075024999996,-0.0018038859361186113,0.0657057918703487,-0.02020560278146731,0.02020560278146731,False
2022-08-26,ensemble,0.04644089243843668,0.04644089243843668,0.04644089243843668,0.04644089243843668,0.0,True,,0.06545154722499999,-0.01901065478656331,0.0515548310958015,-0.005113938657364821,0.005113938657364821,True
2022-08-29,ensemble,0.04676289533488857,0.04676289533488857,0.04676289533488857,0.04676289533488857,0.0,True,,0.068544999721,-0.021782104386111438,0.05558280330610605,-0.008819907971217483,0.008819907971217483,True
2022-08-30,ensemble,0.046719564923377865,0.046719564923377865,0.046719564923377865,0.046719564923377865,0.0,True,,0.068783454756,-0.02206388983262214,0.059468332000433194,-0.012748767077055329,0.012748767077055329,True
2022-08-31,ensemble,0.046649512185002524,0.046649512185002524,0.046649512185002524,0.046649512185002524,0.0,True,,0.06699866328099999,-0.020349151095997463,0.06168268067881794,-0.015033168493815419,0.015033168493815419,True
2022-09-01,ensemble,0.04644384285398571,0.04644384285398571,0.04644384285398571,0.04644384285398571,0.0,True,,0.06549760562500001,-0.019053762771014303,0.0697136054587362,-0.023269762604750492,0.023269762604750492,False
2022-09-02,ensemble,0.04645546445213416,0.04645546445213416,0.04645546445213416,0.04645546445213416,0.0,True,,0.06496738276899999,-0.018511918316865834,0.07954006669419068,-0.033084602242056525,0.033084602242056525,False
2022-09-06,ensemble,0.04636585202238107,0.04636585202238107,0.04636585202238107,0.04636585202238107,0.0,True,,0.07230828560399999,-0.02594243358161892,0.07943377482757907,-0.033067922805198005,0.033067922805198005,False
2022-09-07,ensemble,0.046636284288054414,0.046636284288054414,0.046636284288054414,0.046636284288054414,0.0,True,,0.060632660169000006,-0.013996375880945593,0.07691963061415648,-0.030283346326102065,0.030283346326102065,False
2022-09-08,ensemble,0.04669226000064365,0.04669226000064365,0.04669226000064365,0.04669226000064365,0.0,True,,0.055870304161,-0.00917804416035635,0.08601438947959841,-0.03932212947895476,0.03932212947895476,False
2022-09-09,ensemble,0.0465449148947782,0.0465449148947782,0.0465449148947782,0.0465449148947782,0.0,True,,0.051815872161,-0.005270957266221794,0.08386757235124545,-0.03732265745646725,0.03732265745646725,False
2022-09-12,ensemble,0.046855338302184045,0.046855338302184045,0.046855338302184045,0.046855338302184045,0.0,True,,0.056967665041,-0.010112326738815958,0.08298052316925218,-0.03612518486706814,0.03612518486706814,False
2022-09-13,ensemble,0.049153166299615914,0.049153166299615914,0.049153166299615914,0.049153166299615914,0.0,True,,0.074410565089,-0.025257398789384086,0.05939528472515042,-0.010242118425534505,0.010242118425534505,True
2022-09-14,ensemble,0.04868137579401915,0.04868137579401915,0.04868137579401915,0.04868137579401915,0.0,True,,0.06826828352400001,-0.01958690772998086,0.06736372421995511,-0.01868234842593596,0.01868234842593596,True
2022-09-15,ensemble,0.049339232257184035,0.049339232257184035,0.049339232257184035,0.049339232257184035,0.0,True,,0.069062263209,-0.019723030951815962,0.07217619271108423,-0.0228369604539002,0.0228369604539002,False
2022-09-16,ensemble,0.04973238383655132,0.04973238383655132,0.04973238383655132,0.04973238383655132,0.0,True,,0.06897976959999999,-0.01924738576344867,0.07824237261945056,-0.028509988782899245,0.028509988782899245,False
2022-09-19,ensemble,0.049063108495114964,0.049063108495114964,0.049063108495114964,0.049063108495114964,0.0,True,,0.06617344656400001,-0.017110338068885046,0.07916364660347178,-0.030100538108356813,0.030100538108356813,False
2022-09-20,ensemble,0.04942528878563679,0.04942528878563679,0.04942528878563679,0.04942528878563679,0.0,True,,0.07380784897599998,-0.024382560190363195,0.07817112724680866,-0.028745838461171874,0.028745838461171874,False
2022-09-21,ensemble,0.04978829673707208,0.04978829673707208,0.04978829673707208,0.04978829673707208,0.0,True,,0.07853838100900001,-0.028750084271927934,0.07530584982970921,-0.025517553092637132,0.025517553092637132,True
2022-09-22,ensemble,0.049042980250443964,0.049042980250443964,0.049042980250443964,0.049042980250443964,0.0,True,,0.07490785824900001,-0.025864877998556045,0.08137027574638019,-0.03232729549593622,0.03232729549593622,False
2022-09-23,ensemble,0.049218277910977916,0.049218277910977916,0.049218277910977916,0.049218277910977916,0.0,True,,0.089491320801,-0.040273042890022086,0.07971929445630263,-0.030501016545324715,0.030501016545324715,True
2022-09-26,ensemble,0.051099263728942516,0.051099263728942516,0.051099263728942516,0.051099263728942516,0.0,True,,0.1042837849,-0.05318452117105748,0.08154496942850188,-0.030445705699559365,0.030445705699559365,True
2022-09-27,ensemble,0.04906930482526736,0.04906930482526736,0.04906930482526736,0.04906930482526736,0.0,True,,0.106542835281,-0.05747353045573264,0.08215287692008526,-0.033083572094817895,0.033083572094817895,True
2022-09-28,ensemble,0.04995190978502881,0.04995190978502881,0.04995190978502881,0.04995190978502881,0.0,True,,0.09080639828100001,-0.0408544884959712,0.07794078445724345,-0.027988874672214642,0.027988874672214642,True
2022-09-29,ensemble,0.05019209072797307,0.05019209072797307,0.05019209072797307,0.05019209072797307,0.0,True,,0.101237876041,-0.05104578531302693,0.07922691492222383,-0.029034824194250762,0.029034824194250762,True
2022-09-30,ensemble,0.050365680525114136,0.050365680525114136,0.050365680525114136,0.050365680525114136,0.0,True,,0.10010326488099999,-0.04973758435588586,0.07694313258533599,-0.02657745206022185,0.02657745206022185,True
2022-10-03,ensemble,0.05102096888283936,0.05102096888283936,0.05102096888283936,0.05102096888283936,0.0,True,,0.09036997945599999,-0.039349010573160634,0.0690252142994696,-0.018004245416630246,0.018004245416630246,True
2022-10-04,ensemble,0.051511546043755616,0.051511546043755616,0.051511546043755616,0.051511546043755616,0.0,True,,0.084490211584,-0.03297866554024438,0.06560232611082273,-0.014090780067067113,0.014090780067067113,True
2022-10-05,ensemble,0.05155473886613151,0.05155473886613151,0.05155473886613151,0.05155473886613151,0.0,True,,0.081557078724,-0.030002339857868494,0.06682266688674748,-0.015267928020615974,0.015267928020615974,True
2022-10-06,ensemble,0.05116836344292465,0.05116836344292465,0.05116836344292465,0.05116836344292465,0.0,True,,0.093266716816,-0.04209835337307535,0.06798300537262772,-0.01681464192970307,0.01681464192970307,True
2022-10-07,ensemble,0.052118461501460746,0.052118461501460746,0.052118461501460746,0.052118461501460746,0.0,True,,0.098208277924,-0.04608981642253925,0.059466491111872244,-0.007348029610411498,0.007348029610411498,True
2022-10-10,ensemble,0.05244565691820304,0.05244565691820304,0.05244565691820304,0.05244565691820304,0.0,True,,0.10531452848399998,-0.05286887156579694,0.05910899833011164,-0.006663341411908601,0.006663341411908601,True
2022-10-11,ensemble,0.05232444438774565,0.05232444438774565,0.05232444438774565,0.05232444438774565,0.0,True,,0.112900704049,-0.06057625966125435,0.06382496150378773,-0.01150051711604208,0.01150051711604208,True
2022-10-12,ensemble,0.05324402131535533,0.05324402131535533,0.05324402131535533,0.05324402131535533,0.0,True,,0.11236105120899999,-0.05911702989364466,0.09803752340665826,-0.044793502091302936,0.044793502091302936,True
2022-10-13,ensemble,0.05283145724865981,0.05283145724865981,0.05283145724865981,0.05283145724865981,0.0,True,,0.101996558161,-0.04916510091234019,0.0910083147134469,-0.03817685746478709,0.03817685746478709,True
2022-10-14,ensemble,0.05303455513404279,0.05303455513404279,0.05303455513404279,0.05303455513404279,0.0,True,,0.102273958809,-0.049239403674957216,0.08550714985489033,-0.03247259472084754,0.03247259472084754,True
2022-10-17,ensemble,0.054420700720585524,0.054420700720585524,0.054420700720585524,0.054420700720585524,0.0,True,,0.098291655225,-0.04387095450441447,0.0786476366788253,-0.02422693595823977,0.02422693595823977,True
2022-10-18,ensemble,0.05417551788372449,0.05417551788372449,0.05417551788372449,0.05417551788372449,0.0,True,,0.09310309638400001,-0.03892757850027552,0.07771399619063354,-0.023538478306909055,0.023538478306909055,True
2022-10-19,ensemble,0.05399226505705443,0.05399226505705443,0.05399226505705443,0.05399226505705443,0.0,True,,0.09492622620100001,-0.04093396114394558,0.07721977554005381,-0.023227510482999383,0.023227510482999383,True
2022-10-20,ensemble,0.053849549372803555,0.053849549372803555,0.053849549372803555,0.053849549372803555,0.0,True,,0.09012244161600001,-0.03627289224319646,0.07661513934005763,-0.022765589967254078,0.022765589967254078,True
2022-10-21,ensemble,0.05444007381624556,0.05444007381624556,0.05444007381624556,0.05444007381624556,0.0,True,,0.088313574976,-0.03387350115975443,0.06985609935770748,-0.015416025541461917,0.015416025541461917,True
2022-10-24,ensemble,0.05464019548148559,0.05464019548148559,0.05464019548148559,0.05464019548148559,0.0,True,,0.089028834129,-0.034388638647514416,0.07022526347333455,-0.015585067991848958,0.015585067991848958,True
2022-10-25,ensemble,0.05481156055814963,0.05481156055814963,0.05481156055814963,0.05481156055814963,0.0,True,,0.08095675184099999,-0.026145191282850352,0.06768702326310862,-0.012875462704958984,0.012875462704958984,True
2022-10-26,ensemble,0.054972486001433035,0.054972486001433035,0.054972486001433035,0.054972486001433035,0.0,True,,0.07442911548899998,-0.019456629487566948,0.06700131635029229,-0.012028830348859251,0.012028830348859251,True
2022-10-27,ensemble,0.0544082322942209,0.0544082322942209,0.0544082322942209,0.0544082322942209,0.0,True,,0.07501189768899999,-0.02060366539477909,0.06976229874621562,-0.015354066451994719,0.015354066451994719,True
2022-10-28,ensemble,0.054851582779726585,0.054851582779726585,0.054851582779726585,0.054851582779726585,0.0,True,,0.06631449025600002,-0.011462907476273432,0.06316391316824799,-0.008312330388521402,0.008312330388521402,True
2022-10-31,ensemble,0.05510137513232075,0.05510137513232075,0.05510137513232075,0.05510137513232075,0.0,True,,0.067064942961,-0.011963567828679252,0.0740761751249179,-0.01897479999259715,0.01897479999259715,False
2022-11-01,ensemble,0.05500617358394952,0.05500617358394952,0.05500617358394952,0.05500617358394952,0.0,True,,0.066416505796,-0.011410332212050484,0.07385189089833558,-0.018845717314386057,0.018845717314386057,False
2022-11-02,ensemble,0.05549025128266537,0.05549025128266537,0.05549025128266537,0.05549025128266537,0.0,True,,0.066818114064,-0.01132786278133463,0.06611589791209001,-0.01062564662942464,0.01062564662942464,True
2022-11-03,ensemble,0.055365275415208415,0.055365275415208415,0.055365275415208415,0.055365275415208415,0.0,True,,0.064013048064,-0.008647772648791588,0.06878473864269047,-0.013419463227482054,0.013419463227482054,False
2022-11-04,ensemble,0.055353792256694,0.055353792256694,0.055353792256694,0.055353792256694,0.0,True,,0.060404859075999996,-0.005051066819305998,0.06886395486321763,-0.013510162606523629,0.013510162606523629,False
2022-11-07,ensemble,0.05569896965221722,0.05569896965221722,0.05569896965221722,0.05569896965221722,0.0,True,,0.059273745444000006,-0.0035747757917827874,0.06781115623998844,-0.012112186587771225,0.012112186587771225,False
2022-11-08,ensemble,0.055757274788198766,0.055757274788198766,0.055757274788198766,0.055757274788198766,0.0,True,,0.06522916000000001,-0.009471885211801243,0.06819442470099961,-0.012437149912800843,0.012437149912800843,False
2022-11-09,ensemble,0.05577465746214921,0.05577465746214921,0.05577465746214921,0.05577465746214921,0.0,True,,0.068125698081,-0.012351040618850784,0.06366880311681365,-0.007894145654664439,0.007894145654664439,True
2022-11-10,ensemble,0.05915891188149525,0.05915891188149525,0.05915891188149525,0.05915891188149525,0.0,True,,0.055261666084,0.003897245797495251,0.031784028916785334,0.02737488296470992,0.02737488296470992,False
2022-11-11,ensemble,0.05878901819965855,0.05878901819965855,0.05878901819965855,0.05878901819965855,0.0,True,,0.05056561742400001,0.008223400775658543,0.031353202367381046,0.027435815832277506,0.027435815832277506,False
2022-11-14,ensemble,0.06008061926934665,0.06008061926934665,0.06008061926934665,0.06008061926934665,0.0,True,,0.05635211299600001,0.0037285062733466434,0.030971071240341,0.02910954802900565,0.02910954802900565,False
2022-11-15,ensemble,0.05989879070766169,0.05989879070766169,0.05989879070766169,0.05989879070766169,0.0,True,,0.060398960644,-0.0005001699363383141,0.03746568955559421,0.022433101152067474,0.022433101152067474,True
2022-11-16,ensemble,0.05976992612531737,0.05976992612531737,0.05976992612531737,0.05976992612531737,0.0,True,,0.058287962041,0.0014819640843173679,0.04001227888436254,0.01975764724095483,0.01975764724095483,False
2022-11-17,ensemble,0.059525706578197696,0.059525706578197696,0.059525706578197696,0.059525706578197696,0.0,True,,0.057348275625,0.0021774309531976954,0.040769815275559694,0.018755891302638,0.018755891302638,False
2022-11-18,ensemble,0.059354048814093965,0.059354048814093965,0.059354048814093965,0.059354048814093965,0.0,True,,0.05346315084100001,0.005890897973093959,0.040545990896427395,0.01880805791766657,0.01880805791766657,False
2022-11-21,ensemble,0.05918161390848402,0.05918161390848402,0.05918161390848402,0.05918161390848402,0.0,True,,0.049872269041,0.00930934486748402,0.04303008907409787,0.01615152483438615,0.01615152483438615,False
2022-11-22,ensemble,0.05920253831200587,0.05920253831200587,0.05920253831200587,0.05920253831200587,0.0,True,,0.045299162896,0.013903375416005871,0.043363450132459035,0.015839088179546837,0.015839088179546837,False
2022-11-23,ensemble,0.06112455170709072,0.06112455170709072,0.06112455170709072,0.06112455170709072,0.0,True,,0.041516100024999995,0.019608451682090723,0.043284707236750083,0.017839844470340635,0.017839844470340635,True
2022-11-25,ensemble,0.05924150046666597,0.05924150046666597,0.05924150046666597,0.05924150046666597,0.0,True,,0.042107860803999995,0.017133639662665977,0.04347145838873961,0.015770042077926365,0.015770042077926365,True
2022-11-28,ensemble,0.06019947484629882,0.06019947484629882,0.06019947484629882,0.06019947484629882,0.0,True,,0.049301317521,0.010898157325298821,0.04224317928029507,0.017956295566003748,0.017956295566003748,False
2022-11-29,ensemble,0.058776126208426004,0.058776126208426004,0.058776126208426004,0.058776126208426004,0.0,True,,0.047984216809,0.010791909399426002,0.04602700429055412,0.012749121917871885,0.012749121917871885,False
2022-11-30,ensemble,0.06009783428243635,0.06009783428243635,0.06009783428243635,0.06009783428243635,0.0,True,,0.042273827236000004,0.017824007046436344,0.03456755896321254,0.025530275319223805,0.025530275319223805,False
2022-12-01,ensemble,0.05916499474031829,0.05916499474031829,0.05916499474031829,0.05916499474031829,0.0,True,,0.039450698884,0.019714295856318294,0.03477463613412768,0.024390358606190612,0.024390358606190612,False
2022-12-02,ensemble,0.05919218422008021,0.05919218422008021,0.05919218422008021,0.05919218422008021,0.0,True,,0.036308921401,0.022883262819080215,0.03546837689338184,0.023723807326698376,0.023723807326698376,False
2022-12-05,ensemble,0.060630951274371146,0.060630951274371146,0.060630951274371146,0.060630951274371146,0.0,True,,0.042950490025,0.017680461249371143,0.033095209590621705,0.02753574168374944,0.02753574168374944,False
2022-12-06,ensemble,0.05881088942923654,0.05881088942923654,0.05881088942923654,0.05881088942923654,0.0,True,,0.049099912225,0.00971097720423654,0.03673422488159807,0.022076664547638472,0.022076664547638472,False
2022-12-07,ensemble,0.05876901459274493,0.05876901459274493,0.05876901459274493,0.05876901459274493,0.0,True,,0.051488601921,0.0072804126717449305,0.03670329363128079,0.02206572096146414,0.02206572096146414,False
2022-12-08,ensemble,0.05879617472221681,0.05879617472221681,0.05879617472221681,0.05879617472221681,0.0,True,,0.049756655844000006,0.009039518878216801,0.03655861732733057,0.02223755739488624,0.02223755739488624,False
2022-12-09,ensemble,0.05859481719087806,0.05859481719087806,0.05859481719087806,0.05859481719087806,0.0,True,,0.052209965025,0.006384852165878058,0.03777954881543543,0.020815268375442626,0.020815268375442626,False
2022-12-12,ensemble,0.05843420137284787,0.05843420137284787,0.05843420137284787,0.05843420137284787,0.0,True,,0.062481001444,-0.004046800071152129,0.03547925499492701,0.022954946377920858,0.022954946377920858,True
2022-12-13,ensemble,0.059087458098246684,0.059087458098246684,0.059087458098246684,0.059087458098246684,0.0,True,,0.050841230400000006,0.008246227698246678,0.03497669567559986,0.02411076242264682,0.02411076242264682,False
2022-12-14,ensemble,0.058181090696909354,0.058181090696909354,0.058181090696909354,0.058181090696909354,0.0,True,,0.044797415716,0.013383674980909352,0.034523359918419816,0.02365773077848954,0.02365773077848954,False
2022-12-15,ensemble,0.05918961798082277,0.05918961798082277,0.05918961798082277,0.05918961798082277,0.0,True,,0.0520022416,0.007187376380822771,0.030202247696459024,0.028987370284363746,0.028987370284363746,False
2022-12-16,ensemble,0.05887296841433601,0.05887296841433601,0.05887296841433601,0.05887296841433601,0.0,True,,0.051252884881,0.007620083533336007,0.02759253073571591,0.0312804376786201,0.0312804376786201,False
2022-12-19,ensemble,0.05968283791820857,0.05968283791820857,0.05968283791820857,0.05968283791820857,0.0,True,,0.050271917796,0.009410920122208566,0.03081052759338405,0.028872310324824516,0.028872310324824516,False
2022-12-20,ensemble,0.05850199704596966,0.05850199704596966,0.05850199704596966,0.05850199704596966,0.0,True,,0.046005531121000004,0.012496465924969655,0.032495179239396856,0.026006817806572803,0.026006817806572803,False
2022-12-21,ensemble,0.058278357829807136,0.058278357829807136,0.058278357829807136,0.058278357829807136,0.0,True,,0.040337910649,0.01794044718080714,0.029865687379625954,0.02841267045018118,0.02841267045018118,False
2022-12-22,ensemble,0.05897322858361304,0.05897322858361304,0.05897322858361304,0.05897322858361304,0.0,True,,0.048182884036000004,0.010790344547613039,0.027389806315388482,0.03158342226822456,0.03158342226822456,False
2022-12-23,ensemble,0.057929166675940225,0.057929166675940225,0.057929166675940225,0.057929166675940225,0.0,True,,0.043531066880999995,0.01439809979494023,0.028428707635932582,0.029500459040007643,0.029500459040007643,False
2022-12-27,ensemble,0.05768841736591153,0.05768841736591153,0.05768841736591153,0.05768841736591153,0.0,True,,0.046990533529,0.010697883836911531,0.028304564781740326,0.029383852584171203,0.029383852584171203,False
2022-12-28,ensemble,0.05770528352706587,0.05770528352706587,0.05770528352706587,0.05770528352706587,0.0,True,,0.0489117456,0.008793537927065873,0.02834088805019782,0.029364395476868053,0.029364395476868053,False
2022-12-29,ensemble,0.057879514690885106,0.057879514690885106,0.057879514690885106,0.057879514690885106,0.0,True,,0.046093943025,0.011785571665885106,0.027078214004822028,0.030801300686063078,0.030801300686063078,False
2022-12-30,ensemble,0.05780670619650531,0.05780670619650531,0.05780670619650531,0.05780670619650531,0.0,True,,0.047085962048999994,0.010720744147505318,0.028335878527483933,0.029470827669021378,0.029470827669021378,False
2023-01-03,ensemble,0.05767152061741246,0.05767152061741246,0.05767152061741246,0.05767152061741246,0.0,True,,0.052381476899999994,0.005290043717412464,0.030628631363442113,0.027042889253970345,0.027042889253970345,False
2023-01-04,ensemble,0.05911770446043596,0.05911770446043596,0.05911770446043596,0.05911770446043596,0.0,True,,0.048371404225,0.010746300235435963,0.03128918698720149,0.02782851747323447,0.02782851747323447,False
2023-01-05,ensemble,0.05739475939389653,0.05739475939389653,0.05739475939389653,0.05739475939389653,0.0,True,,0.0505665169,0.006828242493896533,0.030158905489462914,0.027235853904433616,0.027235853904433616,False
2023-01-06,ensemble,0.0578730895428935,0.0578730895428935,0.0578730895428935,0.0578730895428935,0.0,True,,0.044669667904,0.013203421638893494,0.026016106152651666,0.03185698339024183,0.03185698339024183,False
2023-01-09,ensemble,0.05775066711781367,0.05775066711781367,0.05775066711781367,0.05775066711781367,0.0,True,,0.048226356025,0.009524311092813667,0.02746292167191318,0.030287745445900488,0.030287745445900488,False
2023-01-10,ensemble,0.05795782144252354,0.05795782144252354,0.05795782144252354,0.05795782144252354,0.0,True,,0.042244636225,0.01571318521752354,0.027786612673664238,0.0301712087688593,0.0301712087688593,False
2023-01-11,ensemble,0.05761869361052911,0.05761869361052911,0.05761869361052911,0.05761869361052911,0.0,True,,0.044349411649,0.013269281961529114,0.025956192128978962,0.03166250148155015,0.03166250148155015,False
2023-01-12,ensemble,0.05821943263317746,0.05821943263317746,0.05821943263317746,0.05821943263317746,0.0,True,,0.035448228729,0.022771203904177466,0.027432162712397512,0.03078726992077995,0.03078726992077995,False
2023-01-13,ensemble,0.05718858812384202,0.05718858812384202,0.05718858812384202,0.05718858812384202,0.0,True,,0.033773618176,0.02341496994784202,0.027254799119263973,0.029933789004578045,0.029933789004578045,False
2023-01-17,ensemble,0.05832424837912331,0.05832424837912331,0.05832424837912331,0.05832424837912331,0.0,True,,0.037429093156,0.02089515522312331,0.027340592486787208,0.030983655892336103,0.030983655892336103,False
2023-01-18,ensemble,0.05745699428832764,0.05745699428832764,0.05745699428832764,0.05745699428832764,0.0,True,,0.041496134436,0.01596085985232764,0.026608212387217074,0.030848781901110563,0.030848781901110563,False
2023-01-19,ensemble,0.05736636305156194,0.05736636305156194,0.05736636305156194,0.05736636305156194,0.0,True,,0.042013520783999996,0.015352842267561943,0.026042676549724975,0.031323686501836964,0.031323686501836964,False
2023-01-20,ensemble,0.05866615610316629,0.05866615610316629,0.05866615610316629,0.05866615610316629,0.0,True,,0.039373671183999995,0.019292484919166297,0.026882417837333594,0.031783738265832695,0.031783738265832695,False
2023-01-23,ensemble,0.05689711290213892,0.05689711290213892,0.05689711290213892,0.05689711290213892,0.0,True,,0.039156890161,0.01774022274113892,0.025198150879051546,0.031698962023087376,0.031698962023087376,False
2023-01-24,ensemble,0.05726931764846438,0.05726931764846438,0.05726931764846438,0.05726931764846438,0.0,True,,0.036908173225,0.02036114442346438,0.025522068863757737,0.03174724878470664,0.03174724878470664,False
2023-01-25,ensemble,0.05644111686797745,0.05644111686797745,0.05644111686797745,0.05644111686797745,0.0,True,,0.036481,0.019960116867977454,0.02690451370666923,0.029536603161308222,0.029536603161308222,False
2023-01-26,ensemble,0.05648239026923916,0.05648239026923916,0.05648239026923916,0.05648239026923916,0.0,True,,0.035029239920999995,0.021453150348239164,0.025609545560214476,0.030872844709024683,0.030872844709024683,False
2023-01-27,ensemble,0.058711109999042284,0.058711109999042284,0.058711109999042284,0.058711109999042284,0.0,True,,0.034197255625,0.024513854374042285,0.02571086757048575,0.03300024242855654,0.03300024242855654,False
2023-01-30,ensemble,0.0571301866771881,0.0571301866771881,0.0571301866771881,0.0571301866771881,0.0,True,,0.039662714025,0.0174674726521881,0.02397505911221735,0.03315512756497074,0.03315512756497074,False
2023-01-31,ensemble,0.055962336689943104,0.055962336689943104,0.055962336689943104,0.055962336689943104,0.0,True,,0.037742775625,0.0182195610649431,0.02213867334198982,0.03382366334795328,0.03382366334795328,False
2023-02-01,ensemble,0.05610881752330251,0.05610881752330251,0.05610881752330251,0.05610881752330251,0.0,True,,0.031896531216,0.02421228630730251,0.023835281431620454,0.032273536091682056,0.032273536091682056,False
2023-02-02,ensemble,0.058118054021606094,0.058118054021606094,0.058118054021606094,0.058118054021606094,0.0,True,,0.035036726760999996,0.023081327260606098,0.021334703297520193,0.0367833507240859,0.0367833507240859,False
2023-02-03,ensemble,0.055623706075402006,0.055623706075402006,0.055623706075402006,0.055623706075402006,0.0,True,,0.033667479169,0.021956226906402004,0.02282788211988956,0.03279582395551245,0.03279582395551245,False
2023-02-06,ensemble,0.05529893604242647,0.05529893604242647,0.05529893604242647,0.05529893604242647,0.0,True,,0.037714805208999995,0.017584130833426477,0.022408861243748666,0.03289007479867781,0.03289007479867781,False
2023-02-07,ensemble,0.05556401370422889,0.05556401370422889,0.05556401370422889,0.05556401370422889,0.0,True,,0.034857636804,0.02070637690022889,0.024544199938504666,0.031019813765724227,0.031019813765724227,False
2023-02-08,ensemble,0.05611610615150167,0.05611610615150167,0.05611610615150167,0.05611610615150167,0.0,True,,0.038454817801,0.017661288350501674,0.025628573562586843,0.030487532588914828,0.030487532588914828,False
2023-02-09,ensemble,0.056455946413898776,0.056455946413898776,0.056455946413898776,0.056455946413898776,0.0,True,,0.042913194025000004,0.013542752388898772,0.02474324498865936,0.031712701425239416,0.031712701425239416,False
2023-02-10,ensemble,0.05646746100589105,0.05646746100589105,0.05646746100589105,0.05646746100589105,0.0,True,,0.042157944976000006,0.014309516029891042,0.027903545906701643,0.028563915099189405,0.028563915099189405,False
2023-02-13,ensemble,0.05451683833743228,0.05451683833743228,0.05451683833743228,0.05451683833743228,0.0,True,,0.04133089,0.01318594833743228,0.02674143852192704,0.027775399815505242,0.027775399815505242,False
2023-02-14,ensemble,0.05537344526988365,0.05537344526988365,0.05537344526988365,0.05537344526988365,0.0,True,,0.035683965603999994,0.019689479665883657,0.03036912272752153,0.02500432254236212,0.02500432254236212,False
2023-02-15,ensemble,0.054078187167692165,0.054078187167692165,0.054078187167692165,0.054078187167692165,0.0,True,,0.033229279521,0.020848907646692165,0.033152403959472124,0.020925783208220042,0.020925783208220042,False
2023-02-16,ensemble,0.056080892770749416,0.056080892770749416,0.056080892770749416,0.056080892770749416,0.0,True,,0.040749881955999996,0.01533101081474942,0.031944677092208267,0.02413621567854115,0.02413621567854115,False
2023-02-17,ensemble,0.05400424867214706,0.05400424867214706,0.05400424867214706,0.05400424867214706,0.0,True,,0.040141324609,0.013862924063147056,0.03391166749882246,0.020092581173324596,0.020092581173324596,False
2023-02-21,ensemble,0.05455965580126411,0.05455965580126411,0.05455965580126411,0.05455965580126411,0.0,True,,0.052332052643999996,0.002227603157264113,0.032531061505997834,0.022028594295266275,0.022028594295266275,False
2023-02-22,ensemble,0.05521277781126628,0.05521277781126628,0.05521277781126628,0.05521277781126628,0.0,True,,0.04954675328100001,0.005666024530266274,0.03259569795843157,0.02261707985283471,0.02261707985283471,False
2023-02-23,ensemble,0.054574203877839164,0.054574203877839164,0.054574203877839164,0.054574203877839164,0.0,True,,0.044599104225000005,0.009975099652839159,0.032771296221912424,0.02180290765592674,0.02180290765592674,False
2023-02-24,ensemble,0.055531254760320295,0.055531254760320295,0.055531254760320295,0.055531254760320295,0.0,True,,0.047066868601000005,0.00846438615932029,0.031429044723843995,0.0241022100364763,0.0241022100364763,False
2023-02-27,ensemble,0.05287334716054341,0.05287334716054341,0.05287334716054341,0.05287334716054341,0.0,True,,0.043818630240999995,0.009054716919543418,0.03135092177527823,0.021522425385265186,0.021522425385265186,False
2023-02-28,ensemble,0.053689072501394305,0.053689072501394305,0.053689072501394305,0.053689072501394305,0.0,True,,0.042916508569000006,0.0107725639323943,0.033685181633952704,0.0200038908674416,0.0200038908674416,False
2023-03-01,ensemble,0.053877503731723356,0.053877503731723356,0.053877503731723356,0.053877503731723356,0.0,True,,0.042286575768999995,0.01159092796272336,0.03391694541040722,0.019960558321316137,0.019960558321316137,False
2023-03-02,ensemble,0.05240508745600671,0.05240508745600671,0.05240508745600671,0.05240508745600671,0.0,True,,0.038332940944,0.014072146512006709,0.03554744886677932,0.01685763858922739,0.01685763858922739,False
2023-03-03,ensemble,0.05271946485556391,0.05271946485556391,0.05271946485556391,0.05271946485556391,0.0,True,,0.034226480016000004,0.01849298483956391,0.032683279412159386,0.020036185443404526,0.020036185443404526,False
2023-03-06,ensemble,0.05586818381243112,0.05586818381243112,0.05586818381243112,0.05586818381243112,0.0,True,,0.0347300496,0.021138134212431117,0.033048964168510636,0.02281921964392048,0.02281921964392048,False
2023-03-07,ensemble,0.05220475304161095,0.05220475304161095,0.05220475304161095,0.05220475304161095,0.0,True,,0.038439131481000005,0.013765621560610945,0.030267976508800906,0.021936776532810044,0.021936776532810044,False
2023-03-08,ensemble,0.054713873831561344,0.054713873831561344,0.054713873831561344,0.054713873831561344,0.0,True,,0.036501630916,0.018212242915561346,0.030417958116614616,0.024295915714946728,0.024295915714946728,False
2023-03-09,ensemble,0.05190362034189632,0.05190362034189632,0.05190362034189632,0.05190362034189632,0.0,True,,0.050983382024999996,0.0009202383168963255,0.026269180554199537,0.025634439787696785,0.025634439787696785,False
2023-03-10,ensemble,0.0525943635533591,0.0525943635533591,0.0525943635533591,0.0525943635533591,0.0,True,,0.06146978076100001,-0.008875417207640908,0.02373499799052666,0.02885936556283244,0.02885936556283244,True
2023-03-13,ensemble,0.051515042512222525,0.051515042512222525,0.051515042512222525,0.051515042512222525,0.0,True,,0.07048865700899999,-0.018973614496777466,0.023910765246936385,0.02760427726528614,0.02760427726528614,True
2023-03-14,ensemble,0.05341157674939444,0.05341157674939444,0.05341157674939444,0.05341157674939444,0.0,True,,0.056218306816000006,-0.0028067300666055686,0.02277463994400081,0.030636936805393627,0.030636936805393627,True
2023-03-15,ensemble,0.053180159723499404,0.053180159723499404,0.053180159723499404,0.053180159723499404,0.0,True,,0.06844816387600001,-0.015268004152500611,0.022374069960358,0.030806089763141403,0.030806089763141403,True
2023-03-16,ensemble,0.0518643064955077,0.0518643064955077,0.0518643064955077,0.0518643064955077,0.0,True,,0.052889420528999996,-0.0010251140334922929,0.018897794631650325,0.03296651186385738,0.03296651186385738,True
2023-03-17,ensemble,0.05155866988147591,0.05155866988147591,0.05155866988147591,0.05155866988147591,0.0,True,,0.06507192846399999,-0.013513258582524085,0.01599347931113978,0.03556519057033613,0.03556519057033613,True
2023-03-20,ensemble,0.05113267943754194,0.05113267943754194,0.05113267943754194,0.05113267943754194,0.0,True,,0.058230033481,-0.007097354043458057,0.014894873286629006,0.03623780615091293,0.03623780615091293,True
2023-03-21,ensemble,0.0517500005917312,0.0517500005917312,0.0517500005917312,0.0517500005917312,0.0,True,,0.045685642564,0.006064358027731205,0.013212116323354162,0.03853788426837704,0.03853788426837704,False
2023-03-22,ensemble,0.05203995346683815,0.05203995346683815,0.05203995346683815,0.05203995346683815,0.0,True,,0.04958415562500001,0.0024557978418381435,0.009671991878316605,0.04236796158852155,0.04236796158852155,False
2023-03-23,ensemble,0.05207648151897583,0.05207648151897583,0.05207648151897583,0.05207648151897583,0.0,True,,0.051174131089,0.0009023504299758289,0.009597578053107833,0.042478903465867995,0.042478903465867995,False
2023-03-24,ensemble,0.05107160626659216,0.05107160626659216,0.05107160626659216,0.05107160626659216,0.0,True,,0.047191045225000006,0.003880561041592151,0.012156654323538563,0.0389149519430536,0.0389149519430536,False
2023-03-27,ensemble,0.051021710372526216,0.051021710372526216,0.051021710372526216,0.051021710372526216,0.0,True,,0.042562165635999995,0.008459544736526221,0.012330976797151779,0.038690733575374434,0.038690733575374434,False
2023-03-28,ensemble,0.05128899284734199,0.05128899284734199,0.05128899284734199,0.05128899284734199,0.0,True,,0.039783493764,0.011505499083341988,0.0169333355012221,0.03435565734611989,0.03435565734611989,False
2023-03-29,ensemble,0.05087092007384626,0.05087092007384626,0.05087092007384626,0.05087092007384626,0.0,True,,0.03663395999999999,0.01423696007384627,0.01530133624827744,0.035569583825568823,0.035569583825568823,False
2023-03-30,ensemble,0.0515990198243514,0.0515990198243514,0.0515990198243514,0.0515990198243514,0.0,True,,0.0361114009,0.015487618924351403,0.014904574805698416,0.03669444501865299,0.03669444501865299,False
2023-03-31,ensemble,0.0506377786159139,0.0506377786159139,0.0506377786159139,0.0506377786159139,0.0,True,,0.035049081796,0.0155886968199139,0.014086894540320024,0.03655088407559387,0.03655088407559387,False
2023-04-03,ensemble,0.05077146959552388,0.05077146959552388,0.05077146959552388,0.05077146959552388,0.0,True,,0.034400233729,0.01637123586652388,0.014482589849545442,0.03628887974597844,0.03628887974597844,False
2023-04-04,ensemble,0.051014544816374754,0.051014544816374754,0.051014544816374754,0.051014544816374754,0.0,True,,0.036030113856,0.014984430960374752,0.014717466662142603,0.03629707815423215,0.03629707815423215,False
2023-04-05,ensemble,0.05057800568408635,0.05057800568408635,0.05057800568408635,0.05057800568408635,0.0,True,,0.036318830625,0.014259175059086353,0.01867270978678641,0.03190529589729994,0.03190529589729994,False
2023-04-06,ensemble,0.050110894765350245,0.050110894765350245,0.050110894765350245,0.050110894765350245,0.0,True,,0.033893914608999993,0.01621698015635025,0.018491669450220134,0.03161922531513011,0.03161922531513011,False
2023-04-10,ensemble,0.04977080990625547,0.04977080990625547,0.04977080990625547,0.04977080990625547,0.0,True,,0.03590380728900001,0.013867002617255465,0.018710829255573713,0.03105998065068176,0.03105998065068176,False
2023-04-11,ensemble,0.05084385328714299,0.05084385328714299,0.05084385328714299,0.05084385328714299,0.0,True,,0.036421050649,0.014422802638142988,0.018970713147851564,0.03187314013929143,0.03187314013929143,False
2023-04-12,ensemble,0.049450233983106086,0.049450233983106086,0.049450233983106086,0.049450233983106086,0.0,True,,0.036453501183999995,0.01299673279910609,0.018807097802392515,0.03064313618071357,0.03064313618071357,False
2023-04-13,ensemble,0.05000293395232136,0.05000293395232136,0.05000293395232136,0.05000293395232136,0.0,True,,0.031770567049000005,0.018232366903321355,0.016738352660689102,0.03326458129163226,0.03326458129163226,False
2023-04-14,ensemble,0.04994954171637518,0.04994954171637518,0.04994954171637518,0.04994954171637518,0.0,True,,0.029216723041,0.020732818675375183,0.01680891526471465,0.033140626451660535,0.033140626451660535,False
2023-04-17,ensemble,0.048970842694425344,0.048970842694425344,0.048970842694425344,0.048970842694425344,0.0,True,,0.028720419841000003,0.02025042285342534,0.017194459884143625,0.03177638281028172,0.03177638281028172,False
2023-04-18,ensemble,0.04991184203986577,0.04991184203986577,0.04991184203986577,0.04991184203986577,0.0,True,,0.028359233604,0.021552608435865768,0.018936375641837592,0.030975466398028177,0.030975466398028177,False
2023-04-19,ensemble,0.04863320472633964,0.04863320472633964,0.04863320472633964,0.04863320472633964,0.0,True,,0.027115220889,0.02151798383733964,0.020038985408126597,0.028594219318213043,0.028594219318213043,False
2023-04-20,ensemble,0.04948750920655987,0.04948750920655987,0.04948750920655987,0.04948750920655987,0.0,True,,0.029460289599999995,0.020027219606559878,0.019705110267527207,0.029782398939032666,0.029782398939032666,False
2023-04-21,ensemble,0.05156386044477827,0.05156386044477827,0.05156386044477827,0.05156386044477827,0.0,True,,0.028156168804,0.023407691640778272,0.01969985070200505,0.031864009742773224,0.031864009742773224,False
2023-04-24,ensemble,0.047595946141582655,0.047595946141582655,0.047595946141582655,0.047595946141582655,0.0,True,,0.028465763524,0.019130182617582654,0.021215361376055505,0.02638058476552715,0.02638058476552715,False
2023-04-25,ensemble,0.05122018661067328,0.05122018661067328,0.05122018661067328,0.05122018661067328,0.0,True,,0.035210270736,0.016009915874673278,0.018777369545273575,0.0324428170653997,0.0324428170653997,False
2023-04-26,ensemble,0.047259180498092766,0.047259180498092766,0.047259180498092766,0.047259180498092766,0.0,True,,0.035570337200999995,0.011688843297092771,0.01945336392263856,0.027805816575454206,0.027805816575454206,False
2023-04-27,ensemble,0.050149610727199284,0.050149610727199284,0.050149610727199284,0.050149610727199284,0.0,True,,0.029071273008999997,0.021078337718199287,0.016777287729164852,0.03337232299803443,0.03337232299803443,False
2023-04-28,ensemble,0.05320742129813461,0.05320742129813461,0.05320742129813461,0.05320742129813461,0.0,True,,0.024890741823999998,0.028316679474134614,0.015912237133331324,0.03729518416480329,0.03729518416480329,False
2023-05-01,ensemble,0.04594863902191603,0.04594863902191603,0.04594863902191603,0.04594863902191603,0.0,True,,0.025783688328999996,0.020164950692916035,0.01627104197372413,0.029677597048191902,0.029677597048191902,False
2023-05-02,ensemble,0.045905385626616196,0.045905385626616196,0.045905385626616196,0.045905385626616196,0.0,True,,0.03158333208900001,0.014322053537616189,0.0158110214318296,0.030094364194786595,0.030094364194786595,False
2023-05-03,ensemble,0.049493998844991956,0.049493998844991956,0.049493998844991956,0.049493998844991956,0.0,True,,0.03363959492099999,0.015854403923991962,0.01771542557305649,0.031778573271935465,0.031778573271935465,False
2023-05-04,ensemble,0.05082796369769724,0.05082796369769724,0.05082796369769724,0.05082796369769724,0.0,True,,0.040391754529,0.010436209168697239,0.01715325784007988,0.03367470585761736,0.03367470585761736,False
2023-05-05,ensemble,0.04534871722685827,0.04534871722685827,0.04534871722685827,0.04534871722685827,0.0,True,,0.029486041225000002,0.01586267600185827,0.01317230922722268,0.032176407999635594,0.032176407999635594,False
2023-05-08,ensemble,0.04877086023141748,0.04877086023141748,0.04877086023141748,0.04877086023141748,0.0,True,,0.028788587583999995,0.019982272647417487,0.013315422708161408,0.03545543752325607,0.03545543752325607,False
2023-05-09,ensemble,0.0439248067979278,0.0439248067979278,0.0439248067979278,0.0439248067979278,0.0,True,,0.031351660096,0.012573146701927794,0.013520009119249889,0.03040479767867791,0.03040479767867791,False
2023-05-10,ensemble,0.04488005326093476,0.04488005326093476,0.04488005326093476,0.04488005326093476,0.0,True,,0.028671294276,0.016208758984934762,0.013297826189672015,0.03158222707126275,0.03158222707126275,False
2023-05-11,ensemble,0.04361945366253674,0.04361945366253674,0.04361945366253674,0.04361945366253674,0.0,True,,0.028684164495999996,0.014935289166536747,0.014239967149307432,0.02937948651322931,0.02937948651322931,False
2023-05-12,ensemble,0.045828613038888334,0.045828613038888334,0.045828613038888334,0.045828613038888334,0.0,True,,0.028932989409,0.016895623629888334,0.014737516340200955,0.031091096698687377,0.031091096698687377,False
2023-05-15,ensemble,0.0425454597804517,0.0425454597804517,0.0425454597804517,0.0425454597804517,0.0,True,,0.029311152025,0.013234307755451698,0.014612172114431297,0.0279332876660204,0.0279332876660204,False
2023-05-16,ensemble,0.04414064990254106,0.04414064990254106,0.04414064990254106,0.04414064990254106,0.0,True,,0.032411521024,0.011729128878541058,0.015894483723841446,0.028246166178699614,0.028246166178699614,False
2023-05-17,ensemble,0.04937877545669324,0.04937877545669324,0.04937877545669324,0.04937877545669324,0.0,True,,0.028497491343999995,0.020881284112693244,0.014755752020707997,0.034623023435985244,0.034623023435985244,False
2023-05-18,ensemble,0.041900263190323264,0.041900263190323264,0.041900263190323264,0.041900263190323264,0.0,True,,0.025794287236,0.016105975954323264,0.0139774905336251,0.027922772656698167,0.027922772656698167,False
2023-05-19,ensemble,0.041627332758043256,0.041627332758043256,0.041627332758043256,0.041627332758043256,0.0,True,,0.028196118889000005,0.013431213869043251,0.014268702771477395,0.02735862998656586,0.02735862998656586,False
2023-05-22,ensemble,0.04219130468220485,0.04219130468220485,0.04219130468220485,0.04219130468220485,0.0,True,,0.029582624016000002,0.012608680666204845,0.01442252068776512,0.027768783994439727,0.027768783994439727,False
2023-05-23,ensemble,0.04093126696576531,0.04093126696576531,0.04093126696576531,0.04093126696576531,0.0,True,,0.034353881104000006,0.006577385861765303,0.013585022652731765,0.027346244313033542,0.027346244313033542,False
2023-05-24,ensemble,0.040946757129061186,0.040946757129061186,0.040946757129061186,0.040946757129061186,0.0,True,,0.040141324609,0.0008054325200611834,0.01315172775270705,0.027795029376354134,0.027795029376354134,False
2023-05-25,ensemble,0.04221075251344699,0.04221075251344699,0.04221075251344699,0.04221075251344699,0.0,True,,0.036559734435999997,0.005651018077446994,0.013686200723194012,0.028524551790252976,0.028524551790252976,False
2023-05-26,ensemble,0.042984297465730084,0.042984297465730084,0.042984297465730084,0.042984297465730084,0.0,True,,0.0322238401,0.010760457365730086,0.011702369600247498,0.03128192786548259,0.03128192786548259,False
2023-05-30,ensemble,0.03993746082851628,0.03993746082851628,0.03993746082851628,0.03993746082851628,0.0,True,,0.030516596100000005,0.009420864728516273,0.011886315130438927,0.028051145698077352,0.028051145698077352,False
2023-05-31,ensemble,0.04000424947137911,0.04000424947137911,0.04000424947137911,0.04000424947137911,0.0,True,,0.032156738329000005,0.007847511142379103,0.01316682836089027,0.02683742111048884,0.02683742111048884,False
2023-06-01,ensemble,0.04119198338382152,0.04119198338382152,0.04119198338382152,0.04119198338382152,0.0,True,,0.024467216400000002,0.016724766983821516,0.012109665328918839,0.02908231805490268,0.02908231805490268,False
2023-06-02,ensemble,0.04086762319380919,0.04086762319380919,0.04086762319380919,0.04086762319380919,0.0,True,,0.021306365089000003,0.019561258104809187,0.009662564601835308,0.03120505859197388,0.03120505859197388,False
2023-06-05,ensemble,0.039414492012658675,0.039414492012658675,0.039414492012658675,0.039414492012658675,0.0,True,,0.021709370281,0.017705121731658675,0.010360050403381149,0.029054441609277525,0.029054441609277525,False
2023-06-06,ensemble,0.03965825169284324,0.03965825169284324,0.03965825169284324,0.03965825169284324,0.0,True,,0.019491510544000005,0.020166741148843235,0.010379958780501089,0.02927829291234215,0.02927829291234215,False
2023-06-07,ensemble,0.039660287601696056,0.039660287601696056,0.039660287601696056,0.039660287601696056,0.0,True,,0.019383322175999997,0.02027696542569606,0.010312674284393647,0.029347613317302408,0.029347613317302408,False
2023-06-08,ensemble,0.0414775566928966,0.0414775566928966,0.0414775566928966,0.0414775566928966,0.0,True,,0.018645902500000002,0.022831654192896598,0.010359919322182339,0.03111763737071426,0.03111763737071426,False
2023-06-09,ensemble,0.04237457219135933,0.04237457219135933,0.04237457219135933,0.04237457219135933,0.0,True,,0.019116104121,0.02325846807035933,0.011091991439500813,0.03128258075185852,0.03128258075185852,False
2023-06-12,ensemble,0.04408700418208283,0.04408700418208283,0.04408700418208283,0.04408700418208283,0.0,True,,0.022505100289000005,0.021581903893082822,0.010863258695456048,0.03322374548662678,0.03322374548662678,False
2023-06-13,ensemble,0.037323708472400935,0.037323708472400935,0.037323708472400935,0.037323708472400935,0.0,True,,0.021305489296000003,0.016018219176400932,0.010349738834657273,0.026973969637743664,0.026973969637743664,False
2023-06-14,ensemble,0.0380253796873872,0.0380253796873872,0.0380253796873872,0.0380253796873872,0.0,True,,0.019284599160999998,0.018740780526387203,0.010476916541306357,0.027548463146080844,0.027548463146080844,False
2023-06-15,ensemble,0.041920971157146235,0.041920971157146235,0.041920971157146235,0.041920971157146235,0.0,True,,0.020979494649,0.020941476508146234,0.009312779704116416,0.03260819145302982,0.03260819145302982,False
2023-06-16,ensemble,0.036798826155972436,0.036798826155972436,0.036798826155972436,0.036798826155972436,0.0,True,,0.018379224899999998,0.01841960125597244,0.008763702019327675,0.02803512413664476,0.02803512413664476,False
2023-06-20,ensemble,0.03824927714637513,0.03824927714637513,0.03824927714637513,0.03824927714637513,0.0,True,,0.019284599160999998,0.018964677985375135,0.008970727205321445,0.029278549941053687,0.029278549941053687,False
2023-06-21,ensemble,0.03541598335373778,0.03541598335373778,0.03541598335373778,0.03541598335373778,0.0,True,,0.017418192484000002,0.017997790869737778,0.008654071956048401,0.02676191139768938,0.02676191139768938,False
2023-06-22,ensemble,0.035723318948045646,0.035723318948045646,0.035723318948045646,0.035723318948045646,0.0,True,,0.016621913476000002,0.019101405472045644,0.008736686048422013,0.026986632899623633,0.026986632899623633,False
2023-06-23,ensemble,0.03934978406237413,0.03934978406237413,0.03934978406237413,0.03934978406237413,0.0,True,,0.018084332483999998,0.021265451578374134,0.00813482438895463,0.0312149596734195,0.0312149596734195,False
2023-06-26,ensemble,0.03428060182533635,0.03428060182533635,0.03428060182533635,0.03428060182533635,0.0,True,,0.020355870276,0.01392473154933635,0.007933963260407453,0.026346638564928894,0.026346638564928894,False
2023-06-27,ensemble,0.03604084712274262,0.03604084712274262,0.03604084712274262,0.03604084712274262,0.0,True,,0.018896351296,0.01714449582674262,0.007038285262762862,0.02900256185997976,0.02900256185997976,False
2023-06-28,ensemble,0.0340353206359954,0.0340353206359954,0.0340353206359954,0.0340353206359954,0.0,True,,0.018075189136,0.0159601314999954,0.008174266367368867,0.025861054268626536,0.025861054268626536,False
2023-06-29,ensemble,0.03424216050126272,0.03424216050126272,0.03424216050126272,0.03424216050126272,0.0,True,,0.018344264481000003,0.015897896020262717,0.008032002502220317,0.026210157999042402,0.026210157999042402,False
2023-06-30,ensemble,0.034479260555539466,0.034479260555539466,0.034479260555539466,0.034479260555539466,0.0,True,,0.018496816009000005,0.01598244454653946,0.006478981269986548,0.028000279285552918,0.028000279285552918,False
2023-07-03,ensemble,0.03377288094911965,0.03377288094911965,0.03377288094911965,0.03377288094911965,0.0,True,,0.018393598129,0.01537928282011965,0.008817957915773769,0.02495492303334588,0.02495492303334588,False
2023-07-05,ensemble,0.033723030479021546,0.033723030479021546,0.033723030479021546,0.033723030479021546,0.0,True,,0.0201214225,0.013601607979021546,0.008890217157600418,0.024832813321421128,0.024832813321421128,False
2023-07-06,ensemble,0.03458091272927749,0.03458091272927749,0.03458091272927749,0.03458091272927749,0.0,True,,0.023795222049000003,0.010785690680277488,0.008395162949679139,0.026185749779598352,0.026185749779598352,False
2023-07-07,ensemble,0.033512050768110035,0.033512050768110035,0.033512050768110035,0.033512050768110035,0.0,True,,0.021938645689,0.011573405079110036,0.009224814094039174,0.024287236674070862,0.024287236674070862,False
2023-07-10,ensemble,0.03391884010555326,0.03391884010555326,0.03391884010555326,0.03391884010555326,0.0,True,,0.0226683136,0.01125052650555326,0.00937605705915816,0.0245427830463951,0.0245427830463951,False
2023-07-11,ensemble,0.033618819377942796,0.033618819377942796,0.033618819377942796,0.033618819377942796,0.0,True,,0.022077502225,0.011541317152942796,0.009432352505356283,0.024186466872586514,0.024186466872586514,False
2023-07-12,ensemble,0.03337305672028339,0.03337305672028339,0.03337305672028339,0.03337305672028339,0.0,True,,0.018335055649,0.015038001071283388,0.00866325978901937,0.024709796931264016,0.024709796931264016,False
2023-07-13,ensemble,0.033266089148587676,0.033266089148587676,0.033266089148587676,0.033266089148587676,0.0,True,,0.0184796836,0.014786405548587674,0.007917372573152946,0.025348716575434728,0.025348716575434728,False
2023-07-14,ensemble,0.03465088736336544,0.03465088736336544,0.03465088736336544,0.03465088736336544,0.0,True,,0.01782225,0.01682863736336544,0.008276354788129518,0.02637453257523592,0.02637453257523592,False
2023-07-17,ensemble,0.03308633287887332,0.03308633287887332,0.03308633287887332,0.03308633287887332,0.0,True,,0.018155676049,0.014930656829873316,0.009779722671131544,0.023306610207741774,0.023306610207741774,False
2023-07-18,ensemble,0.03572066877253935,0.03572066877253935,0.03572066877253935,0.03572066877253935,0.0,True,,0.017706826489,0.01801384228353935,0.009773009349170763,0.025947659423368588,0.025947659423368588,False
2023-07-19,ensemble,0.03261157666472831,0.03261157666472831,0.03261157666472831,0.03261157666472831,0.0,True,,0.018953854928999998,0.013657721735728313,0.010415896511836917,0.022195680152891393,0.022195680152891393,False
2023-07-20,ensemble,0.03283269817673674,0.03283269817673674,0.03283269817673674,0.03283269817673674,0.0,True,,0.019590761089000003,0.013241937087736733,0.009886959090687795,0.022945739086048942,0.022945739086048942,False
2023-07-21,ensemble,0.03265592187369448,0.03265592187369448,0.03265592187369448,0.03265592187369448,0.0,True,,0.018513684224999997,0.014142237648694485,0.010391656889111478,0.022264264984583004,0.022264264984583004,False
2023-07-24,ensemble,0.03185930621090795,0.03185930621090795,0.03185930621090795,0.03185930621090795,0.0,True,,0.019369402275999998,0.01248990393490795,0.010241524481479195,0.021617781729428753,0.021617781729428753,False
2023-07-25,ensemble,0.03237702907500551,0.03237702907500551,0.03237702907500551,0.03237702907500551,0.0,True,,0.019254615120999997,0.013122413954005513,0.011624506937306198,0.020752522137699313,0.020752522137699313,False
2023-07-26,ensemble,0.03439975108074391,0.03439975108074391,0.03439975108074391,0.03439975108074391,0.0,True,,0.017352792900000004,0.017046958180743907,0.01396147636324358,0.02043827471750033,0.02043827471750033,False
2023-07-27,ensemble,0.03206208716543819,0.03206208716543819,0.03206208716543819,0.03206208716543819,0.0,True,,0.020818738369,0.011243348796438186,0.014022709631919159,0.01803937753351903,0.01803937753351903,False
2023-07-28,ensemble,0.03227278734732241,0.03227278734732241,0.03227278734732241,0.03227278734732241,0.0,True,,0.017761425984,0.01451136136332241,0.013363186149512356,0.018909601197810055,0.018909601197810055,False
2023-07-31,ensemble,0.030884974040030082,0.030884974040030082,0.030884974040030082,0.030884974040030082,0.0,True,,0.018557250625000004,0.012327723415030079,0.015791284721357855,0.015093689318672228,0.015093689318672228,False
2023-08-01,ensemble,0.030966784005166607,0.030966784005166607,0.030966784005166607,0.030966784005166607,0.0,True,,0.019453554575999996,0.011513229429166612,0.01589547830779764,0.015071305697368968,0.015071305697368968,False
2023-08-02,ensemble,0.031933607796333516,0.031933607796333516,0.031933607796333516,0.031933607796333516,0.0,True,,0.025906833935999997,0.006026773860333519,0.013566371223965739,0.018367236572367777,0.018367236572367777,False
2023-08-03,ensemble,0.03078539986654511,0.03078539986654511,0.03078539986654511,0.03078539986654511,0.0,True,,0.025322993424,0.005462406442545111,0.013509202281287805,0.017276197585257308,0.017276197585257308,False
2023-08-04,ensemble,0.030749297301892443,0.030749297301892443,0.030749297301892443,0.030749297301892443,0.0,True,,0.029211253569000003,0.0015380437328924405,0.013487740988495882,0.017261556313396563,0.017261556313396563,False
2023-08-07,ensemble,0.030765117702634126,0.030765117702634126,0.030765117702634126,0.030765117702634126,0.0,True,,0.024830826083999998,0.005934291618634128,0.013127374840272469,0.01763774286236166,0.01763774286236166,False
2023-08-08,ensemble,0.030777788546056086,0.030777788546056086,0.030777788546056086,0.030777788546056086,0.0,True,,0.025533802848999997,0.0052439856970560896,0.013012914667133823,0.017764873878922262,0.017764873878922262,False
2023-08-09,ensemble,0.03248821235799741,0.03248821235799741,0.03248821235799741,0.03248821235799741,0.0,True,,0.025438017049,0.007050195308997413,0.012500178555230019,0.019988033802767393,0.019988033802767393,False
2023-08-10,ensemble,0.030471255889795146,0.030471255889795146,0.030471255889795146,0.030471255889795146,0.0,True,,0.025110205443999997,0.00536105044579515,0.013014257689164983,0.017456998200630163,0.017456998200630163,False
2023-08-11,ensemble,0.031576958884045436,0.031576958884045436,0.031576958884045436,0.031576958884045436,0.0,True,,0.0219810276,0.009595931284045435,0.013373262990894797,0.01820369589315064,0.01820369589315064,False
2023-08-14,ensemble,0.03008610401767882,0.03008610401767882,0.03008610401767882,0.03008610401767882,0.0,True,,0.021976283535999997,0.008109820481678822,0.013025916995205947,0.017060187022472872,0.017060187022472872,False
2023-08-15,ensemble,0.03012036476127811,0.03012036476127811,0.03012036476127811,0.03012036476127811,0.0,True,,0.027077031601,0.003043333160278109,0.012262896749873154,0.017857468011404955,0.017857468011404955,False
2023-08-16,ensemble,0.030311107270540424,0.030311107270540424,0.030311107270540424,0.030311107270540424,0.0,True,,0.028101493225000003,0.0022096140455404208,0.014548240174869581,0.015762867095670843,0.015762867095670843,False
2023-08-17,ensemble,0.030119384265322194,0.030119384265322194,0.030119384265322194,0.030119384265322194,0.0,True,,0.032056395849000004,-0.0019370115836778098,0.013850268730580085,0.01626911553474211,0.01626911553474211,True
2023-08-18,ensemble,0.03077717390858047,0.03077717390858047,0.03077717390858047,0.03077717390858047,0.0,True,,0.030011404644,0.0007657692645804681,0.01389920490840429,0.016877969000176178,0.016877969000176178,False
2023-08-21,ensemble,0.031789644732906366,0.031789644732906366,0.031789644732906366,0.031789644732906366,0.0,True,,0.029398188681,0.0023914560519063648,0.014418128641283558,0.01737151609162281,0.01737151609162281,False
2023-08-22,ensemble,0.029760719794817776,0.029760719794817776,0.029760719794817776,0.029760719794817776,0.0,True,,0.0288218529,0.0009388668948177754,0.017663108642004335,0.01209761115281344,0.01209761115281344,False
2023-08-23,ensemble,0.029856212786029138,0.029856212786029138,0.029856212786029138,0.029856212786029138,0.0,True,,0.025540194969000004,0.004316017817029134,0.016251738230331603,0.013604474555697535,0.013604474555697535,False
2023-08-24,ensemble,0.030791195749985303,0.030791195749985303,0.030791195749985303,0.030791195749985303,0.0,True,,0.029566114703999998,0.0012250810459853052,0.014125800412854092,0.01666539533713121,0.01666539533713121,False
2023-08-25,ensemble,0.034831042867440876,0.034831042867440876,0.034831042867440876,0.034831042867440876,0.0,True,,0.024582163369,0.010248879498440874,0.01616214116351328,0.018668901703927595,0.018668901703927595,False
2023-08-28,ensemble,0.029069915069763468,0.029069915069763468,0.029069915069763468,0.029069915069763468,0.0,True,,0.022711092804,0.006358822265763467,0.015684543473867014,0.013385371595896454,0.013385371595896454,False
2023-08-29,ensemble,0.02955498331618702,0.02955498331618702,0.02955498331618702,0.02955498331618702,0.0,True,,0.020898171844,0.008656811472187022,0.013614020634645615,0.015940962681541406,0.015940962681541406,False
2023-08-30,ensemble,0.029202323682304514,0.029202323682304514,0.029202323682304514,0.029202323682304514,0.0,True,,0.019266550416000002,0.009935773266304512,0.013482135265546315,0.0157201884167582,0.0157201884167582,False
2023-08-31,ensemble,0.028917568772426055,0.028917568772426055,0.028917568772426055,0.028917568772426055,0.0,True,,0.018448973929000002,0.010468594843426052,0.01345829830224205,0.015459270470184005,0.015459270470184005,False
2023-09-01,ensemble,0.02928071996106328,0.02928071996106328,0.02928071996106328,0.02928071996106328,0.0,True,,0.017152093156,0.01212862680506328,0.01559600974192979,0.013684710219133492,0.013684710219133492,False
2023-09-05,ensemble,0.02875268232085804,0.02875268232085804,0.02875268232085804,0.02875268232085804,0.0,True,,0.019653236100000002,0.009099446220858037,0.016002610590745963,0.012750071730112077,0.012750071730112077,False
2023-09-06,ensemble,0.02999776702760515,0.02999776702760515,0.02999776702760515,0.02999776702760515,0.0,True,,0.020905111395999997,0.009092655631605152,0.015458348169114249,0.0145394188584909,0.0145394188584909,False
2023-09-07,ensemble,0.028692935587300076,0.028692935587300076,0.028692935587300076,0.028692935587300076,0.0,True,,0.020719299363999997,0.007973636223300079,0.017016574691172154,0.011676360896127922,0.011676360896127922,False
2023-09-08,ensemble,0.02943120190137116,0.02943120190137116,0.02943120190137116,0.02943120190137116,0.0,True,,0.019105044841000004,0.010326157060371155,0.017478121687068592,0.011953080214302567,0.011953080214302567,False
2023-09-11,ensemble,0.028615847886672933,0.028615847886672933,0.028615847886672933,0.028615847886672933,0.0,True,,0.019089843556,0.009526004330672931,0.017285897259319078,0.011329950627353855,0.011329950627353855,False
2023-09-12,ensemble,0.03629897761069689,0.03629897761069689,0.03629897761069689,0.03629897761069689,0.0,True,,0.020248151616,0.016050825994696892,0.017123342788239723,0.01917563482245717,0.01917563482245717,False
2023-09-13,ensemble,0.027387044938264733,0.027387044938264733,0.027387044938264733,0.027387044938264733,0.0,True,,0.018123352128999997,0.009263692809264736,0.01755578233667033,0.009831262601594403,0.009831262601594403,False
2023-09-14,ensemble,0.027891847237389786,0.027891847237389786,0.027891847237389786,0.027891847237389786,0.0,True,,0.016466792329,0.011425054908389787,0.016970456833326084,0.010921390404063702,0.010921390404063702,True
2023-09-15,ensemble,0.02810669832566095,0.02810669832566095,0.02810669832566095,0.02810669832566095,0.0,True,,0.019054489443999997,0.009052208881660952,0.015348719832024089,0.01275797849363686,0.01275797849363686,False
2023-09-18,ensemble,0.02685195240015721,0.02685195240015721,0.02685195240015721,0.02685195240015721,0.0,True,,0.019560819600000005,0.007291132800157207,0.015344620869447198,0.011507331530710013,0.011507331530710013,False
2023-09-19,ensemble,0.02708298472991325,0.02708298472991325,0.02708298472991325,0.02708298472991325,0.0,True,,0.019877898121,0.007205086608913249,0.01745234062523419,0.009630644104679058,0.009630644104679058,False
2023-09-20,ensemble,0.02781142872056712,0.02781142872056712,0.02781142872056712,0.02781142872056712,0.0,True,,0.022876865001,0.004934563719567121,0.017363336307497076,0.010448092413070043,0.010448092413070043,False
2023-09-21,ensemble,0.026976756786124056,0.026976756786124056,0.026976756786124056,0.026976756786124056,0.0,True,,0.0308318481,-0.003855091313875944,0.015864556444959866,0.01111220034116419,0.01111220034116419,True
2023-09-22,ensemble,0.027788948604396586,0.027788948604396586,0.027788948604396586,0.027788948604396586,0.0,True,,0.029653528803999997,-0.0018645801996034113,0.0158398579835677,0.011949090620828887,0.011949090620828887,True
2023-09-25,ensemble,0.026683145683817196,0.026683145683817196,0.026683145683817196,0.026683145683817196,0.0,True,,0.028597515664,-0.0019143699801828055,0.016305539305657767,0.010377606378159428,0.010377606378159428,True
2023-09-26,ensemble,0.026461249685783186,0.026461249685783186,0.026461249685783186,0.026461249685783186,0.0,True,,0.035848120896,-0.009386871210216814,0.01618473305725384,0.010276516628529346,0.010276516628529346,True
2023-09-27,ensemble,0.02795093608984255,0.02795093608984255,0.02795093608984255,0.02795093608984255,0.0,True,,0.033206315076,-0.005255378986157449,0.017924351597478797,0.010026584492363752,0.010026584492363752,True
2023-09-28,ensemble,0.028071787743824673,0.028071787743824673,0.028071787743824673,0.028071787743824673,0.0,True,,0.029986809888999995,-0.001915022145175322,0.017771029328107212,0.01030075841571746,0.01030075841571746,True
2023-09-29,ensemble,0.02701974608406048,0.02701974608406048,0.02701974608406048,0.02701974608406048,0.0,True,,0.030777790096000002,-0.003758044011939521,0.019395178927442986,0.0076245671566174955,0.0076245671566174955,True
2023-10-02,ensemble,0.028320739235557606,0.028320739235557606,0.028320739235557606,0.028320739235557606,0.0,True,,0.031065120008999997,-0.002744380773442391,0.019863620179554856,0.00845711905600275,0.00845711905600275,True
2023-10-03,ensemble,0.029287542599354024,0.029287542599354024,0.029287542599354024,0.029287542599354024,0.0,True,,0.039033509761,-0.009745967161645976,0.01903466697921817,0.010252875620135854,0.010252875620135854,True
2023-10-04,ensemble,0.02511295292004816,0.02511295292004816,0.02511295292004816,0.02511295292004816,0.0,True,,0.034455526884000005,-0.009342573963951845,0.022727206528286612,0.002385746391761548,0.002385746391761548,True
2023-10-05,ensemble,0.0254779513906112,0.0254779513906112,0.0254779513906112,0.0254779513906112,0.0,True,,0.034284595921,-0.008806644530388801,0.02371530443905753,0.0017626469515536689,0.0017626469515536689,True
2023-10-06,ensemble,0.02842884426321133,0.02842884426321133,0.02842884426321133,0.02842884426321133,0.0,True,,0.030372124175999996,-0.0019432799127886667,0.022106974832974843,0.006321869430236486,0.006321869430236486,True
2023-10-09,ensemble,0.024197774874448037,0.024197774874448037,0.024197774874448037,0.024197774874448037,0.0,True,,0.031379642448999996,-0.00718186757455196,0.02171517259436274,0.0024826022800852957,0.0024826022800852957,True
2023-10-10,ensemble,0.024074905002128534,0.024074905002128534,0.024074905002128534,0.024074905002128534,0.0,True,,0.028928567056000005,-0.004853662053871471,0.021398204242870103,0.002676700759258431,0.002676700759258431,True
2023-10-11,ensemble,0.02390086533328726,0.02390086533328726,0.02390086533328726,0.02390086533328726,0.0,True,,0.025934525764,-0.0020336604307127394,0.021933248680020213,0.0019676166532670465,0.0019676166532670465,True
2023-10-12,ensemble,0.026662419963989537,0.026662419963989537,0.026662419963989537,0.026662419963989537,0.0,True,,0.027803228049,-0.001140808085010464,0.024361687913292695,0.0023007320506968423,0.0023007320506968423,True
2023-10-13,ensemble,0.02578638104380302,0.02578638104380302,0.02578638104380302,0.02578638104380302,0.0,True,,0.037222756624,-0.01143637558019698,0.0240734046393709,0.0017129764044321212,0.0017129764044321212,True
2023-10-16,ensemble,0.02569368555571744,0.02569368555571744,0.02569368555571744,0.02569368555571744,0.0,True,,0.029624950161,-0.003931264605282557,0.027189397469014664,-0.0014957119132972228,0.0014957119132972228,True
2023-10-17,ensemble,0.023302476354639945,0.023302476354639945,0.023302476354639945,0.023302476354639945,0.0,True,,0.0319730161,-0.008670539745360056,0.02724304321342712,-0.003940566858787176,0.003940566858787176,True
2023-10-18,ensemble,0.023053408119003253,0.023053408119003253,0.023053408119003253,0.023053408119003253,0.0,True,,0.036984289969,-0.01393088184999675,0.025101537976542094,-0.0020481298575388412,0.0020481298575388412,True
2023-10-19,ensemble,0.023155777422694174,0.023155777422694174,0.023155777422694174,0.023155777422694174,0.0,True,,0.045906919081,-0.02275114165830583,0.024185462419894298,-0.001029684997200124,0.001029684997200124,True
2023-10-20,ensemble,0.02535797446726805,0.02535797446726805,0.02535797446726805,0.02535797446726805,0.0,True,,0.047183659524,-0.02182568505673195,0.023056585693049046,0.002301388774219003,0.002301388774219003,True
2023-10-23,ensemble,0.022887131553224183,0.022887131553224183,0.022887131553224183,0.022887131553224183,0.0,True,,0.041602945024000006,-0.018715813470775822,0.02307759620878183,-0.00019046465555764766,0.00019046465555764766,True
2023-10-24,ensemble,0.02327465037217534,0.02327465037217534,0.02327465037217534,0.02327465037217534,0.0,True,,0.035910629001,-0.012635978628824658,0.022578784109211818,0.0006958662629635223,0.0006958662629635223,True
2023-10-25,ensemble,0.022569553129717073,0.022569553129717073,0.022569553129717073,0.022569553129717073,0.0,True,,0.040658286321000006,-0.018088733191282933,0.02007556717212287,0.0024939859575942025,0.0024939859575942025,True
2023-10-26,ensemble,0.022543794005283908,0.022543794005283908,0.022543794005283908,0.022543794005283908,0.0,True,,0.042654227840999995,-0.020110433835716087,0.018373031197329397,0.00417076280795451,0.00417076280795451,True
2023-10-27,ensemble,0.02468139396916156,0.02468139396916156,0.02468139396916156,0.02468139396916156,0.0,True,,0.045156675001,-0.02047528103183844,0.018137108351282336,0.006544285617879224,0.006544285617879224,True
2023-10-30,ensemble,0.022325291379829318,0.022325291379829318,0.022325291379829318,0.022325291379829318,0.0,True,,0.038913874756,-0.016588583376170682,0.01644804685340228,0.005877244526427038,0.005877244526427038,True
2023-10-31,ensemble,0.02215654612931469,0.02215654612931469,0.02215654612931469,0.02215654612931469,0.0,True,,0.032943702016,-0.010787155886685308,0.016163018455657555,0.0059935276736571355,0.0059935276736571355,True
2023-11-01,ensemble,0.024832232329255015,0.024832232329255015,0.024832232329255015,0.024832232329255015,0.0,True,,0.028404720369,-0.0035724880397449837,0.01523008776703395,0.009602144562221065,0.009602144562221065,True
2023-11-02,ensemble,0.0227281777350286,0.0227281777350286,0.0227281777350286,0.0227281777350286,0.0,True,,0.024490685025,-0.001762507289971401,0.011238247262864895,0.011489930472163705,0.011489930472163705,True
2023-11-03,ensemble,0.023130956216297845,0.023130956216297845,0.023130956216297845,0.023130956216297845,0.0,True,,0.022192656784,0.0009382994322978469,0.010248911356245147,0.012882044860052698,0.012882044860052698,False
2023-11-06,ensemble,0.022360318900800244,0.022360318900800244,0.022360318900800244,0.022360318900800244,0.0,True,,0.022133405528999995,0.00022691337180024904,0.010381208332491773,0.011979110568308471,0.011979110568308471,False
2023-11-07,ensemble,0.022021853651957978,0.022021853651957978,0.022021853651957978,0.022021853651957978,0.0,True,,0.021925317184000002,9.653646795797569e-05,0.010977665166965264,0.011044188484992714,0.011044188484992714,False
2023-11-08,ensemble,0.023636184664344487,0.023636184664344487,0.023636184664344487,0.023636184664344487,0.0,True,,0.020908870801000002,0.0027273138633444848,0.011192075888042644,0.012444108776301843,0.012444108776301843,False
2023-11-09,ensemble,0.03360412305669301,0.03360412305669301,0.03360412305669301,0.03360412305669301,0.0,True,,0.023357620223999998,0.010246502832693013,0.01063734393487365,0.02296677912181936,0.02296677912181936,False
2023-11-10,ensemble,0.02130474795101728,0.02130474795101728,0.02130474795101728,0.02130474795101728,0.0,True,,0.0200364025,0.0012683454510172797,0.00800934416925113,0.01329540378176615,0.01329540378176615,False
2023-11-13,ensemble,0.019836240002125194,0.019836240002125194,0.019836240002125194,0.019836240002125194,0.0,True,,0.021808200976,-0.0019719609738748055,0.01024936645798403,0.009586873544141164,0.009586873544141164,True
2023-11-14,ensemble,0.02018158153430536,0.02018158153430536,0.02018158153430536,0.02018158153430536,0.0,True,,0.020021684004000003,0.00015989753030535778,0.00594201301515968,0.01423956851914568,0.01423956851914568,False
2023-11-15,ensemble,0.02004511306959067,0.02004511306959067,0.02004511306959067,0.02004511306959067,0.0,True,,0.020072939041,-2.782597140933013e-05,0.006277405215701654,0.013767707853889016,0.013767707853889016,True
2023-11-16,ensemble,0.019761707036317487,0.019761707036317487,0.019761707036317487,0.019761707036317487,0.0,True,,0.020531450944,-0.0007697439076825123,0.006637043761945485,0.013124663274372003,0.013124663274372003,True
2023-11-17,ensemble,0.019747525278553824,0.019747525278553824,0.019747525278553824,0.019747525278553824,0.0,True,,0.019022753929,0.0007247713495538259,0.007059546207062439,0.012687979071491384,0.012687979071491384,False
2023-11-20,ensemble,0.019803035966212704,0.019803035966212704,0.019803035966212704,0.019803035966212704,0.0,True,,0.018007492864,0.0017955431022127037,0.008690584071205504,0.0111124518950072,0.0111124518950072,False
2023-11-21,ensemble,0.020434020484521045,0.020434020484521045,0.020434020484521045,0.020434020484521045,0.0,True,,0.017847624024999998,0.0025863964595210474,0.00970220195495896,0.010731818529562086,0.010731818529562086,False
2023-11-22,ensemble,0.019752065570378733,0.019752065570378733,0.019752065570378733,0.019752065570378733,0.0,True,,0.016514049049,0.0032380165213787317,0.009572388703637573,0.01017967686674116,0.01017967686674116,False
2023-11-24,ensemble,0.01951771754257589,0.01951771754257589,0.01951771754257589,0.01951771754257589,0.0,True,,0.015549840601,0.0039678769415758906,0.009780904393692951,0.00973681314888294,0.00973681314888294,False
2023-11-27,ensemble,0.02045699818951229,0.02045699818951229,0.02045699818951229,0.02045699818951229,0.0,True,,0.016144497721000003,0.004312500468512285,0.009781068338070579,0.01067592985144171,0.01067592985144171,False
2023-11-28,ensemble,0.019247702247554017,0.019247702247554017,0.019247702247554017,0.019247702247554017,0.0,True,,0.016097773128999997,0.00314992911855402,0.00977102705088449,0.009476675196669528,0.009476675196669528,False
2023-11-29,ensemble,0.023182639077295085,0.023182639077295085,0.023182639077295085,0.023182639077295085,0.0,True,,0.016813271556,0.006369367521295084,0.009865947192437774,0.013316691884857311,0.013316691884857311,False
2023-11-30,ensemble,0.018810272204763195,0.018810272204763195,0.018810272204763195,0.018810272204763195,0.0,True,,0.016727800896,0.0020824713087631945,0.01016466758579694,0.008645604618966256,0.008645604618966256,False
2023-12-01,ensemble,0.01880072543411172,0.01880072543411172,0.01880072543411172,0.01880072543411172,0.0,True,,0.015960026889,0.002840698545111719,0.010238204733360741,0.008562520700750979,0.008562520700750979,False
2023-12-04,ensemble,0.01968071481103063,0.01968071481103063,0.01968071481103063,0.01968071481103063,0.0,True,,0.017080660249000002,0.002600054562030628,0.010419171990835729,0.009261542820194901,0.009261542820194901,False
2023-12-05,ensemble,0.019019046510294922,0.019019046510294922,0.019019046510294922,0.019019046510294922,0.0,True,,0.016477573225,0.002541473285294922,0.011031488650852154,0.007987557859442768,0.007987557859442768,False
2023-12-06,ensemble,0.018047396329957787,0.018047396329957787,0.018047396329957787,0.018047396329957787,0.0,True,,0.016800825924000003,0.0012465704059577837,0.011464155254841363,0.006583241075116424,0.006583241075116424,False
2023-12-07,ensemble,0.018303884064980666,0.018303884064980666,0.018303884064980666,0.018303884064980666,0.0,True,,0.017077001040999996,0.0012268830239806697,0.011257697998045577,0.007046186066935089,0.007046186066935089,False
2023-12-08,ensemble,0.01823333928539738,0.01823333928539738,0.01823333928539738,0.01823333928539738,0.0,True,,0.015268062095999999,0.002965277189397382,0.011730555347188748,0.006502783938208632,0.006502783938208632,False
2023-12-11,ensemble,0.018575740663486624,0.018575740663486624,0.018575740663486624,0.018575740663486624,0.0,True,,0.015950932209,0.0026248084544866247,0.012340770809860362,0.006234969853626262,0.006234969853626262,False
2023-12-12,ensemble,0.017862079297678364,0.017862079297678364,0.017862079297678364,0.017862079297678364,0.0,True,,0.014575974361000001,0.003286104936678363,0.012933115345679341,0.004928963951999023,0.004928963951999023,False
2023-12-13,ensemble,0.01794615132465975,0.01794615132465975,0.01794615132465975,0.01794615132465975,0.0,True,,0.014897667136,0.0030484841886597516,0.009811611035159783,0.008134540289499968,0.008134540289499968,False
2023-12-14,ensemble,0.02027358002591398,0.02027358002591398,0.02027358002591398,0.02027358002591398,0.0,True,,0.015575788808999999,0.00469779121691398,0.010534044254866324,0.009739535771047655,0.009739535771047655,False
2023-12-15,ensemble,0.018621561282696934,0.018621561282696934,0.018621561282696934,0.018621561282696934,0.0,True,,0.015105393215999999,0.0035161680666969345,0.010796679502132001,0.007824881780564933,0.007824881780564933,False
2023-12-18,ensemble,0.017322425659543735,0.017322425659543735,0.017322425659543735,0.017322425659543735,0.0,True,,,,0.011155148276209757,0.006167277383333978,0.006167277383333978,
2023-12-19,ensemble,0.016996375466389838,0.016996375466389838,0.016996375466389838,0.016996375466389838,0.0,True,,,,0.01142560858099189,0.005570766885397947,0.005570766885397947,
2023-12-20,ensemble,0.0180827816794862,0.0180827816794862,0.0180827816794862,0.0180827816794862,0.0,True,,,,0.0051516400278660834,0.012931141651620116,0.012931141651620116,
2023-12-21,ensemble,0.018001714680274138,0.018001714680274138,0.018001714680274138,0.018001714680274138,0.0,True,,,,0.0016932679319289253,0.016308446748345213,0.016308446748345213,
2023-12-22,ensemble,0.01716109190430646,0.01716109190430646,0.01716109190430646,0.01716109190430646,0.0,True,,,,0.0018626371059055128,0.015298454798400947,0.015298454798400947,
2023-12-26,ensemble,0.016970476558655096,0.016970476558655096,0.016970476558655096,0.016970476558655096,0.0,True,,,,0.0009921180184578348,0.01597835854019726,0.01597835854019726,
2023-12-27,ensemble,0.017504681550457188,0.017504681550457188,0.017504681550457188,0.017504681550457188,0.0,True,,,,0.001077019913408328,0.01642766163704886,0.01642766163704886,
2023-12-28,ensemble,0.018074447231176866,0.018074447231176866,0.018074447231176866,0.018074447231176866,0.0,True,,,,,,,
