date,symbol,high,low,open,close,volume,sector
2019-01-02,XLK,61.57676592872259,59.83970861600885,59.918663884099786,61.21158981323242,15442900.0,Information Technology
2019-01-02,XLY,98.97956281818311,95.49673051169985,96.01964765313284,98.42704772949219,6840800.0,Consumer Discretionary
2019-01-02,XLP,49.285431166156,48.61388929744975,48.89613298490262,49.12971115112305,20459000.0,Consumer Staples
2019-01-02,XLE,55.15525369458053,52.60689035673783,52.8785884025537,54.78986358642578,24892600.0,Energy
2019-01-02,XLF,23.585426835090143,22.928915078576342,22.99750555226506,23.536434173583984,62945000.0,Financials
2019-01-02,XLU,51.158543562342366,50.130720723023536,51.110061981056916,50.43130874633789,25173900.0,Utilities
2019-01-02,XLB,49.92148738831049,48.48172584931479,48.75596471913326,49.73539352416992,9096300.0,Materials
2019-01-02,XLRE,29.904999502693386,29.187667492526725,29.856529999283303,29.362154006958008,10445000.0,Real Estate
2019-01-02,XLC,41.672479788965994,40.17054612238821,40.249854216403044,41.4692497253418,4625800.0,Communication Services
2019-01-02,XLI,63.486012204373246,61.820226316761804,62.182778506502736,63.437015533447266,14687500.0,Industrials
2019-01-02,XLV,83.90027183733052,82.3753405015781,83.26488440225548,83.28443145751953,14179900.0,Health Care
2019-01-02,SPY,246.54152719413491,241.37926929829263,241.40871058114024,245.53065490722656,126925200.0,
2019-01-03,XLK,59.6916658551434,58.04343547429213,59.652186336267235,58.12239074707031,24946700.0,Information Technology
2019-01-03,XLY,97.91399243620144,96.12817934594952,97.67720132854652,96.29590606689453,6346000.0,Consumer Discretionary
2019-01-03,XLP,49.54820741116132,48.769607367055016,49.042116454327754,48.84746551513672,22074800.0,Consumer Staples
2019-01-03,XLE,55.145886127760484,53.6281104618,54.949138158355495,54.246463775634766,18024100.0,Energy
2019-01-03,XLF,23.41885181009977,22.94851547838565,23.360060235873117,23.007307052612305,65729700.0,Financials
2019-01-03,XLU,50.84825486170107,50.18889502704993,50.4313066221744,50.42161178588867,21587500.0,Utilities
2019-01-03,XLB,49.470945897788916,48.22707463848762,49.470945897788916,48.325016021728516,9834000.0,Materials
2019-01-03,XLRE,29.982547691215505,29.32337726189733,29.33307116220171,29.49786376953125,9743800.0,Real Estate
2019-01-03,XLC,41.518815592371034,40.70588781665693,41.20157566925325,40.77528381347656,3433700.0,Communication Services
2019-01-03,XLI,62.996080361310305,61.23230846873942,62.996080361310305,61.50667190551758,25976200.0,Industrials
2019-01-03,XLV,83.57769615504846,81.37828309833665,83.40174281219703,81.59333801269531,17668000.0,Health Care
2019-01-03,SPY,243.9506056274122,239.1416577825917,243.6169127743474,239.671630859375,144140700.0,
2019-01-04,XLK,60.954973572070095,59.00078278434712,59.188308595702416,60.6983642578125,20767800.0,Information Technology
2019-01-04,XLY,100.21285254912347,97.40093487943308,97.59825952986813,99.48274230957031,7269100.0,Consumer Discretionary
2019-01-04,XLP,49.88884353637695,49.061581689515506,49.168639891201586,49.88884353637695,19003300.0,Consumer Staples
2019-01-04,XLE,56.26079377636429,54.864816031055256,55.18336188803629,56.0921516418457,21351500.0,Energy
2019-01-04,XLF,23.820597204055776,23.34046197434351,23.39925354744388,23.771604537963867,64638400.0,Financials
2019-01-04,XLU,51.19733161793775,50.12102347086502,50.18889842618423,51.168243408203125,19003500.0,Utilities
2019-01-04,XLB,50.420991783596214,49.0302047469652,49.108557104411354,50.22510528564453,8950600.0,Materials
2019-01-04,XLRE,30.069792126398298,29.536638682245915,29.740206898790642,29.798368453979492,9620900.0,Real Estate
2019-01-04,XLC,42.63906600002171,41.31062244791795,41.44941821874509,42.5300178527832,2647900.0,Communication Services
2019-01-04,XLI,63.95635187726318,62.408153404814385,62.408153404814385,63.83877182006836,19883600.0,Industrials
2019-01-04,XLV,84.48677017097472,82.51218968357107,82.551283789344,84.02733612060547,16262600.0,Health Care
2019-01-04,SPY,248.40623628735716,242.5766221020254,242.98881507797935,247.69961547851562,142628800.0,
2019-01-07,XLK,61.65572690008253,60.56019475419744,60.698369301430866,61.2411994934082,11908600.0,Information Technology
2019-01-07,XLY,102.38345428791787,99.90699754544063,99.95632494455141,101.7322769165039,6263100.0,Consumer Discretionary
2019-01-07,XLP,50.15162618315938,49.37302607381894,49.76232798481825,49.82072067260742,15143300.0,Consumer Staples
2019-01-07,XLE,57.338232816028246,55.76424184497746,56.513760504052385,56.925994873046875,18056700.0,Energy
2019-01-07,XLF,24.016569011790843,23.575627588797353,23.72260744014511,23.80099868774414,48167000.0,Financials
2019-01-07,XLU,51.07127836298009,50.53797353837678,50.84826011628808,50.81917190551758,16267700.0,Utilities
2019-01-07,XLB,50.99885750243979,49.911690932692956,50.244696875352126,50.401405334472656,7468300.0,Materials
2019-01-07,XLRE,30.263665778981732,29.80806352246192,29.837145225656936,30.050405502319336,5141800.0,Real Estate
2019-01-07,XLC,43.19424078281005,42.44079688276944,42.57958888158231,43.01579284667969,4048400.0,Communication Services
2019-01-07,XLI,64.7794468548028,63.495814780330285,64.1033316518064,64.35810089111328,15193100.0,Industrials
2019-01-07,XLV,85.14170066885777,83.80250760078863,84.05665656593644,84.34991455078125,12387200.0,Health Care
2019-01-07,SPY,251.19344916525185,247.0126219476077,247.99403805294193,249.6526336669922,103139100.0,
2019-01-08,XLK,62.05051008415026,61.0240689884146,61.83338026878883,61.75442123413086,13002600.0,Information Technology
2019-01-08,XLY,103.40955543175912,101.39681244283642,102.78797602696272,102.85704040527344,9391000.0,Consumer Discretionary
2019-01-08,XLP,50.404668501754735,49.86938121211996,50.11269395401375,50.27814483642578,28273800.0,Consumer Staples
2019-01-08,XLE,57.85352482889466,57.05716194910377,57.7223595144808,57.366336822509766,18692300.0,Energy
2019-01-08,XLF,24.0557667774509,23.546236665754876,24.01657301606683,23.820598602294922,90114700.0,Financials
2019-01-08,XLU,51.50762023892799,50.58645533854984,50.867653706890884,51.44944381713867,16643500.0,Utilities
2019-01-08,XLB,51.00865394933722,50.36222735136891,50.64626260146571,50.9302978515625,10328600.0,Materials
2019-01-08,XLRE,30.64171943928285,30.13764769529575,30.23458485358904,30.573863983154297,7575900.0,Real Estate
2019-01-08,XLC,43.79897822649597,43.11493036278424,43.43217028060401,43.73949432373047,2144800.0,Communication Services
2019-01-08,XLI,65.64173454850587,64.62266504254653,65.239990234375,65.239990234375,23069500.0,Industrials
2019-01-08,XLV,85.28834069089713,84.06644469246021,85.02441443669373,85.0048599243164,13371000.0,Health Care
2019-01-08,SPY,252.52817253933003,249.27968766694966,252.04728823781485,251.99819946289062,102512600.0,
2019-01-09,XLK,62.879560125753365,62.02090134482549,62.08998861656831,62.553863525390625,14022400.0,Information Technology
2019-01-09,XLY,103.83381181780058,102.46238519312084,103.10370158887713,103.37995910644531,5162600.0,Consumer Discretionary
2019-01-09,XLP,50.31707652144013,49.69419648686768,50.2684147148625,49.81098556518555,15684500.0,Consumer Staples
2019-01-09,XLE,58.47187154559051,57.534972463896075,58.134587304342695,58.275123596191406,18756800.0,Energy
2019-01-09,XLF,24.026369212814153,23.712811681317444,23.879389353543857,23.938180923461914,61037100.0,Financials
2019-01-09,XLU,51.6336744126332,50.99370789181321,51.420351006057295,51.139156341552734,18074700.0,Utilities
2019-01-09,XLB,51.14577282810401,50.469964568930514,51.05762408717809,50.949886322021484,8125200.0,Materials
2019-01-09,XLRE,30.661105730447005,30.186115683378514,30.6126380752263,30.447845458984375,5100800.0,Real Estate
2019-01-09,XLC,43.90802882572381,43.4123409964385,43.87828498434404,43.79897689819336,1840800.0,Communication Services
2019-01-09,XLI,65.98468187292667,65.25957753252142,65.4947450934395,65.68092346191406,10036600.0,Industrials
2019-01-09,XLV,85.88462880840973,85.13193667704404,85.37631588320093,85.38609313964844,11259700.0,Health Care
2019-01-09,SPY,254.09843681684382,251.42898392377387,252.77351913987297,253.1759033203125,95006600.0,
2019-01-10,XLK,62.85981939398589,61.77415905629018,62.060379900491846,62.8302116394043,10934100.0,Information Technology
2019-01-10,XLY,103.2122446583994,101.68295211212384,102.09734596513285,103.083984375,4760000.0,Consumer Discretionary
2019-01-10,XLP,50.190551413587905,49.57740227286711,49.71366052509443,50.10295867919922,32431700.0,Consumer Staples
2019-01-10,XLE,58.51872143760728,57.50687219010866,57.834785470782585,58.44377136230469,19167600.0,Energy
2019-01-10,XLF,24.026370267051078,23.722609759753617,23.801001015017782,23.947980880737305,48630500.0,Financials
2019-01-10,XLU,51.905175449754594,51.129458997181885,51.19733395560026,51.80821228027344,25458100.0,Utilities
2019-01-10,XLB,51.4298028099385,50.53852278317288,50.587497210405814,51.400421142578125,8471400.0,Materials
2019-01-10,XLRE,30.97130314309126,30.302438817617382,30.360600370160462,30.932527542114258,7837200.0,Real Estate
2019-01-10,XLC,43.947686570649,43.28346288550108,43.61061868157353,43.88820266723633,1340500.0,Communication Services
2019-01-10,XLI,66.65099314725113,65.1517878666432,65.4457529112431,66.5726089477539,8900400.0,Industrials
2019-01-10,XLV,85.61090979335,84.57473707546853,85.00484678696122,85.55225372314453,10396800.0,Health Care
2019-01-10,SPY,254.34381082453123,250.75182415259732,251.4977100042774,254.0690155029297,96823900.0,
2019-01-11,XLK,62.75126006651133,62.32686465597856,62.46503920545916,62.7117805480957,7725600.0,Information Technology
2019-01-11,XLY,103.51810115448865,102.56106068329996,102.74852439176686,103.18264770507812,3032600.0,Consumer Discretionary
2019-01-11,XLP,50.27814730065968,49.9764381493672,50.21002002660299,50.24895095825195,11732400.0,Consumer Staples
2019-01-11,XLE,58.471875651576916,57.581820746668875,58.14396237955182,58.09711456298828,14105900.0,Energy
2019-01-11,XLF,24.05576375044932,23.693213560227637,23.83039451123581,24.006771087646484,44961600.0,Financials
2019-01-11,XLU,51.84699747895806,51.29429929182737,51.74033577637008,51.614280700683594,24842500.0,Utilities
2019-01-11,XLB,51.32207090096096,50.86173816679966,51.13597703673862,51.19474411010742,6186200.0,Materials
2019-01-11,XLRE,31.01007803252284,30.709574509619014,30.83559151957143,30.990690231323242,3095100.0,Real Estate
2019-01-11,XLC,43.739493345182375,43.28346144624365,43.610617231437544,43.67009735107422,1227900.0,Communication Services
2019-01-11,XLI,66.54322416400507,65.8867031269581,66.12187818911347,66.5040283203125,10691300.0,Industrials
2019-01-11,XLV,85.86507107551803,84.99508173085356,85.15148799670216,85.83574676513672,7187900.0,Health Care
2019-01-11,SPY,254.19658605949436,252.2533714573238,252.89128591319889,254.16714477539062,73858100.0,
2019-01-14,XLK,62.34659681849136,61.91233343753086,62.159074765003076,62.12946701049805,7241900.0,Information Technology
2019-01-14,XLY,103.31090146012961,101.86054187091965,102.3637295406861,102.55119323730469,2948100.0,Consumer Discretionary
2019-01-14,XLP,50.229481578413115,49.927772450630606,50.122423381049714,50.00563430786133,7811500.0,Consumer Staples
2019-01-14,XLE,58.1908097297999,57.46002949941014,57.544346996159604,57.95658493041992,13191700.0,Energy
2019-01-14,XLF,24.251740677901235,23.74220870803964,23.77160543016836,24.173351287841797,50610600.0,Financials
2019-01-14,XLU,51.62398156439623,49.97558176577374,51.003404693985274,50.450706481933594,23489800.0,Utilities
2019-01-14,XLB,51.077213491275316,50.489553968657255,50.74420754932572,50.80297088623047,11503200.0,Materials
2019-01-14,XLRE,31.0779353728719,30.767736100084953,30.874367157884294,30.893754959106445,2918300.0,Real Estate
2019-01-14,XLC,43.681995920110076,43.17441053823861,43.382598525483424,43.511478424072266,2344900.0,Communication Services
2019-01-14,XLI,66.7979829787137,65.80831600367549,66.0140885670748,66.49422454833984,10105500.0,Industrials
2019-01-14,XLV,85.35675400038043,84.87777292772056,85.3176524392445,84.88754272460938,5449000.0,Health Care
2019-01-14,SPY,253.4997846760013,251.64492368933364,252.08654299547135,252.61651611328125,70908200.0,
2019-01-15,XLK,63.19538804654985,62.218294491045995,62.3268612783184,63.06708526611328,14327000.0,Information Technology
2019-01-15,XLY,103.67596990134476,102.41307389255422,102.57093212992605,103.4786376953125,3766800.0,Consumer Discretionary
2019-01-15,XLP,50.55065307700904,49.96670399125697,49.99590033174726,50.501991271972656,11447700.0,Consumer Staples
2019-01-15,XLE,58.715467717750734,57.87226063141128,58.275127549790774,58.16270065307617,9821200.0,Energy
2019-01-15,XLF,24.428117367327573,24.006773693270745,24.07536417621944,24.3889217376709,59156500.0,Financials
2019-01-15,XLU,51.3524721457484,50.188895733002724,50.237381011835524,51.07127380371094,27093100.0,Utilities
2019-01-15,XLB,50.79317635962492,50.156546167773314,50.47975945366776,50.46996307373047,7547100.0,Materials
2019-01-15,XLRE,31.310582737500955,30.913142042516967,30.913142042516967,31.242727279663086,3925000.0,Real Estate
2019-01-15,XLC,44.334323557231684,43.650271887787135,43.72958376091623,44.23518371582031,2459700.0,Communication Services
2019-01-15,XLI,66.71959145935743,65.91609538683635,66.43543468718309,66.2884521484375,12517400.0,Industrials
2019-01-15,XLV,86.43203026910479,84.9853096383671,85.00485669213987,86.41248321533203,10540600.0,Health Care
2019-01-15,SPY,255.85515929972186,253.01885272652808,253.0286764705197,255.51165771484372,85208300.0,
2019-01-16,XLK,63.51121284528833,63.007862220304844,63.13616875803541,63.12629699707031,9468500.0,Information Technology
2019-01-16,XLY,104.08048533290332,103.18264828053852,103.51810173181988,103.2418441772461,4493900.0,Consumer Discretionary
2019-01-16,XLP,50.48252818380087,50.044564492541596,50.48252818380087,50.22948455810547,13484700.0,Consumer Staples
2019-01-16,XLE,58.565566493089136,57.891001510070055,58.097116900498804,58.08774948120117,12541100.0,Energy
2019-01-16,XLF,25.055230671357442,24.60449217672975,24.67308265469915,24.90825080871582,72982400.0,Financials
2019-01-16,XLU,51.27490561053077,50.6834206807583,50.97431387767213,51.25551223754883,18348200.0,Utilities
2019-01-16,XLB,50.930297818499014,50.401405367536135,50.47976146525999,50.66585159301758,13718700.0,Materials
2019-01-16,XLRE,31.518995128355943,31.12640233145396,31.21364558608161,31.388132095336914,7295900.0,Real Estate
2019-01-16,XLC,44.39380541292195,43.98734150176713,44.28475347401239,44.04682540893555,20343800.0,Communication Services
2019-01-16,XLI,66.69019383593456,66.25905454189324,66.3766345876126,66.35704040527344,12029900.0,Industrials
2019-01-16,XLV,86.90124529733639,86.19743200576417,86.52978413908363,86.2560806274414,8288900.0,Health Care
2019-01-16,SPY,257.1015360480776,255.75700099686566,255.98270749570585,256.12994384765625,77636700.0,
2019-01-17,XLK,63.896128594029854,62.7315130551975,62.899295341606226,63.53095626831055,10128400.0,Information Technology
2019-01-17,XLY,104.2482076609207,102.55118855985855,102.71891526631278,103.94234466552734,4396000.0,Consumer Discretionary
2019-01-17,XLP,50.55065418930025,50.093228756704015,50.151621438969414,50.443599700927734,10196400.0,Consumer Staples
2019-01-17,XLE,58.874743598622835,57.516239096258474,57.64740440735811,58.62178039550781,10174800.0,Energy
2019-01-17,XLF,25.13361942625025,24.66328313000225,24.81026298896096,25.04543113708496,55771300.0,Financials
2019-01-17,XLU,51.58519428176091,51.1391577817298,51.21672757790972,51.46883773803711,20785900.0,Utilities
2019-01-17,XLB,51.674663133737724,50.39161376489946,50.39161376489946,51.557132720947266,10205500.0,Materials
2019-01-17,XLRE,31.58200565742219,31.300888099408056,31.34935575131002,31.543230056762695,3397100.0,Real Estate
2019-01-17,XLC,44.34423333932212,43.80888956899677,43.947685339738875,44.22526931762695,3311000.0,Communication Services
2019-01-17,XLI,67.86605491261756,65.99449254735728,66.08268506826009,67.49369812011719,22922500.0,Industrials
2019-01-17,XLV,87.38022331779574,85.95304973108496,86.02147560654845,87.01853942871094,8731600.0,Health Care
2019-01-17,SPY,259.01533158705064,255.12890254736578,255.17799131908666,258.0731506347656,96118400.0,
2019-01-18,XLK,64.62649451894256,63.74808842869744,64.16261959902091,64.49818420410156,13651600.0,Information Technology
2019-01-18,XLY,105.82682714375876,104.62312720224148,104.97831759572044,105.3828353881836,5798100.0,Consumer Discretionary
2019-01-18,XLP,51.20273233033503,50.67717593392544,50.735572326634625,51.04701232910156,11957600.0,Consumer Staples
2019-01-18,XLE,59.858485935672356,58.968431031140575,59.31508628883383,59.811641693115234,14531800.0,Energy
2019-01-18,XLF,25.50597257332195,25.016038422332713,25.22180986865197,25.47657585144043,58400200.0,Financials
2019-01-18,XLU,51.701548528623654,51.294298794228645,51.536710407246915,51.52701187133789,14154700.0,Utilities
2019-01-18,XLB,52.65409029162278,51.84116633590072,51.9880821494071,52.40923309326172,8757400.0,Materials
2019-01-18,XLRE,31.669249395051907,31.40170658999154,31.669249395051907,31.659557342529297,7865600.0,Real Estate
2019-01-18,XLC,44.884538484659046,44.37397679794183,44.55242473505111,44.58216857910156,3375800.0,Communication Services
2019-01-18,XLI,69.02230454106542,67.87584665167223,68.08162670360036,68.77733612060547,20020200.0,Industrials
2019-01-18,XLV,88.10358938446181,87.00877530563915,87.66370979320078,88.05471801757812,13367500.0,Health Care
2019-01-18,SPY,262.0184732005609,258.11242645905946,260.0556410601878,261.50811767578125,127900300.0,
2019-01-22,XLK,64.08365036622288,62.90916314041233,63.97508359245561,63.412513732910156,14992500.0,Information Technology
2019-01-22,XLY,105.15591165631042,102.94583644799702,104.90925208169575,103.80421447753906,9243700.0,Consumer Discretionary
2019-01-22,XLP,51.00808598628424,50.171089512161274,50.91076236901051,50.579856872558594,20877700.0,Consumer Staples
2019-01-22,XLE,59.286978087084606,58.35007892098536,59.15581277566858,58.50935363769531,19863200.0,Energy
2019-01-22,XLF,25.388388642636546,25.055233256172148,25.261006580259238,25.1826171875,79651700.0,Financials
2019-01-22,XLU,51.905172315209995,51.119761072683154,51.51731596180013,51.62397766113281,16914400.0,Utilities
2019-01-22,XLB,52.252522606886,51.380831612362755,52.1643738694497,51.68445587158203,7433400.0,Materials
2019-01-22,XLRE,31.71771764457236,31.339664769849428,31.63047438903284,31.601390838623047,8116300.0,Real Estate
2019-01-22,XLC,44.33432642021341,43.382602790195996,44.274842511525286,43.66019058227539,4343200.0,Communication Services
2019-01-22,XLI,68.20900676118441,66.9057729859888,68.18940510131404,67.35651397705078,15935300.0,Industrials
2019-01-22,XLV,87.60506044640874,86.84259105913122,87.43887691836406,87.44865417480469,12244500.0,Health Care
2019-01-22,SPY,260.1341333734104,256.2084692102859,259.89860310776396,257.9750061035156,115531200.0,
2019-01-23,XLK,64.1527481795723,62.91904148381129,63.67900149522291,63.62965774536133,9576100.0,Information Technology
2019-01-23,XLY,104.63300055541916,102.82745055923753,104.25807316296094,104.01141357421875,6104300.0,Consumer Discretionary
2019-01-23,XLP,51.32925863369125,50.72584034927543,50.969153095768235,51.18326950073242,23804700.0,Consumer Staples
2019-01-23,XLE,58.79042827613273,57.43192364101034,58.71547462018723,57.90974426269531,23367700.0,Energy
2019-01-23,XLF,25.309998542729247,24.927850497323792,25.280601820409405,25.212011337280273,44072000.0,Financials
2019-01-23,XLU,52.176674915515584,51.54640326629004,51.63367159158423,52.1475830078125,14211100.0,Utilities
2019-01-23,XLB,51.89993004539703,50.842145223634766,51.76280688477206,51.33185958862305,5705000.0,Materials
2019-01-23,XLRE,31.76618761393879,31.41721456633998,31.76618761393879,31.62078094482422,3087500.0,Real Estate
2019-01-23,XLC,43.98733815147682,43.0653584604801,43.90803006309116,43.461910247802734,2540500.0,Communication Services
2019-01-23,XLI,68.1502074512497,66.69999132791595,67.79745238005614,67.4544906616211,13243800.0,Industrials
2019-01-23,XLV,88.02538290672764,86.59820194416083,87.6148202196763,87.54639434814453,7722800.0,Health Care
2019-01-23,SPY,259.86915994393786,255.81590693277388,259.10365663568604,258.5148010253906,86030300.0,
2019-01-24,XLK,64.38961836181569,63.827048404460356,63.85665616064514,64.1626205444336,14170900.0,Information Technology
2019-01-24,XLY,104.5540722077783,103.79435642618171,104.08048246480674,104.44554138183594,3965200.0,Consumer Discretionary
2019-01-24,XLP,50.92048794018372,50.21001521266835,50.91075706453343,50.55065155029297,17727200.0,Consumer Staples
2019-01-24,XLE,58.743578855439964,57.55371647698235,57.78794127020661,58.21891403198242,13049200.0,Energy
2019-01-24,XLF,25.33939393105627,25.045432330184966,25.123821716627237,25.270803451538086,25496900.0,Financials
2019-01-24,XLU,52.467571855427806,51.72094361867449,52.10880369194378,52.419090270996094,21924100.0,Utilities
2019-01-24,XLB,51.3710417366162,50.83235663935861,51.047828436527006,51.05762481689453,5249700.0,Materials
2019-01-24,XLRE,31.819498979333673,31.397822652396012,31.572309153346445,31.746795654296875,4578000.0,Real Estate
2019-01-24,XLC,43.70975861528291,43.214070721610746,43.44208669888412,43.66019058227539,2878700.0,Communication Services
2019-01-24,XLI,68.1012209125898,67.41531232539009,67.69946911448503,67.7974624633789,10361800.0,Industrials
2019-01-24,XLV,87.53663072709783,86.40270768129447,87.45842759472632,86.81326293945312,11307000.0,Health Care
2019-01-24,SPY,259.29013556276783,257.2095083529395,258.3185132950795,258.6521911621094,59204100.0,
2019-01-25,XLK,65.26800770907643,64.40935278130056,64.6462223272442,65.07061767578125,10030800.0,Information Technology
2019-01-25,XLY,105.98468763862888,105.34337121841669,105.511105455439,105.59989929199219,4392800.0,Consumer Discretionary
2019-01-25,XLP,50.91076270898956,50.278148054511675,50.70637717109702,50.346275329589844,12920300.0,Consumer Staples
2019-01-25,XLE,59.32445842290817,58.62178400674234,58.715472499303026,58.959068298339844,10233600.0,Energy
2019-01-25,XLF,25.64315353753479,25.37858864745249,25.447179129558908,25.47657585144043,63140000.0,Financials
2019-01-25,XLU,52.49665934021706,51.62397973579299,52.25424772250353,51.7015495300293,18154100.0,Utilities
2019-01-25,XLB,52.311291256300755,51.625690359570314,51.84116588785756,52.02725601196289,4917000.0,Materials
2019-01-25,XLRE,32.144241751554354,31.659557766339212,31.853432099994336,32.11516189575195,3031400.0,Real Estate
2019-01-25,XLC,44.35415069481002,43.967510993244396,44.04682286488807,44.215354919433594,3341100.0,Communication Services
2019-01-25,XLI,68.94390850963087,68.25799996588465,68.44417087013437,68.65974426269531,13065900.0,Industrials
2019-01-25,XLV,87.24336630052093,86.66663502183681,87.24336630052093,86.92078399658203,7241900.0,Health Care
2019-01-25,SPY,261.74367523090604,258.760162021827,260.6739053689185,260.84075927734375,96883400.0,
2019-01-28,XLK,64.22183102433222,63.66913287233105,64.10339247892587,64.20209503173828,9662400.0,Information Technology
2019-01-28,XLY,104.99805066092985,103.9620849171979,104.56393490865544,104.98818969726562,5901000.0,Consumer Discretionary
2019-01-28,XLP,50.57985593803881,50.07376496971836,50.23921585855842,50.56039047241211,10996700.0,Consumer Staples
2019-01-28,XLE,58.39692959709961,57.731728440376635,58.18143963323993,58.36882019042969,12022400.0,Energy
2019-01-28,XLF,25.427580541458415,25.192410528746308,25.231606153848418,25.398183822631836,66894900.0,Financials
2019-01-28,XLU,51.905173443516254,51.22642388556754,51.71124711204958,51.459136962890625,14183800.0,Utilities
2019-01-28,XLB,51.988083994646395,51.4983695805426,51.655078043606835,51.94890594482422,5971800.0,Materials
2019-01-28,XLRE,32.464130699491996,31.950363228003376,32.00852662982611,32.4350471496582,5276000.0,Real Estate
2019-01-28,XLC,43.88820017811521,43.443071213381586,43.79897621895563,43.82871627807617,4328200.0,Communication Services
2019-01-28,XLI,68.04243070756863,67.39571049059121,67.67987475479254,68.00323486328125,13144000.0,Industrials
2019-01-28,XLV,86.41249099475479,85.52294708186018,86.32451060020419,85.93350982666016,7113800.0,Health Care
2019-01-28,SPY,258.9270137715925,256.92494635824676,258.49521821317154,258.85833740234375,85613700.0,
2019-01-29,XLK,64.34027383760096,63.41252399524666,64.33040207567538,63.5112190246582,8573900.0,Information Technology
2019-01-29,XLY,104.88952422741401,103.66609473855422,104.70206805306312,104.30741119384766,2882300.0,Consumer Discretionary
2019-01-29,XLP,50.78423562932939,50.45333015286241,50.657711964388476,50.67717742919922,11500400.0,Consumer Staples
2019-01-29,XLE,58.94032514955712,58.49998140712949,58.70610036298695,58.54682922363281,11884100.0,Energy
2019-01-29,XLF,25.48637222711342,25.300196744924627,25.38838503285878,25.309995651245117,29442100.0,Financials
2019-01-29,XLU,51.84699534562983,51.43004708843704,51.701546902829534,51.604583740234375,12618500.0,Utilities
2019-01-29,XLB,52.63450660777886,52.07622874117456,52.07622874117456,52.48759078979492,8223000.0,Materials
2019-01-29,XLRE,32.70647199821314,32.2605599889556,32.31872338960087,32.68708419799805,2530000.0,Real Estate
2019-01-29,XLC,43.80888974208291,43.17440991480448,43.798977649318346,43.313201904296875,1138100.0,Communication Services
2019-01-29,XLI,69.07128192756366,68.27758677327535,68.29718095419041,68.94390106201172,12384000.0,Industrials
2019-01-29,XLV,86.42226176405683,85.68912418190308,85.93350337595433,86.35382843017578,11099200.0,Health Care
2019-01-29,SPY,259.63359972955544,257.60209130217504,259.0153327867078,258.5148010253906,66136300.0,
2019-01-30,XLK,65.67267138376953,64.2810467087237,64.56726754678165,65.48514556884766,16995300.0,Information Technology
2019-01-30,XLY,106.66547462609029,105.05725679523769,105.1361821438571,106.359619140625,5900200.0,Consumer Discretionary
2019-01-30,XLP,51.134607427051044,50.60905100633202,50.72584008449474,51.01781463623047,13934600.0,Consumer Staples
2019-01-30,XLE,59.55867646679063,58.59367152181929,58.91221736394379,59.37129592895508,12116500.0,Energy
2019-01-30,XLF,25.61375470275738,25.212008881602525,25.388385460441302,25.45697593688965,62076800.0,Financials
2019-01-30,XLU,52.225158284350954,51.3912617471939,51.4688352385144,52.002140045166016,18578900.0,Utilities
2019-01-30,XLB,53.467014946685055,52.487586208871605,52.70306172678229,53.045860290527344,7073300.0,Materials
2019-01-30,XLRE,33.0748344748572,32.59984623498167,32.725861410057405,32.95851135253906,5118100.0,Real Estate
2019-01-30,XLC,44.02104603948455,43.13475516282791,43.57096289239043,43.93777084350586,2578000.0,Communication Services
2019-01-30,XLI,70.35492757452904,68.87531634310197,69.65921073875751,70.02176666259766,16892500.0,Industrials
2019-01-30,XLV,87.7810155635089,86.46136185798247,86.67641675689379,87.53663635253906,11706500.0,Health Care
2019-01-30,SPY,263.52983330993845,259.3391974576819,260.1734071103588,262.6072998046875,92473700.0,
2019-01-31,XLK,65.77136952546213,64.94232225587255,65.14958407326995,65.41606140136719,18250900.0,Information Technology
2019-01-31,XLY,107.69158174122063,106.03402894542687,106.51747964869277,107.32652282714844,5599000.0,Consumer Discretionary
2019-01-31,XLP,52.098126651537505,50.91076291490274,51.027551999415095,51.96187210083008,17886500.0,Consumer Staples
2019-01-31,XLE,60.03650092625765,59.30571713851253,59.46499185693922,59.755428314208984,17844200.0,Energy
2019-01-31,XLF,25.45697558628597,25.202209628022064,25.241405253424336,25.417781829833984,64021500.0,Financials
2019-01-31,XLU,53.25298264354747,51.75003134673969,51.98274812831164,53.09783935546875,23081600.0,Utilities
2019-01-31,XLB,52.47779341180744,51.35144887212961,51.90972295215104,52.25252151489258,12475300.0,Materials
2019-01-31,XLRE,33.33656012614346,32.62892203182166,32.9294273997576,33.27840042114258,7024500.0,Real Estate
2019-01-31,XLC,45.92052249868594,45.01837075554683,45.107594720551724,45.73216247558594,4798700.0,Communication Services
2019-01-31,XLI,70.65869194583188,69.86499665412312,70.14915344371933,70.32553100585938,13867100.0,Industrials
2019-01-31,XLV,88.83671682523291,87.35089469235079,87.43886761737414,88.63143920898438,13409900.0,Health Care
2019-01-31,SPY,265.4435777445351,262.3030346705273,262.5385948688629,264.9136047363281,104012100.0,
2019-02-01,XLK,66.15628008036148,65.34696886949277,65.44566388936508,65.80097198486328,9737800.0,Information Technology
2019-02-01,XLY,106.80360096167807,105.53083659195815,106.40894411776091,105.75776672363281,5636400.0,Consumer Discretionary
2019-02-01,XLP,52.11758812227994,51.58230083725507,52.11758812227994,51.796417236328125,14423400.0,Consumer Staples
2019-02-01,XLE,61.151402546450804,60.205139579792764,60.401887537651554,60.79538345336914,14772400.0,Energy
2019-02-01,XLF,25.643151108511713,25.42758077531831,25.456975625464967,25.52556610107422,42920300.0,Financials
2019-02-01,XLU,53.09783950274987,52.43848330076724,52.87482125669985,52.89421463012695,15562400.0,Utilities
2019-02-01,XLB,52.53655988255228,51.9880821494071,52.22314296754808,52.40923309326172,5539500.0,Materials
2019-02-01,XLRE,33.414113912313894,32.638616605816004,33.326870650225146,33.074832916259766,9829200.0,Real Estate
2019-02-01,XLC,45.960179478453384,45.51405964329704,45.63302367207264,45.573543548583984,4395100.0,Communication Services
2019-02-01,XLI,70.95265843417955,70.24714817176987,70.53131244278728,70.43331909179688,11845000.0,Industrials
2019-02-01,XLV,88.91491811493535,88.10357746425068,88.73896481066471,88.70964050292969,9386500.0,Health Care
2019-02-01,SPY,266.16005797690036,264.17757828902506,265.12955310288646,265.0412292480469,85782500.0,
2019-02-04,XLK,66.86690453807078,65.84045963861583,65.88981091962692,66.8570327758789,7604300.0,Information Technology
2019-02-04,XLY,106.49774496222295,105.46177169293976,105.60976894961638,106.44841003417969,3604800.0,Consumer Discretionary
2019-02-04,XLP,52.1273193359375,51.68935569012516,51.78667929468011,52.1273193359375,13367500.0,Consumer Staples
2019-02-04,XLE,60.95465936882998,59.93344267681338,60.38315028776567,60.9359245300293,10107900.0,Energy
2019-02-04,XLF,25.643153094136128,25.398186022877262,25.535366984718088,25.63335418701172,30362500.0,Financials
2019-02-04,XLU,53.01056785364142,52.2930315762909,52.66149825052653,52.98147964477539,18065700.0,Utilities
2019-02-04,XLB,52.37005749629789,51.96849185028605,52.31129042509216,52.321083068847656,3557800.0,Materials
2019-02-04,XLRE,33.288091260936206,32.76463174791379,33.03605725346882,33.26870346069336,6513600.0,Real Estate
2019-02-04,XLC,45.99983596801758,45.464492159397594,45.61319625170425,45.99983596801758,3703100.0,Communication Services
2019-02-04,XLI,71.38379270523403,70.3451290459947,70.53130742862912,71.34459686279297,7688400.0,Industrials
2019-02-04,XLV,88.71942381566166,87.70280548355923,88.71942381566166,88.45549011230469,9308600.0,Health Care
2019-02-04,SPY,266.97459009634815,264.35419622942226,265.09025822063927,266.9058837890625,60744800.0,
2019-02-05,XLK,67.58738362627797,67.00507021326482,67.08402924044411,67.41959381103516,12060700.0,Information Technology
2019-02-05,XLY,107.62251861420083,106.77400898693536,106.77400898693536,107.4449234008789,4162300.0,Consumer Discretionary
2019-02-05,XLP,52.273308985859266,51.991065312019295,52.166250784564255,52.137054443359375,11296100.0,Consumer Staples
2019-02-05,XLE,61.13266533673459,60.69232162281733,60.88906957304089,61.029605865478516,7852700.0,Energy
2019-02-05,XLF,25.701944986367582,25.4667768193195,25.68234717187596,25.56476402282715,39094900.0,Financials
2019-02-05,XLU,53.185109380765006,52.68089645262489,52.98148450221905,53.0881462097168,12296100.0,Utilities
2019-02-05,XLB,52.83038701608496,52.409232342042706,52.43861774605738,52.70306396484375,4428900.0,Materials
2019-02-05,XLRE,33.501356821821396,33.08452831821147,33.30748249723733,33.491661071777344,4186000.0,Real Estate
2019-02-05,XLC,46.545091880947226,45.93043997931307,45.96018004142169,46.505435943603516,2388600.0,Communication Services
2019-02-05,XLI,72.00111753414794,71.23680982397036,71.46218404796679,71.96192169189453,9079100.0,Industrials
2019-02-05,XLV,89.1006540513455,88.30886040541509,88.60211841618353,88.32841491699219,8921400.0,Health Care
2019-02-05,SPY,268.35842764434136,266.82742088521536,267.37701151923784,268.0247497558594,79552800.0,
2019-02-06,XLK,67.83413227265088,67.2419470347293,67.49856013583211,67.6466064453125,10189600.0,Information Technology
2019-02-06,XLY,107.75077807303425,106.57667597574229,107.47452052718992,107.00093078613281,2915900.0,Consumer Discretionary
2019-02-06,XLP,52.23437857526694,51.991065829052374,51.991065829052374,52.14678955078125,19006100.0,Consumer Staples
2019-02-06,XLE,60.90781592279949,60.52368383913795,60.73917378938255,60.57990264892578,6803800.0,Energy
2019-02-06,XLF,25.67254888416417,25.447177766379667,25.48637339345536,25.53536605834961,51542800.0,Financials
2019-02-06,XLU,53.27237120368904,52.797246545148276,53.010566235165435,53.059051513671875,9204200.0,Utilities
2019-02-06,XLB,52.65409476099614,52.29170712280448,52.448415593608274,52.389652252197266,4954900.0,Materials
2019-02-06,XLRE,33.4335009497984,33.11845563847256,33.394725345791656,33.22993087768555,3535200.0,Real Estate
2019-02-06,XLC,46.12871273943857,45.36535295312324,46.12871273943857,45.46449279785156,3748900.0,Communication Services
2019-02-06,XLI,72.32447590866632,71.73655317973844,71.84433988555692,71.98152160644531,15557600.0,Industrials
2019-02-06,XLV,88.76829620716936,88.06448293388236,88.17201037607127,88.72919464111328,6135900.0,Health Care
2019-02-06,SPY,268.26027288577086,266.8666787975469,267.7205060115398,267.6714172363281,58347800.0,
2019-02-07,XLK,67.31103452136972,66.26485364964302,67.02482119340338,66.71885681152344,14632000.0,Information Technology
2019-02-07,XLY,106.49775303823154,105.24471803446207,106.24122494236906,106.1228256225586,4521200.0,Consumer Discretionary
2019-02-07,XLP,52.146791497070794,51.747755014234,51.92294049505961,52.10786056518555,14519000.0,Consumer Staples
2019-02-07,XLE,60.41126275115625,58.687364529322785,60.205143786243966,59.240135192871094,14600100.0,Energy
2019-02-07,XLF,25.525566651690788,25.074828162849723,25.45697617460196,25.28059959411621,80395700.0,Financials
2019-02-07,XLU,53.757198333740234,52.81664378414562,52.98148190663365,53.757198333740234,16075400.0,Utilities
2019-02-07,XLB,52.15458178407208,51.24371273288894,52.05664040197197,51.66486740112305,6368000.0,Materials
2019-02-07,XLRE,33.52558728984666,33.045751223962995,33.15238228256937,33.51104736328125,6325300.0,Real Estate
2019-02-07,XLC,45.195827168775914,44.54251019371327,45.058026007943205,45.028282165527344,2341500.0,Communication Services
2019-02-07,XLI,71.90312994063999,70.94285789408808,71.52097979291216,71.49158477783203,15611400.0,Industrials
2019-02-07,XLV,88.29909293748553,87.28247458661941,88.15246392823211,87.75167846679688,9511700.0,Health Care
2019-02-07,SPY,266.5035212760061,263.304125260737,265.90487185075875,265.1197509765625,95482000.0,
2019-02-08,XLK,67.10376739501953,66.07732259844832,66.11680211331038,67.10376739501953,8488800.0,Information Technology
2019-02-08,XLY,105.70843111315419,104.93885441258148,105.46177152822943,105.69856262207031,3323300.0,Consumer Discretionary
2019-02-08,XLP,52.35116958618164,51.80614771663953,52.00079864952298,52.35116958618164,11100100.0,Consumer Staples
2019-02-08,XLE,59.22139275773447,57.96594778888103,59.080860033556164,58.96842956542969,10634400.0,Energy
2019-02-08,XLF,25.26100341808155,24.82986087740098,25.143418409186733,25.153217315673828,54911100.0,Financials
2019-02-08,XLU,54.0190059666592,53.514789339622304,53.63114958356704,53.98991775512695,14633700.0,Utilities
2019-02-08,XLB,51.62569077631437,50.95967889825411,51.38083357809293,51.61589813232422,4521400.0,Materials
2019-02-08,XLRE,33.60798267228068,33.31717304743739,33.37533645154405,33.51104736328125,2913100.0,Real Estate
2019-02-08,XLC,45.33561325073242,44.67139330386911,44.711045460277035,45.33561325073242,2600400.0,Communication Services
2019-02-08,XLI,71.599365234375,70.6978832966662,71.04083756907254,71.599365234375,15977000.0,Industrials
2019-02-08,XLV,87.92762410641404,87.28246696305509,87.40954144911625,87.91785430908203,7284200.0,Health Care
2019-02-08,SPY,265.55154490624477,262.8526507354553,263.75556669078634,265.443603515625,75788900.0,
2019-02-11,XLK,67.51830427673815,66.91625480131142,67.31103492360265,67.07416534423828,7434700.0,Information Technology
2019-02-11,XLY,106.31027925489279,105.72816625776503,106.05375118334263,105.88602447509766,3057900.0,Consumer Discretionary
2019-02-11,XLP,52.53609238354339,52.253848681826874,52.399837827585955,52.487430572509766,6876200.0,Consumer Staples
2019-02-11,XLE,59.34319257518902,58.518720318704496,58.68736245239421,59.24950408935547,12497400.0,Energy
2019-02-11,XLF,25.280600102052933,25.104225386973802,25.23160743713379,25.23160743713379,53115700.0,Financials
2019-02-11,XLU,54.25171837131096,53.786288529869154,53.98991339195477,53.97052001953125,14729100.0,Utilities
2019-02-11,XLB,51.870549500965566,51.44939480873314,51.80198978234396,51.694252014160156,4158300.0,Materials
2019-02-11,XLRE,33.65645016759068,33.39472042587249,33.54012337270843,33.60797882080078,2971900.0,Real Estate
2019-02-11,XLC,45.62311090043122,44.83992317722324,45.52397105976033,44.86966323852539,2061100.0,Communication Services
2019-02-11,XLI,72.15789917270799,71.76594819480837,71.80514404018264,71.98152160644531,7909800.0,Industrials
2019-02-11,XLV,88.17200968387543,87.56595405941704,88.11336106418233,87.81033325195312,5017400.0,Health Care
2019-02-11,SPY,266.44461691213655,265.0117579562411,266.1600278400244,265.5907897949219,68021400.0,
2019-02-12,XLK,68.05125612617627,67.43934244402809,67.53803747050864,67.96243286132812,9709100.0,Information Technology
2019-02-12,XLY,107.63237646733255,106.37934904605198,106.56681274565473,107.51398468017578,3876700.0,Consumer Discretionary
2019-02-12,XLP,53.05191065562373,52.51662334533829,52.59448520782385,52.89619064331055,11694100.0,Consumer Staples
2019-02-12,XLE,60.34567486539008,59.30571271161449,60.045860289332104,59.999019622802734,10677300.0,Energy
2019-02-12,XLF,25.70194533471853,25.407985589161857,25.417784496540477,25.603958129882812,37671300.0,Financials
2019-02-12,XLU,54.368076514817275,53.66992988255391,53.98021645269147,54.09657669067383,14753300.0,Utilities
2019-02-12,XLB,52.91853912065476,52.02725902417029,52.17417484491287,52.849979400634766,10069800.0,Materials
2019-02-12,XLRE,33.6370693037383,33.2425350903323,33.6370693037383,33.37533950805664,8982900.0,Real Estate
2019-02-12,XLC,45.543797570504076,45.276125681955456,45.29595364945514,45.38517761230469,2442900.0,Communication Services
2019-02-12,XLI,73.25535514756591,72.38326820927223,72.5302432740523,73.09857177734375,8909700.0,Industrials
2019-02-12,XLV,89.06154361113289,88.03514813358389,88.1915543791709,89.01266479492188,9093200.0,Health Care
2019-02-12,SPY,269.41834254903836,267.2788625949984,267.3573926568666,269.00616455078125,72270200.0,
2019-02-13,XLK,68.54473692136914,68.01178228690222,68.29799559691503,68.05125427246094,9120900.0,Information Technology
2019-02-13,XLY,108.48088595013793,107.70144826070634,107.95796881756465,108.24409484863281,3480600.0,Consumer Discretionary
2019-02-13,XLP,53.158965894212024,52.876725940094275,52.99351501464844,52.99351501464844,10809600.0,Consumer Staples
2019-02-13,XLE,61.22635570610179,60.177033272511004,60.24261592461043,60.74853515625,13061700.0,Energy
2019-02-13,XLF,25.897917537721295,25.662749387523693,25.72154095783551,25.672548294067383,42969600.0,Financials
2019-02-13,XLU,54.07718668811064,53.718418512573564,53.93173823102128,53.941436767578125,13381800.0,Utilities
2019-02-13,XLB,53.30051377605631,52.89894811544516,53.14380531670133,52.91853713989258,7347100.0,Materials
2019-02-13,XLRE,33.617677290462474,33.24931647254107,33.355947527558705,33.598289489746094,3751800.0,Real Estate
2019-02-13,XLC,45.77181287139591,45.37526487245084,45.573540762822404,45.414920806884766,3620700.0,Communication Services
2019-02-13,XLI,73.7550832352216,73.16716056518807,73.36313977242749,73.52971649169922,8134200.0,Industrials
2019-02-13,XLV,89.47210953729392,88.80739782964073,89.18862877660318,89.20818328857422,6435600.0,Health Care
2019-02-13,SPY,270.80211107747414,269.457575942665,269.9188426630427,269.87957763671875,65277200.0,
2019-02-14,XLK,68.41644197525787,67.74530519471789,67.79465647723715,68.1697006225586,9742000.0,Information Technology
2019-02-14,XLY,108.43156210093389,106.86280312435814,107.3857202740655,107.84944152832031,4167300.0,Consumer Discretionary
2019-02-14,XLP,52.633411719687935,52.11758620567737,52.43876079247589,52.39982986450195,11388500.0,Consumer Staples
2019-02-14,XLE,61.42310983027734,60.420627962964694,60.53305844127055,60.96403121948242,10213200.0,Energy
2019-02-14,XLF,25.55496411491764,25.21200985054526,25.47657472897113,25.358989715576172,47630100.0,Financials
2019-02-14,XLU,54.13536631327034,53.66023789686462,53.980219321049795,53.85416793823242,19094000.0,Utilities
2019-02-14,XLB,53.02627134931079,52.497378933380986,52.67367640535759,52.64429473876953,4885000.0,Materials
2019-02-14,XLRE,33.85032317056621,33.414110601193485,33.617676959946735,33.724308013916016,4007000.0,Real Estate
2019-02-14,XLC,45.789660458753545,44.98863022610561,45.176990247244625,45.58345413208008,2103300.0,Communication Services
2019-02-14,XLI,73.4905260267659,72.91240414375994,73.10837588949416,73.186767578125,11703600.0,Industrials
2019-02-14,XLV,89.81423777379779,88.85627551953549,88.98335001428345,89.41345977783203,6938600.0,Health Care
2019-02-14,SPY,270.51756930852054,267.7990273309103,268.69211964571684,269.2809753417969,83234400.0,
2019-02-15,XLK,68.78161931843387,68.32761615002204,68.68291675708277,68.71253204345703,7356000.0,Information Technology
2019-02-15,XLY,108.81634664089869,108.22436512487732,108.52035211916132,108.58941650390625,3610500.0,Consumer Discretionary
2019-02-15,XLP,52.9935179714175,52.39983426426789,52.65287789203008,52.89619064331055,12635400.0,Consumer Staples
2019-02-15,XLE,61.99461364740019,61.4605814298151,61.601117728752875,61.94777297973633,10183800.0,Energy
2019-02-15,XLF,25.897918701171875,25.358990030759752,25.564763339520862,25.897918701171875,46880800.0,Financials
2019-02-15,XLU,54.2226258669264,53.82507098388512,54.02869954263897,54.01900100708008,9344500.0,Utilities
2019-02-15,XLB,53.496399064348985,52.967510361227205,53.22216020078774,53.35927963256836,7647200.0,Materials
2019-02-15,XLRE,33.9375675704667,33.724309153168825,33.82124446122741,33.92787551879883,2674800.0,Real Estate
2019-02-15,XLC,45.90069467831181,45.54379881714458,45.90069467831181,45.78173065185547,2283500.0,Communication Services
2019-02-15,XLI,74.17643458954518,73.48072517380992,73.63750855102272,74.16664123535156,9593200.0,Industrials
2019-02-15,XLV,90.81130710408686,89.4134578603914,90.08794680097186,90.7624282836914,8234200.0,Health Care
2019-02-15,SPY,272.2546580985786,270.99844662305975,271.22415316955164,272.21539306640625,97088700.0,
2019-02-19,XLK,68.93952346340637,68.36708179247881,68.43616906104265,68.73226165771484,8319100.0,Information Technology
2019-02-19,XLY,109.35898640992757,108.25395632289731,108.25395632289731,109.03340148925781,4919400.0,Consumer Discretionary
2019-02-19,XLP,53.37308298315801,52.90592296622923,53.02271204229697,53.168701171875,19831700.0,Consumer Staples
2019-02-19,XLE,62.36937952437004,61.544910800764264,61.63859929126911,62.135154724121094,8721600.0,Energy
2019-02-19,XLF,26.015502196200313,25.692145737193826,25.770535125166596,25.93711280822754,23868300.0,Financials
2019-02-19,XLU,54.39716567891633,53.892952767780294,54.057790892784816,54.3389892578125,14489300.0,Utilities
2019-02-19,XLB,53.94693719696545,53.11442051999055,53.163391210112806,53.692283630371094,12264500.0,Materials
2019-02-19,XLRE,34.04419942519758,33.811553201271494,33.87940865807036,33.966651916503906,3921300.0,Real Estate
2019-02-19,XLC,45.99983083740222,45.58345110542837,45.65284709712436,45.831295013427734,4218800.0,Communication Services
2019-02-19,XLI,74.37240511129554,73.70609078776954,73.94125835023694,74.13723754882812,7994800.0,Industrials
2019-02-19,XLV,90.89928518482681,90.50827697307805,90.51805422928363,90.54737854003906,6284100.0,Health Care
2019-02-19,SPY,273.4028463709861,271.332073060899,271.34189680468995,272.6864318847656,59120800.0,
2019-02-20,XLK,69.09744674822159,68.4460459982617,68.79148236720341,68.81122589111328,9852100.0,Information Technology
2019-02-20,XLY,109.50698593863079,108.14542775560535,109.10246813834661,109.2504653930664,6601700.0,Consumer Discretionary
2019-02-20,XLP,53.26602774658453,52.9059259096245,53.120042321542456,53.07137680053711,14478600.0,Consumer Staples
2019-02-20,XLE,62.70666226993959,62.03209371809867,62.04146471131131,62.397483825683594,9935700.0,Energy
2019-02-20,XLF,26.113486192289283,25.86851915133169,25.927310717855455,26.103687286376953,27509100.0,Financials
2019-02-20,XLU,54.6783649944149,54.028703621410756,54.31959682870974,54.58140182495117,14358400.0,Utilities
2019-02-20,XLB,54.945951481702885,53.711872898368746,53.790225255676475,54.612945556640625,11309000.0,Materials
2019-02-20,XLRE,33.9278739559156,33.50425994913548,33.80185510296851,33.753387451171875,3200300.0,Real Estate
2019-02-20,XLC,45.98000774104096,45.42483596687263,45.880867898261805,45.67267990112305,3566300.0,Communication Services
2019-02-20,XLI,74.52919371017519,74.01966265858816,74.10784770611843,74.48999786376953,8911400.0,Industrials
2019-02-20,XLV,90.55715455278792,89.99019302643035,90.32255261210456,90.43984985351562,6959900.0,Health Care
2019-02-20,SPY,273.73655467649735,272.09757683351825,272.6471673789684,273.23602294921875,76610800.0,
2019-02-21,XLK,69.11718467416702,68.41644015474125,68.64344550636146,68.84083557128906,9754100.0,Information Technology
2019-02-21,XLY,109.35898640992757,108.61900767916856,108.99393505365632,109.03340148925781,2993400.0,Consumer Discretionary
2019-02-21,XLP,53.343889352276015,52.82806379084445,52.98378380439825,53.22709655761719,11711800.0,Consumer Staples
2019-02-21,XLE,62.36001193122412,61.20762985402876,62.20074077388396,61.4324836730957,11866100.0,Energy
2019-02-21,XLF,26.14288545102112,25.87832057252411,26.054697158188784,25.966508865356445,46619900.0,Financials
2019-02-21,XLU,55.06622646417262,54.23232986960508,54.41656137581339,54.97895812988281,19100000.0,Utilities
2019-02-21,XLB,54.80883449699266,54.172208021681236,54.68151144366499,54.39747619628906,8551900.0,Materials
2019-02-21,XLRE,33.82124600718902,33.42380530942996,33.62737168436493,33.811553955078125,4484200.0,Real Estate
2019-02-21,XLC,45.5913858104111,45.0778554237109,45.56362741113001,45.24638748168945,2631200.0,Communication Services
2019-02-21,XLI,74.49979279106378,73.94126510676587,74.31361440435025,74.18623352050781,6782700.0,Industrials
2019-02-21,XLV,90.1759312940197,89.24729325028837,90.11728266831174,89.6480712890625,8368500.0,Health Care
2019-02-21,SPY,272.9318210862674,271.2143429258276,272.5392606396839,272.26446533203125,64214700.0,
2019-02-22,XLK,69.75871016884348,69.13692471866524,69.15666071218529,69.71923065185547,12246600.0,Information Technology
2019-02-22,XLY,109.67472402824522,109.13206991769312,109.29979663278982,109.6253890991211,7108300.0,Consumer Discretionary
2019-02-22,XLP,52.97405242919922,52.594485131775784,52.73073967827056,52.97405242919922,24758700.0,Consumer Staples
2019-02-22,XLE,62.07894614477623,61.30131805378745,61.89156200647978,61.610496520996094,9948300.0,Energy
2019-02-22,XLF,26.044895946625058,25.829325621527488,25.966506567594102,25.927310943603516,26343700.0,Financials
2019-02-22,XLU,55.32802739324437,54.82381079879621,55.07591724656647,55.318328857421875,15247500.0,Utilities
2019-02-22,XLB,54.79903885605767,54.43665126770068,54.67171207346905,54.63253402709961,4790800.0,Materials
2019-02-22,XLRE,34.141135401056005,33.69522339875299,33.850322100209986,34.00542449951172,3477800.0,Real Estate
2019-02-22,XLC,45.69250786967888,45.32569990589179,45.4347518420497,45.67267990112305,4005400.0,Communication Services
2019-02-22,XLI,74.71536619242151,74.15683850811516,74.45080359494702,74.6761703491211,9816900.0,Industrials
2019-02-22,XLV,90.5473729172987,89.71648518009175,89.82401261809204,90.46917724609375,6488100.0,Health Care
2019-02-22,SPY,274.16839744598616,272.2448302050646,272.94162727567635,273.9525146484375,78114600.0,
2019-02-25,XLK,70.53841284081086,70.00545066278798,70.24232023192666,70.05480194091797,20170500.0,Information Technology
2019-02-25,XLY,110.41470280565639,109.20113430720619,110.2765665095929,109.26033020019531,3991400.0,Consumer Discretionary
2019-02-25,XLP,53.23682825063506,52.61394823030589,53.08110824555276,52.68207550048828,15162600.0,Consumer Staples
2019-02-25,XLE,61.91966620705296,61.35752810293842,61.41374691693154,61.71355438232422,15904400.0,Energy
2019-02-25,XLF,26.280064166050348,26.005702273057572,26.04489602822073,26.035097122192383,33835900.0,Financials
2019-02-25,XLU,55.40559686796869,54.736542157446316,55.36681012271613,54.95956039428711,13080100.0,Utilities
2019-02-25,XLB,55.141842588694985,54.740276916336946,54.85780733023516,54.98513412475586,6187900.0,Materials
2019-02-25,XLRE,34.11205293089676,33.68553241286449,34.06358527850477,33.724308013916016,4075800.0,Real Estate
2019-02-25,XLC,46.004786173796674,45.682592110563796,45.9403481175097,45.72224426269531,2410800.0,Communication Services
2019-02-25,XLI,75.57764776536854,74.94073590866601,75.45026688919648,74.97013092041016,10108500.0,Industrials
2019-02-25,XLV,91.14365943339885,90.52782656740717,90.9286045557272,90.59625244140625,7652600.0,Health Care
2019-02-25,SPY,276.08215208589024,274.2370850833542,275.51294394383456,274.3254089355469,69030700.0,
2019-02-26,XLK,70.4002326497426,69.74883197443863,69.80805500943269,70.20283508300781,14134000.0,Information Technology
2019-02-26,XLY,109.56619094328668,108.74727931244026,108.82621218642734,109.4083251953125,7175200.0,Consumer Discretionary
2019-02-26,XLP,52.93512047436608,52.59448411471628,52.711273193359375,52.711273193359375,15114400.0,Consumer Staples
2019-02-26,XLE,62.078945670801765,61.4980655684788,61.65733672383424,61.516807556152344,10550700.0,Energy
2019-02-26,XLF,26.152685221293776,25.829328759883342,25.848924705309397,25.956710815429688,35659700.0,Financials
2019-02-26,XLU,55.153490468153976,54.61048713088307,55.07591697758344,54.891685485839844,13702700.0,Utilities
2019-02-26,XLB,55.02430974506431,54.65212575855939,54.85780490785514,54.671714782714844,6192300.0,Materials
2019-02-26,XLRE,33.87941017567067,33.59829258614291,33.82124676816124,33.656455993652344,2674700.0,Real Estate
2019-02-26,XLC,45.93439934924047,45.454572381368024,45.58345227573998,45.72224426269531,4704600.0,Communication Services
2019-02-26,XLI,80.99636346743026,74.74476448946967,74.77415950427564,74.76436614990234,11730800.0,Industrials
2019-02-26,XLV,90.63535790814538,90.16614656776552,90.39097871079075,90.27367401123047,7288000.0,Health Care
2019-02-26,SPY,275.090918993853,273.71694245321135,273.94267893684764,274.129150390625,56844100.0,
2019-02-27,XLK,70.22258170696921,69.41327047247064,69.93636087001943,70.13375091552734,9777500.0,Information Technology
2019-02-27,XLY,109.6451154455563,108.59928121936636,109.28992504280252,109.32939147949219,3102200.0,Consumer Discretionary
2019-02-27,XLP,52.71127337063926,52.41929881672062,52.59448429160338,52.63341522216797,10811600.0,Consumer Staples
2019-02-27,XLE,62.38811456494345,61.46058635439213,61.81661262662446,61.75102996826172,10294000.0,Energy
2019-02-27,XLF,26.10368970188815,25.878320451900617,25.907717172357835,26.054697036743164,42542400.0,Financials
2019-02-27,XLU,55.134097049016006,54.70745024905309,54.76563036693193,54.95956039428711,11956300.0,Utilities
2019-02-27,XLB,54.7500695915937,54.23096980424449,54.554183090870836,54.58356475830078,4631200.0,Materials
2019-02-27,XLRE,33.70492631009987,33.278405714916495,33.53043977165087,33.549827575683594,3252300.0,Real Estate
2019-02-27,XLC,45.682592158501016,45.167076362270244,45.514056330022676,45.49422836303711,4009800.0,Communication Services
2019-02-27,XLI,75.1269175837131,74.36261726537334,74.6369807154601,75.0583267211914,8033300.0,Industrials
2019-02-27,XLV,90.2834499163495,89.55031233525605,89.97064484673074,89.85334014892578,9827600.0,Health Care
2019-02-27,SPY,274.3941197557625,272.32334619153295,273.3439973561528,274.0113830566406,56921600.0,
2019-02-28,XLK,70.20284054360019,69.75870916130867,69.87714771056206,69.93636322021484,9438300.0,Information Technology
2019-02-28,XLY,109.04326697831316,108.24409232470931,108.93474368522102,108.73741149902344,4053400.0,Consumer Discretionary
2019-02-28,XLP,53.09083733957572,52.63341192837009,52.759931875800554,52.88645553588867,8469400.0,Consumer Staples
2019-02-28,XLE,61.84472059194619,60.74854305297336,61.760395943729556,61.13267517089844,11249400.0,Energy
2019-02-28,XLF,26.11348892484792,25.97630796562089,26.06449625910981,25.986106872558594,39835900.0,Financials
2019-02-28,XLU,55.41529462209413,54.69775464067327,54.98864782814913,55.279541015625,12808100.0,Utilities
2019-02-28,XLB,54.57377602672479,53.80002634832604,54.52480159586513,53.91755676269531,8762500.0,Materials
2019-02-28,XLRE,34.04419586585151,33.433496818510775,33.54012416958598,33.64675521850586,5002100.0,Real Estate
2019-02-28,XLC,45.6726794293507,45.41492340438399,45.45457555928776,45.52397155761719,2374200.0,Communication Services
2019-02-28,XLI,75.10731663475028,74.75456152330715,75.06812079171853,74.80355072021484,8531300.0,Industrials
2019-02-28,XLV,90.17592509424779,89.49166631515955,89.68716669265295,89.58941650390625,9464100.0,Health Care
2019-02-28,SPY,274.25671657772125,273.1477116919124,273.77580236546476,273.5010070800781,69268300.0,
2019-03-01,XLK,70.59763631574683,69.84754047723943,70.48906951557015,70.41011047363281,12334000.0,Information Technology
2019-03-01,XLY,110.05951608667196,108.89528247827381,109.62539278363936,109.61552429199219,4856000.0,Consumer Discretionary
2019-03-01,XLP,53.061644066580826,52.40956397704585,53.04217860139165,52.78913497924805,10812200.0,Consumer Staples
2019-03-01,XLE,62.266317556789495,61.460583704233755,61.460583704233755,62.2569465637207,20327900.0,Energy
2019-03-01,XLF,26.39765031252227,26.074293875385653,26.211474827822304,26.15268325805664,82657300.0,Financials
2019-03-01,XLU,55.43468377174981,54.9304708909732,55.298933865470914,55.39590072631836,13418000.0,Utilities
2019-03-01,XLB,54.59336705967667,53.66290888249003,54.30933178963213,53.8489990234375,9841500.0,Materials
2019-03-01,XLRE,33.70491781653599,33.21538605714579,33.70491781653599,33.60797882080078,5897500.0,Real Estate
2019-03-01,XLC,45.90069497256407,45.61319510680316,45.82138688168416,45.88086700439453,7114200.0,Communication Services
2019-03-01,XLI,75.5482543180884,74.48019566477485,75.3620834145728,74.87214660644531,12786600.0,Industrials
2019-03-01,XLV,90.98727331311134,90.06840505603438,90.1466081966073,90.86019134521484,10795200.0,Health Care
2019-03-01,SPY,275.6601832941024,273.63846834567,275.2283577759474,275.208740234375,78880500.0,
2019-03-04,XLK,70.88385503466021,69.36392740846514,70.7062009606907,70.14363098144531,15826500.0,Information Technology
2019-03-04,XLY,110.27657049113536,108.47102794269811,110.08911431408393,109.27020263671875,5658800.0,Consumer Discretionary
2019-03-04,XLP,52.983785697530486,52.292778344736654,52.88646207782869,52.70154571533203,10113600.0,Consumer Staples
2019-03-04,XLE,62.63171158953099,61.432481728502516,62.48181143088933,62.369380950927734,19780000.0,Energy
2019-03-04,XLF,26.39765161919008,25.77053465782995,26.22127503221224,25.986106872558594,76611900.0,Financials
2019-03-04,XLU,55.60922687842859,54.94986694374639,55.46378211863302,55.49287033081055,12337600.0,Utilities
2019-03-04,XLB,54.319121175898935,53.27113264288787,53.96652620475046,54.09385299682617,7960400.0,Materials
2019-03-04,XLRE,33.78247002597312,33.35110160387319,33.704922516416154,33.74369812011719,6178600.0,Real Estate
2019-03-04,XLC,46.227849436294754,45.35047983373568,46.10888163072185,45.94034957885742,2906600.0,Communication Services
2019-03-04,XLI,75.548254841657,73.96086435686209,75.22489475184972,74.53898620605469,19150400.0,Industrials
2019-03-04,XLV,91.34893356133006,89.01266922118745,91.18275751052576,89.62850952148438,15208400.0,Health Care
2019-03-04,SPY,276.63174047156076,271.69521888007944,276.36676891710636,274.2076416015625,106494600.0,
2019-03-05,XLK,70.19297631195661,69.71922964489087,70.10414551752962,69.93636322021484,8953800.0,Information Technology
2019-03-05,XLY,110.01017661467895,109.37872866949051,109.65498620457879,109.54645538330078,5149300.0,Consumer Discretionary
2019-03-05,XLP,52.83779839441693,52.56528558613026,52.691809257382715,52.66261291503906,10132400.0,Consumer Staples
2019-03-05,XLE,62.48180702900589,61.72291385168379,62.45370119798902,62.16325759887695,15807500.0,Energy
2019-03-05,XLF,26.044897511377513,25.692144350070034,26.035098604791155,25.888118743896484,39868100.0,Financials
2019-03-05,XLU,55.628620305614994,55.32803224907426,55.49287038344718,55.42499542236328,12045500.0,Utilities
2019-03-05,XLB,54.11344175206536,53.78043580721906,53.976322316462365,53.839202880859375,5231700.0,Materials
2019-03-05,XLRE,33.96665225529384,33.627371270070405,33.685534675554585,33.840633392333984,4066400.0,Real Estate
2019-03-05,XLC,46.3567241657955,45.72224434891861,45.950260296746364,46.227848052978516,2805900.0,Communication Services
2019-03-05,XLI,74.74476172230332,74.03925148970708,74.57818499400776,74.05885314941406,13820500.0,Industrials
2019-03-05,XLV,89.90222559886193,89.12020913823022,89.6676236438171,89.57964324951172,13591700.0,Health Care
2019-03-05,SPY,274.56098509668834,273.23606733600366,274.34507235086977,273.834716796875,59114600.0,
2019-03-06,XLK,69.96596987902235,69.4823589878888,69.88701084742365,69.57118225097656,13122100.0,Information Technology
2019-03-06,XLY,110.11870212221378,108.98406656289272,109.65498091321234,109.03340148925781,3769600.0,Consumer Discretionary
2019-03-06,XLP,52.7988637101762,52.36090004285978,52.652874583518155,52.584747314453125,12001100.0,Consumer Staples
2019-03-06,XLE,61.78849725267193,61.06708803862733,61.65733194102746,61.37626647949219,22690500.0,Energy
2019-03-06,XLF,25.97630833555567,25.701944544243936,25.888120040810843,25.721542358398438,43158900.0,Financials
2019-03-06,XLU,55.628620305614994,55.23106537687728,55.48317554568147,55.42499542236328,11304300.0,Utilities
2019-03-06,XLB,54.33871034462884,53.87837760482833,53.99591175300576,53.95673370361328,4615500.0,Materials
2019-03-06,XLRE,33.97634160771223,33.69522405030904,33.850322754765145,33.753387451171875,3832300.0,Real Estate
2019-03-06,XLC,46.404317359137295,46.06923487834452,46.30716295378803,46.20802688598633,6131600.0,Communication Services
2019-03-06,XLI,74.08824063427922,73.34353463378885,73.95105893364178,73.3631362915039,18468400.0,Industrials
2019-03-06,XLV,89.70671115580527,88.02538856749268,89.58941391584226,88.26976776123047,11662400.0,Health Care
2019-03-06,SPY,273.9721251991196,271.8228215195368,273.9623014538658,272.1761169433594,75039800.0,
2019-03-07,XLK,69.43300247687799,68.68290679312705,69.3737869726164,68.909912109375,18498300.0,Information Technology
2019-03-07,XLY,108.93474064890219,107.36598180403335,108.79660435868752,107.7113037109375,7076300.0,Consumer Discretionary
2019-03-07,XLP,52.58475028669806,52.13705571820636,52.49715754828378,52.24411392211914,14336100.0,Consumer Staples
2019-03-07,XLE,61.460583294582,60.76727991955278,61.41374262549695,61.0108757019043,23446200.0,Energy
2019-03-07,XLF,25.623553609242904,25.309996077507435,25.623553609242904,25.45697593688965,62622100.0,Financials
2019-03-07,XLU,55.95829572583525,55.45407912810984,55.52195408367791,55.609222412109375,15128500.0,Utilities
2019-03-07,XLB,53.84899332749689,53.114421749979925,53.839200683735335,53.515987396240234,11961900.0,Materials
2019-03-07,XLRE,34.01511762611278,33.617676959946735,33.772775666308,33.724308013916016,7592600.0,Real Estate
2019-03-07,XLC,46.14853944076441,45.57354348432783,46.14853944076441,45.80155944824219,3377700.0,Communication Services
2019-03-07,XLI,73.29455220710928,72.28527606519185,73.17696467749023,72.92219543457031,19104700.0,Industrials
2019-03-07,XLV,88.3284138119432,87.27269393581776,88.14268324358939,87.57572174072266,14430700.0,Health Care
2019-03-07,SPY,271.8424155206804,268.97669749634196,271.68538536243113,269.89923095703125,94885100.0,
2019-03-08,XLK,68.95926270647936,67.94268220362855,68.08086426212873,68.90003967285156,12890700.0,Information Technology
2019-03-08,XLY,107.02065981866195,106.22148518791933,107.02065981866195,106.96146392822266,5806800.0,Consumer Discretionary
2019-03-08,XLP,52.52635512718891,52.02026418605478,52.29277326487402,52.27330780029297,11909300.0,Consumer Staples
2019-03-08,XLE,60.14892051864813,59.31508444942146,60.02712620657389,59.867855072021484,15621500.0,Energy
2019-03-08,XLF,25.4667757005936,25.16301706511906,25.17281597193442,25.44717788696289,55826400.0,Financials
2019-03-08,XLU,55.85163557575041,55.2795440065678,55.67709891403993,55.80315399169922,18015900.0,Utilities
2019-03-08,XLB,53.643315469088684,52.94792192238785,53.231953432976304,53.6041374206543,7144600.0,Materials
2019-03-08,XLRE,33.91333403016109,33.59440970752033,33.656452147578605,33.753387451171875,3103900.0,Real Estate
2019-03-08,XLC,45.80156009758448,45.167080226949615,45.3058722259262,45.77181625366211,2566500.0,Communication Services
2019-03-08,XLI,72.8046176391246,72.12850240556733,72.22648827870128,72.77521514892578,14341300.0,Industrials
2019-03-08,XLV,87.43887838634359,86.6373148755694,87.10652624039749,87.39000701904297,11531200.0,Health Care
2019-03-08,SPY,269.5459074774643,267.3573688921229,267.8676944471321,269.35943603515625,85795800.0,
2019-03-11,XLK,70.44958043389468,69.1467865385253,69.1467865385253,70.3804931640625,14576900.0,Information Technology
2019-03-11,XLY,108.53021903165282,107.28705259687607,107.32651903436378,108.43155670166016,4562200.0,Consumer Discretionary
2019-03-11,XLP,52.993513142050425,52.36089856130901,52.36089856130901,52.95458221435547,10519200.0,Consumer Staples
2019-03-11,XLE,60.94529246641421,60.25198195001419,60.3082007595435,60.80475616455078,13212100.0,Energy
2019-03-11,XLF,25.790131785588805,25.456976434371747,25.57456144554556,25.711742401123047,63343500.0,Financials
2019-03-11,XLU,56.22009985450149,55.78375821899271,55.82254496412851,56.200706481933594,14458800.0,Utilities
2019-03-11,XLB,54.38768060779315,53.75105412321408,53.829406485154465,54.36809158325195,6857700.0,Materials
2019-03-11,XLRE,34.30593150953952,33.861960806404426,33.908490793890465,34.276851654052734,4124100.0,Real Estate
2019-03-11,XLC,46.604569990957586,45.890782058611755,45.890782058611755,46.59465789794922,3594000.0,Communication Services
2019-03-11,XLI,73.42194262468298,71.56998177879643,71.73655852717184,73.39254760742188,15298200.0,Industrials
2019-03-11,XLV,88.46526520204564,87.370443765544,87.6246002068117,88.3870620727539,9694300.0,Health Care
2019-03-11,SPY,273.4421506406477,270.11516561579344,270.1446069009535,273.2655029296875,65098900.0,
2019-03-12,XLK,71.03189826487437,70.36076151792327,70.57789510222335,70.79502868652344,18050600.0,Information Technology
2019-03-12,XLY,108.8952772479815,108.15529848651032,108.59928273241174,108.73741149902344,8634000.0,Consumer Discretionary
2019-03-12,XLP,53.158968783348136,52.84752875917209,52.96431784007362,52.97405242919922,10841800.0,Consumer Staples
2019-03-12,XLE,61.50743590784732,60.88907898473081,60.90782097220493,61.19825744628906,11013100.0,Energy
2019-03-12,XLF,25.858720894506614,25.711741040032717,25.75093666466589,25.770532608032227,32521100.0,Financials
2019-03-12,XLU,56.64674224448316,56.19101094102444,56.297672639357614,56.588565826416016,17102100.0,Utilities
2019-03-12,XLB,54.887185502295694,54.446441837982356,54.446441837982356,54.573768615722656,7216100.0,Materials
2019-03-12,XLRE,34.53857643854995,34.30592653485619,34.3253143349844,34.46102523803711,4323800.0,Real Estate
2019-03-12,XLC,46.941640817508826,46.66405681432711,46.683884783382716,46.80284881591797,8112500.0,Communication Services
2019-03-12,XLI,73.38274248977083,72.64783719779756,73.29455744313879,72.78501892089844,17995800.0,Industrials
2019-03-12,XLV,89.23750418317208,88.48481211618027,88.61189406554455,89.0322265625,8981600.0,Health Care
2019-03-12,SPY,274.86522812909055,273.6678992288983,273.8739882341319,274.2959899902344,79667500.0,
2019-03-13,XLK,71.68329127939008,71.0615058142963,71.10098533223135,71.25889587402344,17833600.0,Information Technology
2019-03-13,XLY,109.76352411947576,108.92488296877276,109.0531432533661,109.12220764160156,4851900.0,Consumer Discretionary
2019-03-13,XLP,53.48014629615506,52.974055301266034,53.01298623456322,53.27576446533203,11135300.0,Consumer Staples
2019-03-13,XLE,61.84471044305982,61.329413088447374,61.58237984361084,61.81660461425781,13206800.0,Energy
2019-03-13,XLF,26.0448961425691,25.79013019156426,25.86851957118496,25.946908950805664,42817500.0,Financials
2019-03-13,XLU,56.78249738435484,56.44311890786438,56.481905653561746,56.64674377441406,15887600.0,Utilities
2019-03-13,XLB,55.18101726530491,54.73048092605103,54.87739300038638,54.838218688964844,5518400.0,Materials
2019-03-13,XLRE,34.73245503958608,34.48041730457837,34.48041730457837,34.625823974609375,2726000.0,Real Estate
2019-03-13,XLC,47.12008304992401,46.792931054627836,46.97137897271592,46.94163513183594,3486900.0,Communication Services
2019-03-13,XLI,73.6668968032885,72.9613866222766,73.04957913282419,73.42192840576172,13387900.0,Industrials
2019-03-13,XLV,90.23456013325021,89.23749642554003,89.29614503838762,89.99018096923828,10098300.0,Health Care
2019-03-13,SPY,277.13228391629633,275.09092165010986,275.2675993109602,276.1116027832031,80639200.0,
2019-03-14,XLK,71.62407786492969,71.20955420939477,71.37733651807105,71.40694427490234,10656600.0,Information Technology
2019-03-14,XLY,109.03340659589097,108.54994838271931,108.97420317598944,108.7966079711914,4901700.0,Consumer Discretionary
2019-03-14,XLP,53.382816571170984,53.13950381795205,53.29522383150585,53.22709655761719,8449600.0,Consumer Staples
2019-03-14,XLE,62.19136198632823,61.807237058058305,61.87281971156649,61.8821907043457,12320400.0,Energy
2019-03-14,XLF,26.14288618928059,25.89791911759535,25.907718024736813,26.044898986816406,37665700.0,Financials
2019-03-14,XLU,56.957035741858846,56.42372721986428,56.61765725523433,56.63705062866211,15155400.0,Utilities
2019-03-14,XLB,54.799040977095984,54.29953020711201,54.6815105696627,54.426856994628906,5039800.0,Materials
2019-03-14,XLRE,34.722758153098006,34.51919177999249,34.63551489350348,34.71306610107422,4504400.0,Real Estate
2019-03-14,XLC,46.89206798296467,46.59465604118902,46.79293192963879,46.73344802856445,3539800.0,Communication Services
2019-03-14,XLI,73.598317444124,72.9907930320834,73.41213904066053,73.17697143554688,9636500.0,Industrials
2019-03-14,XLV,90.07816882325483,89.5209845813733,89.96086412996262,89.84356689453125,9283800.0,Health Care
2019-03-14,SPY,276.6023228317963,275.4540827139007,276.14105604543005,275.9349670410156,67518400.0,
2019-03-15,XLK,72.59809205437539,71.60793803969254,71.65744876213694,72.2713394165039,21024500.0,Information Technology
2019-03-15,XLY,109.583672262057,108.73226723042532,109.33617097502778,109.49456787109375,5428000.0,Consumer Discretionary
2019-03-15,XLP,53.67528866264308,53.303429723069094,53.41107447562953,53.52850341796875,21846900.0,Consumer Staples
2019-03-15,XLE,62.046489707315054,61.62158130058172,61.829316860863884,61.857643127441406,12427400.0,Energy
2019-03-15,XLF,26.305888023446904,26.030125508008734,26.04982336725182,26.22709846496582,70020400.0,Financials
2019-03-15,XLU,57.02778369989529,56.40260819298921,56.72496268346393,56.84218215942383,17714900.0,Utilities
2019-03-15,XLB,54.91770958679346,54.28816437887401,54.652121081662536,54.49473571777344,7259000.0,Materials
2019-03-15,XLRE,34.76570958181525,34.50248026208069,34.74621070046106,34.57072448730469,5436300.0,Real Estate
2019-03-15,XLC,46.83574165982262,46.43551268966306,46.79601577873999,46.69670486450195,6868900.0,Communication Services
2019-03-15,XLI,73.44107991930186,72.78078212960949,73.26368569770477,72.91875457763672,24900000.0,Industrials
2019-03-15,XLV,90.40380499033819,89.68756457538942,90.00153451460679,90.25662994384766,10219400.0,Health Care
2019-03-15,SPY,278.1853767996648,276.3321827861791,276.53920962211197,277.2982177734375,81309000.0,
2019-03-18,XLK,72.76641697398429,72.13271900413834,72.32085068571863,72.57829284667969,14837600.0,Information Technology
2019-03-18,XLY,110.64297554419876,109.54406924464922,109.54406924464922,110.55387115478516,5485500.0,Consumer Discretionary
2019-03-18,XLP,53.71442574410379,53.46977996918403,53.5382804875217,53.606781005859375,8103700.0,Consumer Staples
2019-03-18,XLE,62.82077146543138,61.90485043544418,61.93317670168541,62.71690368652344,10067900.0,Energy
2019-03-18,XLF,26.57180485183243,26.27634446198356,26.27634446198356,26.49301528930664,43980700.0,Financials
2019-03-18,XLU,56.94963568388589,56.383071770314956,56.87149060761473,56.627281188964844,15008800.0,Utilities
2019-03-18,XLB,54.70129892193869,54.2094692301426,54.534074875499385,54.62260437011719,4345500.0,Materials
2019-03-18,XLRE,34.677969005408556,34.23925344050808,34.60972477520533,34.395240783691406,3318300.0,Real Estate
2019-03-18,XLC,46.547734809976845,46.19517613862517,46.4980793527455,46.29945373535156,2807200.0,Communication Services
2019-03-18,XLI,73.68745531284924,72.73150556532534,72.81034158812548,73.62832641601562,10313900.0,Industrials
2019-03-18,XLV,90.4332326140862,89.79547911124276,90.34493208332171,90.1192626953125,7183500.0,Health Care
2019-03-18,SPY,278.6289605848849,277.28834004045666,277.5347747650153,278.30364990234375,62199800.0,
2019-03-19,XLK,73.07337424199191,72.4396762341256,72.8753388931111,72.72681427001953,16153100.0,Information Technology
2019-03-19,XLY,112.03887603067105,110.6627695376141,110.93996975878534,111.1082763671875,7016700.0,Consumer Discretionary
2019-03-19,XLP,53.84164429392437,53.3719248391931,53.72421536349115,53.56764221191406,13359400.0,Consumer Staples
2019-03-19,XLE,63.34955248686907,62.29200004486312,63.02851183955604,62.54694366455078,12526000.0,Energy
2019-03-19,XLF,26.68998866076175,26.217251311716605,26.640744012845854,26.286191940307617,45029300.0,Financials
2019-03-19,XLU,56.62728338942817,55.77743189653762,56.539367846244325,55.98257064819336,22635800.0,Utilities
2019-03-19,XLB,55.232476467767704,54.3078342360006,54.88819342848915,54.553749084472656,5271300.0,Materials
2019-03-19,XLRE,34.4829823652804,34.19050657467949,34.42448943857909,34.29774856567383,3464300.0,Real Estate
2019-03-19,XLC,46.74636118563464,46.19517688794838,46.4782171660736,46.37890625,3570800.0,Communication Services
2019-03-19,XLI,74.13094943711786,73.08629875718735,73.874711669215,73.36224365234375,10778100.0,Industrials
2019-03-19,XLV,91.09061331652785,90.10945630543746,90.43323991564942,90.83551788330078,11308700.0,Health Care
2019-03-19,SPY,280.3047206329754,277.396808704677,279.4668665696953,278.3726806640625,90268100.0,
2019-03-20,XLK,73.12287663735066,72.09311549692914,72.64760691363368,72.5287857055664,13704300.0,Information Technology
2019-03-20,XLY,111.81117604176872,110.20736509462263,111.04886790116362,111.26667022705078,9949400.0,Consumer Discretionary
2019-03-20,XLP,53.645929573211895,53.1664259059894,53.53828482624399,53.342567443847656,19832700.0,Consumer Staples
2019-03-20,XLE,63.66115528207626,62.301443982423805,62.49029057280909,63.094608306884766,13662900.0,Energy
2019-03-20,XLF,26.236945831425736,25.714965742021636,26.227096902390983,25.744510650634766,65860300.0,Financials
2019-03-20,XLU,56.5784376164233,55.84580934374029,56.09001876796796,56.129093170166016,18880500.0,Utilities
2019-03-20,XLB,54.78982831390127,53.98322792105597,54.52423983054546,54.50456619262695,11235000.0,Materials
2019-03-20,XLRE,34.63896914821013,34.070589580244636,34.32699448068181,34.4537353515625,8689800.0,Real Estate
2019-03-20,XLC,46.93505349115262,46.21007319533725,46.378906299003084,46.796016693115234,7390700.0,Communication Services
2019-03-20,XLI,73.450938344571,72.45555922406635,73.17499344437596,72.85962677001953,11259400.0,Industrials
2019-03-20,XLV,90.83552047255272,89.8543634334946,90.72759259940558,90.20758056640625,11123700.0,Health Care
2019-03-20,SPY,279.45699302935344,276.3223503802205,278.1361064429081,277.5347900390625,84609200.0,
2019-03-21,XLK,74.50909050175387,72.52878244855111,72.53868610401433,74.35066223144531,27274100.0,Information Technology
2019-03-21,XLY,112.88037185291421,111.1181640821689,111.1181640821689,112.79127502441406,5731500.0,Consumer Discretionary
2019-03-21,XLP,54.04714533475588,53.24470747402898,53.24470747402898,53.9688606262207,12699200.0,Consumer Staples
2019-03-21,XLE,63.642262696261206,62.77355700156451,62.905751033190775,63.538394927978516,17877900.0,Energy
2019-03-21,XLF,25.774060152963287,25.389961272599763,25.56723637842739,25.66572380065918,104914100.0,Financials
2019-03-21,XLU,56.84218362081928,56.080251417980946,56.16816695879614,56.7249641418457,15371800.0,Utilities
2019-03-21,XLB,55.29149800842944,54.258656313528526,54.3176772326863,55.084930419921875,7959700.0,Materials
2019-03-21,XLRE,35.07767970880701,34.385486245895976,34.40498512472837,35.06793212890625,4798000.0,Real Estate
2019-03-21,XLC,47.448502781406184,46.60732633063457,46.64705221410748,47.41175842285156,3183200.0,Communication Services
2019-03-21,XLI,73.71702851677748,72.58367702187321,72.64280591969869,73.55934143066406,10638600.0,Industrials
2019-03-21,XLV,90.69816003307136,89.32453866691883,89.45208638850004,90.56079864501953,7398200.0,Health Care
2019-03-21,SPY,281.1130285926458,276.58849038901195,276.637795386291,280.6694641113281,79550400.0,
2019-03-22,XLK,74.27146161150957,72.56839534038492,73.96450870171996,72.59809875488281,26747400.0,Information Technology
2019-03-22,XLY,112.50418247115938,110.52417220936053,112.08838212893515,110.55387115478516,8758900.0,Consumer Discretionary
2019-03-22,XLP,54.25265073496422,53.82207547504338,53.89057599973536,53.90036392211914,21007300.0,Consumer Staples
2019-03-22,XLE,63.06627221327064,61.583804377197936,62.962404443530204,61.81986618041992,19974800.0,Energy
2019-03-22,XLF,25.49829535149503,24.848281004720487,25.360414089600827,24.95661735534668,121855900.0,Financials
2019-03-22,XLU,57.535741954950794,56.72496487623175,56.93987036241562,57.13523864746094,20452500.0,Utilities
2019-03-22,XLB,54.61277215459727,53.34385058582835,54.60293345894687,53.44221878051758,9123700.0,Materials
2019-03-22,XLRE,35.396480232818384,34.90219497680664,35.06793359429228,34.90219497680664,5026000.0,Real Estate
2019-03-22,XLC,47.38891451574144,46.50801595956448,47.19327040945388,46.64705276489258,5174600.0,Communication Services
2019-03-22,XLI,73.194694827001,71.84453488288605,73.14542325236752,71.89380645751953,18004400.0,Industrials
2019-03-22,XLV,90.50192229455281,88.89282536521111,90.16833249766606,88.9124526977539,12162600.0,Health Care
2019-03-22,SPY,279.7526779290065,275.19856918466445,279.180962623393,275.267578125,122659300.0,
2019-03-25,XLK,72.76642339850125,71.81587635980893,72.36046414179344,72.28125,21946900.0,Information Technology
2019-03-25,XLY,111.71217255651938,110.20736811849808,110.31626928442971,111.207275390625,7461600.0,Consumer Discretionary
2019-03-25,XLP,54.145008012927086,53.67528481127676,53.802501667265325,54.00800323486328,12538000.0,Consumer Staples
2019-03-25,XLE,61.952069537080504,61.25332851151941,61.555487376954126,61.848201751708984,12346300.0,Energy
2019-03-25,XLF,25.143744132644834,24.70055166345061,24.927071423931494,24.848281860351562,72835600.0,Financials
2019-03-25,XLU,57.35990929563024,56.9496355356694,57.184078216552734,57.184078216552734,13763000.0,Utilities
2019-03-25,XLB,53.825843942515455,53.25531968541966,53.412705040418004,53.343849182128906,6562700.0,Materials
2019-03-25,XLRE,35.067938347134664,34.77058690051849,34.921698589475994,34.93144989013672,4370800.0,Real Estate
2019-03-25,XLC,46.79601456313564,46.269659912103634,46.51794097971774,46.567596435546875,2408500.0,Communication Services
2019-03-25,XLI,72.44571615535517,71.73613919234677,71.91353343309888,72.06136322021484,12372800.0,Industrials
2019-03-25,XLV,89.14793214000782,88.22564209713963,89.06943777771386,88.86339569091797,9893300.0,Health Care
2019-03-25,SPY,276.1941710546999,273.6805490177184,274.8929885516769,275.0605773925781,85575200.0,
2019-03-26,XLK,73.38032328510758,72.25154817961199,72.91494963464814,72.67731475830078,13965100.0,Information Technology
2019-03-26,XLY,112.43488589606201,111.0884782720914,111.85078647624974,111.68247985839844,5440700.0,Consumer Discretionary
2019-03-26,XLP,54.663658672653305,54.15479495582138,54.19393918011585,54.46794128417969,12808700.0,Consumer Staples
2019-03-26,XLE,63.160698638024144,62.395860662800715,62.56582545774313,62.73579025268555,11516500.0,Energy
2019-03-26,XLF,25.20283521662523,24.897525900064025,25.045256093336132,25.14374351501465,51171500.0,Financials
2019-03-26,XLU,57.63342330912053,57.13523773027538,57.21338280723499,57.5943489074707,15699700.0,Utilities
2019-03-26,XLB,53.83568115101109,53.284830509155015,53.69796942863782,53.668460845947266,5899800.0,Materials
2019-03-26,XLRE,35.165426309975615,34.95094234046645,35.058184325221035,35.14592742919922,2357500.0,Real Estate
2019-03-26,XLC,47.213130875696,46.58746149605916,46.80595005781426,46.796016693115234,2488600.0,Communication Services
2019-03-26,XLI,72.83991765635739,72.10077632858777,72.57382256775706,72.54425811767578,10524000.0,Industrials
2019-03-26,XLV,90.04078326014705,88.84377789290227,89.38340980344596,89.47171783447266,8107200.0,Health Care
2019-03-26,SPY,278.15581228664473,275.5731810267252,276.9827805186102,277.1109313964844,68125900.0,
2019-03-27,XLK,73.06347414901093,71.6277461281455,72.78623220133389,72.2614517211914,15831200.0,Information Technology
2019-03-27,XLY,112.28638127148709,110.79147894694398,111.77158192158518,111.45478057861328,4427700.0,Consumer Discretionary
2019-03-27,XLP,54.624511737840365,54.00800330128974,54.467938581430516,54.28200912475586,12740400.0,Consumer Staples
2019-03-27,XLE,62.9718552159567,61.819872348646015,62.68857814221186,62.291996002197266,9582600.0,Energy
2019-03-27,XLF,25.212683088554265,24.917220835918236,25.084648882197946,25.0354061126709,73148100.0,Financials
2019-03-27,XLU,57.701803716882885,56.93010102517099,57.65296257624014,57.19384765625,17323500.0,Utilities
2019-03-27,XLB,53.796330621471036,53.215971431996934,53.53074213621718,53.59960174560547,9782600.0,Materials
2019-03-27,XLRE,35.3116664896377,34.81445432131566,35.20442450356702,35.02893829345703,2939100.0,Real Estate
2019-03-27,XLC,46.95491325953312,46.210070073114295,46.85560235006462,46.458351135253906,2465700.0,Communication Services
2019-03-27,XLI,72.95817406721403,72.08106030981325,72.56396386279098,72.62310028076172,10556100.0,Industrials
2019-03-27,XLV,89.56983176920404,88.10790979904432,89.36378967829305,88.72603607177734,10817400.0,Health Care
2019-03-27,SPY,277.741820612489,273.9664235275904,277.10106621886706,275.6618957519531,72224700.0,
2019-03-28,XLK,72.85553617257975,72.11292064159763,72.4792728021456,72.55848693847656,10539700.0,Information Technology
2019-03-28,XLY,112.5932867126756,111.54387613916566,111.86067747851175,112.12798309326172,6928300.0,Consumer Discretionary
2019-03-28,XLP,54.69301173437552,54.38965334656104,54.409221724550356,54.546226501464844,11920900.0,Consumer Staples
2019-03-28,XLE,62.60359479173681,61.9048466483689,62.02760339995137,62.528053283691406,9149200.0,Energy
2019-03-28,XLF,25.261926032332727,24.96646565614992,25.08464905522654,25.252077102661133,52089300.0,Financials
2019-03-28,XLU,57.379446998699905,56.324460514996446,57.18407871730963,56.51982879638672,24748800.0,Utilities
2019-03-28,XLB,54.15044974363888,53.65862003887856,53.678293677352514,54.120941162109375,4870800.0,Materials
2019-03-28,XLRE,35.326290597642554,34.98994140007642,35.10693097004367,35.321414947509766,3626500.0,Real Estate
2019-03-28,XLC,46.478216870507744,46.1206915133666,46.41863183662994,46.3491096496582,1891100.0,Communication Services
2019-03-28,XLI,73.25383173575834,72.62309843230904,72.83005709260327,73.15528106689453,10030100.0,Industrials
2019-03-28,XLV,89.19699520666173,88.49056089971191,88.99094562910588,88.95170593261719,6726800.0,Health Care
2019-03-28,SPY,277.19965661087554,275.0901907872841,276.3519355078308,276.706787109375,56238500.0,
2019-03-29,XLK,73.30110386478073,72.80602683470194,73.16248290070075,73.27140045166016,14347200.0,Information Technology
2019-03-29,XLY,112.9199820789396,112.4150849037254,112.69228513007195,112.71208190917969,4599900.0,Consumer Discretionary
2019-03-29,XLP,54.96701490825384,54.49729543426165,54.644084403071076,54.908302307128906,13888800.0,Consumer Staples
2019-03-29,XLE,63.28344867417375,62.225896345555526,63.13237285752898,62.433631896972656,10037600.0,Energy
2019-03-29,XLF,25.488446269649696,25.222532677366058,25.468750288418857,25.32101821899414,50234400.0,Financials
2019-03-29,XLU,56.89102916180827,56.30492430730004,56.44168098878326,56.82264709472656,21835100.0,Utilities
2019-03-29,XLB,54.61277132540672,53.93404767798943,54.17996253243433,54.59309768676758,6327300.0,Materials
2019-03-29,XLRE,35.37990880165002,35.16054919135169,35.31166458129883,35.31166458129883,3565600.0,Real Estate
2019-03-29,XLC,46.63711372131821,46.08096656772015,46.5973878422131,46.448421478271484,2542900.0,Communication Services
2019-03-29,XLI,74.00283160229111,73.57906442786123,73.63819333239842,73.9437026977539,10138800.0,Industrials
2019-03-29,XLV,90.09964303290143,89.28528098124575,89.48150937376438,90.02114868164062,10120900.0,Health Care
2019-03-29,SPY,278.80638965395104,277.1306515566134,278.3628251939341,278.4515380859375,82186800.0,
2019-04-01,XLK,74.36056409161226,73.5684454220208,73.98430829012698,74.27145385742188,12590500.0,Information Technology
2019-04-01,XLY,113.98918607112712,113.26648658130013,113.62288146672776,113.9495849609375,4977700.0,Consumer Discretionary
2019-04-01,XLP,55.02572844438905,54.6342974357986,55.01594425569859,54.72236633300781,13799400.0,Consumer Staples
2019-04-01,XLE,63.387317181029815,62.764117723625,62.84909652071133,63.255123138427734,12411700.0,Energy
2019-04-01,XLF,25.96118612618047,25.51799366437883,25.527842594473462,25.94148826599121,62485300.0,Financials
2019-04-01,XLU,56.82264429256928,56.099786518565,56.82264429256928,56.43191146850586,26681900.0,Utilities
2019-04-01,XLB,55.488225253201534,54.907866071234224,54.9767219273691,55.4095344543457,6454300.0,Materials
2019-04-01,XLRE,35.37990819468597,34.87294848146641,35.36040931505856,35.20442199707031,6733100.0,Real Estate
2019-04-01,XLC,47.19326744638916,46.805949573444984,46.805949573444984,47.153541564941406,4249700.0,Communication Services
2019-04-01,XLI,75.5895255141864,74.57443917644143,74.6237182782279,75.47126770019531,15531000.0,Industrials
2019-04-01,XLV,90.70796912943788,89.95248147086997,90.570607736971,90.15852355957031,9082000.0,Health Care
2019-04-01,SPY,282.0790338121763,280.34412380436925,280.6398635097159,281.75372314453125,77617900.0,
2019-04-02,XLK,74.6279216057027,74.10313355638641,74.33087233660116,74.52890014648438,11787100.0,Information Technology
2019-04-02,XLY,114.02878567972955,113.55357991685136,113.9297866821289,113.9297866821289,3631800.0,Consumer Discretionary
2019-04-02,XLP,54.5560106210363,54.272220611572266,54.5560106210363,54.272220611572266,13964800.0,Consumer Staples
2019-04-02,XLE,63.472299336636304,62.669690639740274,63.41564680867776,62.82076644897461,11152400.0,Energy
2019-04-02,XLF,26.05967042707661,25.833150681179323,25.872546399678633,25.921789169311523,41002400.0,Financials
2019-04-02,XLU,56.617512099717956,56.158400915423584,56.54913375894347,56.51005935668945,24978100.0,Utilities
2019-04-02,XLB,55.83250406442571,55.321004495256794,55.547245699563774,55.59642791748047,7112300.0,Materials
2019-04-02,XLRE,35.57002131245534,34.98019408890128,35.243423412633334,35.506649017333984,6604200.0,Real Estate
2019-04-02,XLC,47.47134335285878,47.13070318459294,47.29258066610137,47.401824951171875,3323300.0,Communication Services
2019-04-02,XLI,75.70778374243685,75.25444462049826,75.51068239165818,75.44169616699219,10397600.0,Industrials
2019-04-02,XLV,90.31550729614864,89.78568160348881,90.17814591127024,89.95247650146484,7002200.0,Health Care
2019-04-02,SPY,282.1480558904871,281.0242991060922,281.96076309308796,281.8917541503906,40070400.0,
2019-04-03,XLK,75.50915217869685,74.83584710281508,74.97446806953108,75.13288879394531,13869000.0,Information Technology
2019-04-03,XLY,115.15739194460835,114.2465890731545,114.593089344562,114.731689453125,4211300.0,Consumer Discretionary
2019-04-03,XLP,54.29179324706912,53.87100218979798,54.17436431315579,54.00800323486328,18616500.0,Consumer Staples
2019-04-03,XLE,63.12292621866061,61.999276907759224,63.00017667156364,62.21644973754883,11989800.0,Energy
2019-04-03,XLF,26.217252537966182,25.8922453604848,26.099067255931438,26.000579833984375,52030900.0,Financials
2019-04-03,XLU,56.656588539119504,56.00210904636264,56.39284190393174,56.42214584350586,15450500.0,Utilities
2019-04-03,XLB,56.678451160194086,55.881689481685484,56.04890977141995,56.32433319091797,17364500.0,Materials
2019-04-03,XLRE,35.623638685499856,35.19467077086761,35.496897827173875,35.4676513671875,3581300.0,Real Estate
2019-04-03,XLC,47.9977035075455,47.48127837098589,47.620315179200226,47.580589294433594,2303600.0,Communication Services
2019-04-03,XLI,75.84575254092705,75.01791788478305,75.74720187028146,75.21501922607422,12726000.0,Industrials
2019-04-03,XLV,90.40380490924565,89.56982296072577,90.35474406524821,89.83473205566406,7398700.0,Health Care
2019-04-03,SPY,283.6562135624433,281.6748689002538,283.2224860733833,282.3353271484375,68243200.0,
2019-04-04,XLK,75.30122097845434,74.3704737237508,75.10318562943436,74.8160400390625,11503100.0,Information Technology
2019-04-04,XLY,115.68209688890366,114.8207972675635,114.8207972675635,115.66230010986328,3073900.0,Consumer Discretionary
2019-04-04,XLP,54.30158123975618,53.99821911600388,54.04714752744819,54.21350860595703,10671300.0,Consumer Staples
2019-04-04,XLE,62.78299829325935,61.952063298004695,62.254222133009556,62.73579025268555,10504300.0,Energy
2019-04-04,XLF,26.266495609207695,26.000580130465817,26.000580130465817,26.158159255981445,54378900.0,Financials
2019-04-04,XLU,56.56867164576075,55.89465496723937,56.519830505521256,56.22677993774414,16264600.0,Utilities
2019-04-04,XLB,56.91453295206438,56.33417376139788,56.363682342365784,56.894859313964844,6102800.0,Materials
2019-04-04,XLRE,35.5163999301252,35.2044252651873,35.50664862989075,35.36041259765625,3507700.0,Real Estate
2019-04-04,XLC,48.01656491055933,47.610376685474485,47.779209783312574,47.84872817993164,2788100.0,Communication Services
2019-04-04,XLI,75.94430258730472,75.16573951341626,75.17559683608005,75.67821502685547,9236600.0,Industrials
2019-04-04,XLV,90.02116004618885,89.12830353055544,89.91323217098845,89.64832305908203,9212400.0,Health Care
2019-04-04,SPY,283.3605088752978,281.9312054536162,282.6902136120665,283.0845031738281,48997500.0,
2019-04-05,XLK,75.25170711726456,74.93485812631027,75.06357543210314,75.17249298095703,6709800.0,Information Technology
2019-04-05,XLY,116.44441213925164,115.65240497298542,115.94940954862028,116.34540557861328,2946700.0,Consumer Discretionary
2019-04-05,XLP,54.419009061460955,54.145006976574834,54.291792207907356,54.399436950683594,9045200.0,Consumer Staples
2019-04-05,XLE,63.91609478808621,62.877417112743565,62.905750579917395,63.840553283691406,17269200.0,Energy
2019-04-05,XLF,26.296041052668667,26.118764075921714,26.20740256429519,26.197553634643555,37088800.0,Financials
2019-04-05,XLU,56.78358012769823,56.05095180646578,56.2267829016688,56.7542724609375,15419300.0,Utilities
2019-04-05,XLB,57.10142430484455,56.70796281772419,56.90469168510306,56.87518310546875,3668600.0,Materials
2019-04-05,XLRE,35.6694593039589,35.30191120282027,35.3994055968883,35.633384704589844,2869900.0,Real Estate
2019-04-05,XLC,48.027492147426884,47.83879610426188,48.01755878280316,47.98776626586914,2379700.0,Communication Services
2019-04-05,XLI,76.13155791320561,75.77676946898853,75.96402101425157,75.89503479003906,7531000.0,Industrials
2019-04-05,XLV,90.42343005370198,89.80529637107595,89.86416339394181,90.26644134521484,6262000.0,Health Care
2019-04-05,SPY,284.5138538477776,283.49854387584577,283.81398757723764,284.4547119140625,58621700.0,
2019-04-08,XLK,75.49924757210358,74.67741788386624,74.9942668829814,75.45964050292969,7309900.0,Information Technology
2019-04-08,XLY,116.80080869218773,115.97910262060974,116.1177027347145,116.7612075805664,3231400.0,Consumer Discretionary
2019-04-08,XLP,54.63429964083385,54.30158121695439,54.37008173954735,54.62451171875,6136900.0,Consumer Staples
2019-04-08,XLE,64.44488096976778,63.85944502538085,63.93498654156668,64.12384033203125,10602100.0,Energy
2019-04-08,XLF,26.23694739458736,26.069519348003652,26.128612925732902,26.22709846496582,34998000.0,Financials
2019-04-08,XLU,56.7054257361111,56.20724016630356,56.62728066056913,56.353763580322266,14681700.0,Utilities
2019-04-08,XLB,56.95388022826344,56.599762247197404,56.83583839966624,56.894859313964844,6574700.0,Materials
2019-04-08,XLRE,35.67238880170949,35.36041412331117,35.62364345552817,35.45790481567383,2918500.0,Real Estate
2019-04-08,XLC,47.948043369740176,47.66004018168579,47.92818042772456,47.89838790893555,2340500.0,Communication Services
2019-04-08,XLI,75.58952371824067,74.99821210552848,75.32343612414746,75.56981658935547,8819100.0,Industrials
2019-04-08,XLV,90.33512671074543,89.6090726104861,90.1977653265243,90.246826171875,5961200.0,Health Care
2019-04-08,SPY,284.7898231589497,283.2717768621364,283.99137707350053,284.6715393066406,53566300.0,
2019-04-09,XLK,75.41013281076519,74.93485556345088,75.1328833431711,75.10317993164062,13440100.0,Information Technology
2019-04-09,XLY,116.36519897592053,115.51379399579898,116.36519897592053,115.7117919921875,4456400.0,Consumer Discretionary
2019-04-09,XLP,54.58536750020777,54.32114959890289,54.497294866439475,54.55601119995117,12062300.0,Consumer Staples
2019-04-09,XLE,63.934983985913455,63.14181970977364,63.934983985913455,63.340110778808594,14541900.0,Energy
2019-04-09,XLF,26.108916806612434,25.89224597597146,26.108916806612434,26.01042938232422,65954800.0,Financials
2019-04-09,XLU,56.54913598603856,56.23654820837586,56.402612561325554,56.49052810668945,12993900.0,Utilities
2019-04-09,XLB,56.73747734357668,56.31450348013076,56.65878278648766,56.48172378540039,6110800.0,Materials
2019-04-09,XLRE,35.51640086852781,35.30191688607921,35.46765552316171,35.35066223144531,2094500.0,Real Estate
2019-04-09,XLC,48.10693667745426,47.77920764924081,47.789137224684964,48.027488708496094,4872800.0,Communication Services
2019-04-09,XLI,75.07705114435822,74.41675334185067,75.04748669334067,74.54486846923828,9814500.0,Industrials
2019-04-09,XLV,90.20758080938866,89.68756877498862,89.93285803541386,90.01134490966797,7207600.0,Health Care
2019-04-09,SPY,283.97165462254964,282.61136018316483,283.616803051153,283.212646484375,66142300.0,
2019-04-10,XLK,75.64776751557838,75.13288320242941,75.17249026915438,75.62796020507812,8617400.0,Information Technology
2019-04-10,XLY,116.26620483398438,115.44449876368577,115.98900460620646,116.26620483398438,3406800.0,Consumer Discretionary
2019-04-10,XLP,54.781085973184794,54.55601228972513,54.60494070212965,54.71258544921875,7060800.0,Consumer Staples
2019-04-10,XLE,63.86889006237746,63.40621087884267,63.48175239567484,63.576175689697266,9375600.0,Energy
2019-04-10,XLF,26.128613859542565,25.88239624567821,26.010428578351494,26.089218139648438,48232700.0,Financials
2019-04-10,XLU,56.98871396550957,56.18770731590521,56.60774784269045,56.314697265625,16891200.0,Utilities
2019-04-10,XLB,56.639110977917326,56.23580701506401,56.53090784177257,56.452213287353516,3797400.0,Materials
2019-04-10,XLRE,35.633384704589844,35.3994055968883,35.43839963548465,35.633384704589844,2606200.0,Real Estate
2019-04-10,XLC,48.2658383534065,47.967901827959494,48.13673492507616,48.236045837402344,2265200.0,Communication Services
2019-04-10,XLI,74.682841322419,74.07182261427093,74.60399777332418,74.52516174316406,13974700.0,Industrials
2019-04-10,XLV,90.28606837607597,89.88379787842321,90.11927347425981,90.04077911376953,5433400.0,Health Care
2019-04-10,SPY,284.27729085612566,283.21267586675657,283.66610739359356,284.1787109375,52601500.0,
2019-04-11,XLK,75.80618783420982,75.37052521105063,75.78638807808802,75.52894592285156,7697300.0,Information Technology
2019-04-11,XLY,116.46419901585571,116.09789441080711,116.39489896118592,116.4146957397461,2165400.0,Consumer Discretionary
2019-04-11,XLP,54.92787332056892,54.6245111998259,54.80065646567688,54.820228576660156,6444900.0,Consumer Staples
2019-04-11,XLE,64.06717996656829,63.13237712602243,63.519514785628125,63.623382568359375,10914200.0,Energy
2019-04-11,XLF,26.345284984012984,26.108916297425846,26.18770585962156,26.246797561645508,62205000.0,Financials
2019-04-11,XLU,56.61751007029976,56.236543977828816,56.30492231615232,56.59797286987305,17420000.0,Utilities
2019-04-11,XLB,56.62927035909654,56.2653174381768,56.43253773209355,56.42270278930664,3494600.0,Materials
2019-04-11,XLRE,35.77962941385858,35.438404565695386,35.643140962205855,35.58464431762695,3705500.0,Real Estate
2019-04-11,XLC,48.38502008878273,48.18142777627673,48.32543126326344,48.26584243774414,2115300.0,Communication Services
2019-04-11,XLI,75.24459214916065,74.49559343382295,74.54487253416248,75.1657485961914,9532200.0,Industrials
2019-04-11,XLV,90.28606955121474,88.53961117856292,90.23701618949552,88.93207550048828,8534200.0,Health Care
2019-04-11,SPY,284.72084336861525,283.47880262747856,284.7109763524582,284.0998229980469,55093100.0,
2019-04-12,XLK,76.05372619628906,75.52894578584493,75.95471230730865,76.05372619628906,8555000.0,Information Technology
2019-04-12,XLY,117.34530556415221,116.61270389086152,116.82060405950592,117.13740539550781,4538800.0,Consumer Discretionary
2019-04-12,XLP,55.03552026112658,54.69301390474646,54.85937498824506,54.996376037597656,7635700.0,Consumer Staples
2019-04-12,XLE,64.58651789708192,63.632826090173694,64.53930264963718,63.7933464050293,15426800.0,Energy
2019-04-12,XLF,26.916509380502752,26.493014785545085,26.630897926211894,26.72938346862793,84627600.0,Financials
2019-04-12,XLU,56.92033264169896,56.10955557038083,56.392839394793675,56.86172103881836,15926600.0,Utilities
2019-04-12,XLB,57.170284271240234,56.707966896809594,56.88502589207678,57.170284271240234,3608700.0,Materials
2019-04-12,XLRE,35.77962875366211,35.29216788159323,35.53589831762767,35.77962875366211,2691300.0,Real Estate
2019-04-12,XLC,48.722678761471855,48.45949764376554,48.63329742432802,48.682952880859375,4894100.0,Communication Services
2019-04-12,XLI,76.16112518310547,75.62894249707925,75.89503759955976,76.16112518310547,11175100.0,Industrials
2019-04-12,XLV,89.30490535066922,87.97053873979992,89.27547183886357,88.11770629882812,11659000.0,Health Care
2019-04-12,SPY,286.3276103767843,284.1491355958212,285.86431184050673,286.02203369140625,69727800.0,
2019-04-15,XLK,76.24186005794286,75.6180657406444,76.05372837549659,76.0240249633789,9910700.0,Information Technology
2019-04-15,XLY,117.43441307425755,116.66220271615693,117.18691178789116,117.37500762939453,2432700.0,Consumer Discretionary
2019-04-15,XLP,55.36823756483343,54.96701488135052,54.97680280353225,55.319305419921875,6505000.0,Consumer Staples
2019-04-15,XLE,63.8688840644209,63.31178163918143,63.71780824897972,63.4156494140625,8300700.0,Energy
2019-04-15,XLF,26.749080403696226,26.502862799186143,26.739231474096876,26.561954498291016,40030400.0,Financials
2019-04-15,XLU,57.10593157858992,56.70542826692006,56.91056329150557,56.85195541381836,15253100.0,Utilities
2019-04-15,XLB,57.209629362013274,56.806329166510054,57.17028208626595,56.904693603515625,2705100.0,Materials
2019-04-15,XLRE,35.78937513254092,35.45790160190724,35.78937513254092,35.56514358520508,2115300.0,Real Estate
2019-04-15,XLC,48.72764127783157,48.355219674027836,48.69288207968196,48.643226623535156,2345700.0,Communication Services
2019-04-15,XLI,76.21040424642717,75.62894246200834,76.05271714592892,75.73735046386719,7368100.0,Industrials
2019-04-15,XLV,88.53960506761547,88.058840236397,88.22563512887206,88.4709243774414,7921900.0,Health Care
2019-04-15,SPY,286.20933295848425,284.9574251394994,286.10088602251153,285.8347473144531,49596700.0,
2019-04-16,XLK,76.48940854247023,76.0438421940306,76.26166976273389,76.41019439697266,9609300.0,Information Technology
2019-04-16,XLY,118.05811534865269,117.64231499414059,117.73141183304749,117.88981628417969,3014500.0,Consumer Discretionary
2019-04-16,XLP,55.51502339356035,55.11380443879033,55.41716656868906,55.32909393310547,9345100.0,Consumer Staples
2019-04-16,XLE,63.92553519104075,63.41564802159228,63.64226534179546,63.831111907958984,8130200.0,Energy
2019-04-16,XLF,26.965751728491544,26.60135071889223,26.62104857846281,26.936206817626953,56093400.0,Financials
2019-04-16,XLU,56.97894635255696,55.96303422308239,56.85195640478759,56.14863204956055,19688700.0,Utilities
2019-04-16,XLB,57.170281109579626,56.58008699290349,56.84567547111656,57.16044616699219,3737500.0,Materials
2019-04-16,XLRE,35.57489586312593,34.55122506279567,35.57489586312593,34.72671127319336,3994500.0,Real Estate
2019-04-16,XLC,48.831923157338146,48.50419408723585,48.78226769683401,48.69288635253906,2157000.0,Communication Services
2019-04-16,XLI,76.29909694214112,75.81619335917267,75.99358758623339,76.20054626464844,7101600.0,Industrials
2019-04-16,XLV,89.31471913773626,86.50860956207187,89.20679127054657,86.6557846069336,14857100.0,Health Care
2019-04-16,SPY,286.8599178632743,285.37144233733346,286.8007759294828,286.02203369140625,52153200.0,
2019-04-17,XLK,76.93496665292054,76.4596969393791,76.89536713868867,76.83595275878906,12247900.0,Information Technology
2019-04-17,XLY,118.5630147685093,118.03831326570216,118.2264091015461,118.11750793457031,2781100.0,Consumer Discretionary
2019-04-17,XLP,55.69117246459092,55.34866982117354,55.62267193590745,55.60309982299805,12720200.0,Consumer Staples
2019-04-17,XLE,64.35989403133458,63.66114590099783,64.21825550739958,63.746131896972656,10934600.0,Energy
2019-04-17,XLF,27.04454177531927,26.788477110255478,27.03469472384793,27.00514793395996,58834000.0,Financials
2019-04-17,XLU,56.23654446945841,55.88488231138326,56.0900173281471,55.93372344970703,15194800.0,Utilities
2019-04-17,XLB,57.544072336964796,56.78665418241695,57.27848386051067,56.80632781982422,3370200.0,Materials
2019-04-17,XLRE,34.90219587250861,34.25387205396769,34.83395165150757,34.365989685058594,4323500.0,Real Estate
2019-04-17,XLC,48.906409071770035,48.6730242361268,48.88158323533133,48.78226852416992,2826000.0,Communication Services
2019-04-17,XLI,76.86084227317859,76.27938802634586,76.65388359961433,76.2990951538086,10363900.0,Industrials
2019-04-17,XLV,86.96976027325897,83.72213283465152,86.95014042594704,84.16365051269531,34381800.0,Health Care
2019-04-17,SPY,287.27388737128854,284.86868199039276,287.24431640686623,285.3221435546875,58268300.0,
2019-04-18,XLK,77.07359461975511,76.47950364670133,77.00428413213679,77.05379486083984,11491900.0,Information Technology
2019-04-18,XLY,118.39470507419718,117.72150886408718,118.36500613000284,118.0779037475586,3071300.0,Consumer Discretionary
2019-04-18,XLP,55.92602913892208,55.40737752520343,55.82816858303247,55.65202331542969,10622200.0,Consumer Staples
2019-04-18,XLE,64.01052043713361,63.28344603746722,63.92553444053349,63.443973541259766,9759500.0,Energy
2019-04-18,XLF,27.034693615945304,26.886961551050952,26.95590405796423,26.92635726928711,52495700.0,Financials
2019-04-18,XLU,56.35376460630238,55.93372410438953,56.07048451017282,55.96303176879883,16039400.0,Utilities
2019-04-18,XLB,57.022733508365526,56.58008605203783,56.85550946825834,56.87518310546875,3634400.0,Materials
2019-04-18,XLRE,34.69746224550703,34.22950029205943,34.52197604808531,34.63896560668945,2756900.0,Real Estate
2019-04-18,XLC,48.911368402882935,48.673016920389536,48.911368402882935,48.81205749511719,1755100.0,Communication Services
2019-04-18,XLI,77.28461649384445,76.61446137999215,76.61446137999215,77.17620849609375,13192700.0,Industrials
2019-04-18,XLV,84.82102215948419,83.05494399873359,84.41875167013961,84.30101013183594,35300900.0,Health Care
2019-04-18,SPY,286.1797424233139,284.54341213790684,285.96287864856436,285.8840026855469,68708500.0,
2019-04-22,XLK,77.26172093052763,76.62802292960129,76.69733341238148,77.23201751708984,8084400.0,Information Technology
2019-04-22,XLY,118.02840404592816,117.25620131035063,117.66209945588842,117.63240051269531,2764800.0,Consumer Discretionary
2019-04-22,XLP,55.974958656856366,55.534595479144485,55.64224022625168,55.67159652709961,12432100.0,Consumer Staples
2019-04-22,XLE,64.8320205426207,63.8500025245089,64.02940460575482,64.78480529785156,14164700.0,Energy
2019-04-22,XLF,26.926358072293652,26.75893002177937,26.84756851196289,26.84756851196289,39324100.0,Financials
2019-04-22,XLU,56.12909396214839,55.79696899145886,55.943496138599,55.91419219970703,10685500.0,Utilities
2019-04-22,XLB,56.84567988811471,56.412867333383495,56.65878219316697,56.49156188964844,5988100.0,Materials
2019-04-22,XLRE,34.57072173963884,33.95164811173019,34.57072173963884,34.25874710083008,4012600.0,Real Estate
2019-04-22,XLC,49.030548095703125,48.66507830461793,48.71274860680023,49.030548095703125,2126800.0,Communication Services
2019-04-22,XLI,77.11708386793006,76.56519404439128,76.88056073197558,76.93968963623047,6477700.0,Industrials
2019-04-22,XLV,84.8406533045929,83.89874341273817,84.16365252878333,84.3500747680664,18717700.0,Health Care
2019-04-22,SPY,286.29802098544167,284.94756344683304,285.04614335759715,286.13043212890625,40160100.0,
2019-04-23,XLK,78.1726604410943,77.27162416980987,77.35083830806758,78.07364654541016,16692800.0,Information Technology
2019-04-23,XLY,119.27582230850578,117.90961038452726,117.99871477454923,119.03821563720703,4099700.0,Consumer Discretionary
2019-04-23,XLP,55.71074238137719,55.38780813060047,55.64224185539401,55.495452880859375,20408400.0,Consumer Staples
2019-04-23,XLE,64.97366073631756,64.2560379053245,64.83202939075044,64.68094635009766,10212200.0,Energy
2019-04-23,XLF,27.044540484938143,26.729382255135615,26.837718601064445,27.014995574951172,54250300.0,Financials
2019-04-23,XLU,56.246319068038524,55.66021418604407,55.93372756183732,56.07048797607422,17068200.0,Utilities
2019-04-23,XLB,56.924369634371146,56.26531962353071,56.403031342072715,56.747310638427734,7645200.0,Materials
2019-04-23,XLRE,34.73646289360575,34.25874960111028,34.38549046957338,34.648719787597656,5469100.0,Real Estate
2019-04-23,XLC,49.80518992316049,49.16958712806545,49.288764783159536,49.686012268066406,3929800.0,Communication Services
2019-04-23,XLI,77.7675351322939,76.92983551944295,77.1663661841924,77.60984802246094,13760500.0,Industrials
2019-04-23,XLV,86.1357642544337,84.17345047481967,84.32062550541733,85.68443298339844,30503400.0,Health Care
2019-04-23,SPY,288.9595182954945,286.27830725905466,286.5345789194506,288.7032165527344,52246600.0,
2019-04-24,XLK,78.45980383625302,77.98453412852662,78.13305874504454,78.10334777832031,10938300.0,Information Technology
2019-04-24,XLY,119.69161580114647,119.06790776611969,119.06790776611969,119.14710998535156,2181400.0,Consumer Discretionary
2019-04-24,XLP,55.818382266826305,55.485663855477824,55.52480807634197,55.61288070678711,8221900.0,Consumer Staples
2019-04-24,XLE,64.7753571690608,63.51950665071753,64.73758641617441,63.5478401184082,11019100.0,Energy
2019-04-24,XLF,27.10363411292435,26.867265440127426,26.92635713870385,26.985448837280273,39505200.0,Financials
2019-04-24,XLU,56.627279743707525,56.11932371871915,56.20723925624291,56.43191146850586,16428400.0,Utilities
2019-04-24,XLB,56.86535217523244,56.39319610595703,56.6882931802088,56.39319610595703,3808200.0,Materials
2019-04-24,XLRE,35.028936867816626,34.658465581658746,34.74620868314269,34.89244842529297,3304200.0,Real Estate
2019-04-24,XLC,49.70586926484443,49.37814022371042,49.69593968900881,49.45758819580078,3311500.0,Communication Services
2019-04-24,XLI,77.8069457708338,77.3536066295586,77.60984441164803,77.38317108154297,7718000.0,Industrials
2019-04-24,XLV,85.89048286730522,85.20366849040616,85.7138743116036,85.5863265991211,14612800.0,Health Care
2019-04-24,SPY,288.9792299904039,287.90477816040925,288.61451139738506,288.0625,50392900.0,
2019-04-25,XLK,78.67763273511132,77.66767902004882,78.45979765528259,78.08354187011719,11387600.0,Information Technology
2019-04-25,XLY,119.10750634226932,118.02840445246063,119.04810845567852,118.52340698242188,2820100.0,Consumer Discretionary
2019-04-25,XLP,55.35845023918716,55.06487603154703,55.3095218267469,55.26059341430664,9992100.0,Consumer Staples
2019-04-25,XLE,63.868883394101225,63.20791320091774,63.53839829750948,63.349544525146484,12060900.0,Energy
2019-04-25,XLF,27.1430291440282,26.788477058513973,26.85741768962809,27.03469467163086,44532300.0,Financials
2019-04-25,XLU,56.89103109035547,56.119328388580094,56.1779362675796,56.66635513305664,15253300.0,Utilities
2019-04-25,XLB,56.21614083849543,55.4980661153063,56.13744627888336,55.67512512207031,5180100.0,Materials
2019-04-25,XLRE,34.96069275719192,34.57072258957783,34.785206553668694,34.853450775146484,4198400.0,Real Estate
2019-04-25,XLC,50.321602810893005,49.85483699992299,50.311673235539715,50.013736724853516,3064600.0,Communication Services
2019-04-25,XLI,76.53562670471487,75.48111115905473,76.51591205808376,75.8260498046875,12555900.0,Industrials
2019-04-25,XLV,86.72446325761662,85.04668575115728,85.39990285626804,86.4693603515625,16166400.0,Health Care
2019-04-25,SPY,288.6046099324193,286.58385738845215,287.95401870265215,287.885009765625,57770900.0,
2019-04-26,XLK,77.80630633464683,76.9547732552654,77.60827099393265,77.7864990234375,11050200.0,Information Technology
2019-04-26,XLY,119.46392059326172,118.2264141458637,118.97882018076088,119.46392059326172,4236900.0,Consumer Discretionary
2019-04-26,XLP,55.76945818004226,55.289950769784895,55.31930707120928,55.75967025756836,8405700.0,Consumer Staples
2019-04-26,XLE,62.90575361988371,61.98038815641431,62.886864640855,62.528053283691406,16838400.0,Energy
2019-04-26,XLF,27.300608380770644,26.99529906520137,27.03469478514131,27.280912399291992,41527900.0,Financials
2019-04-26,XLU,57.320840151333954,56.695664580096725,56.97894842529495,56.7542724609375,14517400.0,Utilities
2019-04-26,XLB,56.284993958379225,55.566923022555386,55.67512240820313,56.13744354248047,4950100.0,Materials
2019-04-26,XLRE,35.111807489229776,34.81445604730343,34.98994226611345,35.08743667602539,2517000.0,Real Estate
2019-04-26,XLC,50.43085079464099,49.884633186761185,50.14284762657469,50.410987854003906,2076600.0,Communication Services
2019-04-26,XLI,76.39764404296875,75.72748894088419,75.86546890563588,76.39764404296875,12262600.0,Industrials
2019-04-26,XLV,87.36222770428732,86.4006904677747,86.58711270923727,87.33279418945312,11321700.0,Health Care
2019-04-26,SPY,289.30452337232737,287.0866106691789,287.9343618341017,289.2256774902344,50916400.0,
2019-04-29,XLK,78.05384343736287,77.71718714135726,77.79640127621454,77.80630493164062,10613200.0,Information Technology
2019-04-29,XLY,119.52332438391115,118.85012058372243,119.51342221758989,119.0481185913086,3700000.0,Consumer Discretionary
2019-04-29,XLP,55.8575308107868,55.65202550184414,55.730313949631565,55.82817077636719,7210800.0,Consumer Staples
2019-04-29,XLE,62.81132743069103,62.34864826931475,62.546939338476015,62.471405029296875,12974500.0,Energy
2019-04-29,XLF,27.704405150241065,27.310457342835495,27.379397974320053,27.55667495727539,61643200.0,Financials
2019-04-29,XLU,56.724966882352604,56.18770687423245,56.70542968052311,56.42214584350586,20775900.0,Utilities
2019-04-29,XLB,56.18662501162377,55.82267207693795,55.9898923771796,56.029239654541016,6056500.0,Materials
2019-04-29,XLRE,35.16542679918757,34.68284158010958,34.970441707742225,34.72671127319336,3256800.0,Real Estate
2019-04-29,XLC,50.987002225566215,50.52023258756883,50.52023258756883,50.867828369140625,1340700.0,Communication Services
2019-04-29,XLI,76.821415526691,76.30894753755159,76.39764088379465,76.57503509521484,8759000.0,Industrials
2019-04-29,XLV,87.51919995597375,86.80295954979337,87.36221873110378,87.17579650878906,13264400.0,Health Care
2019-04-29,SPY,290.25082253962404,289.22564569093174,289.32422559448423,289.6790771484375,57197700.0,
2019-04-30,XLK,78.04393799113795,77.3310259023323,77.76669607977476,77.93502044677734,18842900.0,Information Technology
2019-04-30,XLY,118.96891782825122,117.9591158921352,118.92931671561962,118.86991882324219,4339800.0,Consumer Discretionary
2019-04-30,XLP,56.53274968928388,55.79881231813981,55.8575286517108,56.47403335571289,15965900.0,Consumer Staples
2019-04-30,XLE,63.122927659256845,62.34864519705096,63.075719618850485,62.42418670654297,14327000.0,Energy
2019-04-30,XLF,27.635463175517632,27.359700662983002,27.5960693359375,27.5960693359375,38800300.0,Financials
2019-04-30,XLU,57.38921401965918,56.33422753073967,56.431913535087794,57.35013961791992,22016700.0,Utilities
2019-04-30,XLB,56.58009014248031,55.89152779978698,56.176789931416955,56.511234283447266,3399200.0,Materials
2019-04-30,XLRE,35.1703039254312,34.50248116788513,34.74621161266423,35.12643051147461,4650200.0,Real Estate
2019-04-30,XLC,50.073326709482444,49.542005346494186,49.934289909966814,49.72573471069336,3197100.0,Communication Services
2019-04-30,XLI,77.08751286545994,76.23010623194564,76.89040400313432,76.88055419921875,9546700.0,Industrials
2019-04-30,XLV,87.74486647945528,86.81277036970523,87.4308965543742,87.57807159423828,11750900.0,Health Care
2019-04-30,SPY,290.14240902677284,287.75693753091014,289.3045248736509,289.82696533203125,81111700.0,
2019-05-01,XLK,78.91527773873733,77.72709585564809,78.71724994298118,77.73699951171875,15446800.0,Information Technology
2019-05-01,XLY,119.07780613143709,117.42449951171875,119.06790396606429,117.42449951171875,4561500.0,Consumer Discretionary
2019-05-01,XLP,56.58167754040506,55.779239654541016,56.54253331841206,55.779239654541016,11992700.0,Consumer Staples
2019-05-01,XLE,62.631921779885936,61.130564907284615,62.44306800759043,61.17778015136719,22155700.0,Energy
2019-05-01,XLF,27.71425385963505,27.349852845119738,27.625615368862935,27.369550704956055,67969500.0,Financials
2019-05-01,XLU,57.34037246522577,56.71519694728731,57.184078585741155,56.7640380859375,26412700.0,Utilities
2019-05-01,XLB,56.589925346203025,55.478392901058086,56.589925346203025,55.48822784423828,6550900.0,Materials
2019-05-01,XLRE,35.55539847446596,35.058186284458976,35.155680693789485,35.12643051147461,6051300.0,Real Estate
2019-05-01,XLC,50.028639378856106,49.46255879963191,49.93429135282915,49.467525482177734,4262700.0,Communication Services
2019-05-01,XLI,77.36345908872543,76.37793731689453,77.1170786457677,76.37793731689453,16918700.0,Industrials
2019-05-01,XLV,88.03923057043491,86.93051824789202,87.69581959422112,87.42109680175781,25596400.0,Health Care
2019-05-01,SPY,290.74373347075874,287.63863151868384,290.5170026684647,287.64849853515625,71671900.0,
2019-05-02,XLK,78.2815788054507,76.91516890055941,77.71719128448734,77.3310317993164,24988800.0,Information Technology
2019-05-02,XLY,117.9888089853152,116.67210037990654,117.48390426573377,117.51360321044922,10408300.0,Consumer Discretionary
2019-05-02,XLP,55.98474394548552,55.475880233803764,55.73031395614397,55.75967025756836,13925900.0,Consumer Staples
2019-05-02,XLE,61.15889409448257,60.082456357101876,60.79063822595344,60.110782623291016,28033000.0,Energy
2019-05-02,XLF,27.527129745344837,27.202122572970964,27.349852764324307,27.39909553527832,50972900.0,Financials
2019-05-02,XLU,56.95940886530508,56.217010110434096,56.656587830247155,56.63705062866211,23463800.0,Utilities
2019-05-02,XLB,55.51773549226709,54.81933821497071,55.22263842110721,55.202964782714844,10973100.0,Materials
2019-05-02,XLRE,35.545647888134674,35.13618251781465,35.13618251781465,35.19467544555664,5382600.0,Real Estate
2019-05-02,XLC,49.62642337080267,48.851783826790815,49.507245724974005,49.268898010253906,4680800.0,Communication Services
2019-05-02,XLI,76.50605313353638,75.69792557407105,76.19068646445075,76.33851623535156,16360900.0,Industrials
2019-05-02,XLV,87.88223822606544,86.83240046339105,87.33279266373398,87.79393768310547,18927500.0,Health Care
2019-05-02,SPY,288.52580830615034,285.3911355216226,287.5203353048926,287.0274658203125,65030200.0,
2019-05-03,XLK,78.13305399244504,77.49934849689659,77.60826603876622,78.06373596191406,13288300.0,Information Technology
2019-05-03,XLY,119.12732456987835,118.26601734814095,118.62241981553987,118.89962005615234,3502900.0,Consumer Discretionary
2019-05-03,XLP,56.30767492262862,55.93581228319112,56.02388491534741,56.180458068847656,13801300.0,Consumer Staples
2019-05-03,XLE,61.149456778442,60.53569459651619,60.67733313142755,60.66788864135742,19624500.0,Energy
2019-05-03,XLF,27.694557912591236,27.468036281175653,27.517280930827436,27.645313262939453,34598900.0,Financials
2019-05-03,XLU,57.04732437456502,56.54913505029988,56.637050594209015,56.94963836669922,16071300.0,Utilities
2019-05-03,XLB,55.77348511001128,55.261981804931295,55.31116402126613,55.74397277832031,6033400.0,Materials
2019-05-03,XLRE,35.49690072703451,35.175178483808786,35.34091339597902,35.43840408325195,3223400.0,Real Estate
2019-05-03,XLC,49.775390356944364,49.343383698030664,49.527109274453764,49.74559783935547,2050400.0,Communication Services
2019-05-03,XLI,77.33389405966841,76.6046100592747,76.6046100592747,77.26490783691406,12904100.0,Industrials
2019-05-03,XLV,88.49055411839699,87.892047736743,88.03922278701815,88.46112060546875,13624000.0,Health Care
2019-05-03,SPY,290.14239917793424,287.14574434434337,288.6440868023215,289.8368225097656,56543700.0,
2019-05-06,XLK,77.5884722512877,75.90521338172945,76.20225506527012,77.45975494384766,13022500.0,Information Technology
2019-05-06,XLY,118.37490839728223,116.7710974311583,116.8403974853843,118.17691040039062,3814000.0,Consumer Discretionary
2019-05-06,XLP,56.19024497887832,55.70095338387033,55.769457641530174,56.09238815307617,10100300.0,Consumer Staples
2019-05-06,XLE,60.92283177619834,60.14855289118047,60.20520542309877,60.72454071044922,20344700.0,Energy
2019-05-06,XLF,27.556674523194303,27.113483951278553,27.162726721994318,27.458187103271484,42517000.0,Financials
2019-05-06,XLU,57.10593228768264,56.51983114549202,56.94963840134247,56.63705062866211,13389500.0,Utilities
2019-05-06,XLB,55.1636223080068,54.41603904432224,54.41603904432224,54.94721603393555,15601100.0,Materials
2019-05-06,XLRE,35.42865611186533,35.067936110091495,35.282416363535546,35.29216766357422,3377200.0,Real Estate
2019-05-06,XLC,49.745597088369536,48.92130208847978,48.931235453171894,49.66614532470703,3159800.0,Communication Services
2019-05-06,XLI,76.6637445502978,75.58952183885316,75.64865826190862,76.52577209472656,11928800.0,Industrials
2019-05-06,XLV,89.13811462255752,87.02862551225161,87.17580056378627,88.9124526977539,25168300.0,Health Care
2019-05-06,SPY,289.1270759235964,284.7799637410895,285.1249783744372,288.6440734863281,107198100.0,
2019-05-07,XLK,76.88546310465406,75.10318280195418,76.58841386944546,75.79629516601562,20625600.0,Information Technology
2019-05-07,XLY,117.70170307281077,115.53358953584012,117.45420180340825,116.38499450683594,6578500.0,Consumer Discretionary
2019-05-07,XLP,55.94559863344397,55.241021281972145,55.83795761931529,55.53459548950195,20115500.0,Consumer Staples
2019-05-07,XLE,60.24297809441341,59.43092482560245,60.006916265201745,60.19576644897461,15064500.0,Energy
2019-05-07,XLF,27.4680363712569,26.81802202165213,27.20212277623045,27.00514793395996,60090800.0,Financials
2019-05-07,XLU,56.68589201729772,56.19747315455666,56.549135331944655,56.461219787597656,12542200.0,Utilities
2019-05-07,XLB,54.52424252706579,53.69796845543823,54.425878084971316,53.98323059082031,9751000.0,Materials
2019-05-07,XLRE,35.23367123422124,34.43423570163865,35.175178309759445,34.68771743774414,3711800.0,Real Estate
2019-05-07,XLC,49.487386605499,48.474399346090976,49.37814232431745,48.861717224121094,4342100.0,Communication Services
2019-05-07,XLI,75.7373488440585,74.39703859422792,75.58951907023675,74.97850036621094,18355800.0,Industrials
2019-05-07,XLV,88.65734635404276,86.69503237097078,88.22563488236412,87.20523071289062,18011600.0,Health Care
2019-05-07,SPY,286.6627551443731,281.73406016223765,286.0121637968472,283.8238220214844,144729900.0,
2019-05-08,XLK,76.36068149418625,75.42003063335427,75.5487554919588,75.7071762084961,13667300.0,Information Technology
2019-05-08,XLY,117.11760679837705,115.84049930812469,116.1969017497365,116.42459869384766,7152700.0,Consumer Discretionary
2019-05-08,XLP,55.837957107242126,55.25080496456852,55.495450757432884,55.524810791015625,11940200.0,Consumer Staples
2019-05-08,XLE,60.69621637425769,60.03524613407915,60.16744018211486,60.19576644897461,9823700.0,Energy
2019-05-08,XLF,27.172576120754442,26.827871084321625,26.896811715909926,26.946056365966797,44254200.0,Financials
2019-05-08,XLU,56.45145007985594,55.640673021719856,56.39283847792827,55.68951416015625,28692400.0,Utilities
2019-05-08,XLB,54.18979749665714,53.70780273071793,53.94388264211656,53.93404769897461,6159700.0,Materials
2019-05-08,XLRE,35.01918726044449,34.67309048759738,34.755961662303775,34.68771743774414,3831500.0,Real Estate
2019-05-08,XLC,49.070275503834715,48.732613062823646,48.88158323533133,48.78226852416992,3453500.0,Communication Services
2019-05-08,XLI,75.50082571730447,74.73211991615288,74.8405279156932,74.97850036621094,16464800.0,Industrials
2019-05-08,XLV,87.79393293724738,86.6754070541111,87.16598556128349,87.39165496826172,13783300.0,Health Care
2019-05-08,SPY,285.30240228594937,282.77891311138023,283.42950439453125,283.42950439453125,91568300.0,
2019-05-09,XLK,75.4398373947955,73.9249029489913,74.76653235729634,75.19229888916016,19300900.0,Information Technology
2019-05-09,XLY,116.34539785918773,114.62279107296342,115.5236993536452,115.94940185546875,6383000.0,Consumer Discretionary
2019-05-09,XLP,55.563948485930986,54.98658429449254,55.289946406264725,55.40737533569336,23531600.0,Consumer Staples
2019-05-09,XLE,60.42238738990557,59.40259855874271,59.912492974324145,60.19576644897461,14409500.0,Energy
2019-05-09,XLF,26.946056470923423,26.49301508109218,26.62104929324743,26.886962890625,56468300.0,Financials
2019-05-09,XLU,55.933723468655955,55.34762235589214,55.68951405061437,55.62113571166992,16173800.0,Utilities
2019-05-09,XLB,53.71763781482445,52.90119875150414,53.32417257306675,53.511070251464844,6714400.0,Materials
2019-05-09,XLRE,34.843704335330784,34.37573863125984,34.60972148329531,34.80470657348633,5684500.0,Real Estate
2019-05-09,XLC,48.8120634678768,48.12680523965115,48.39494926959135,48.63330078125,4241500.0,Communication Services
2019-05-09,XLI,74.9982094298372,73.74660001956534,74.19008183354372,74.8700942993164,14923700.0,Industrials
2019-05-09,XLV,87.48976713871212,86.20445387520279,86.6165380150958,87.20523071289062,15692300.0,Health Care
2019-05-09,SPY,283.2323275905756,279.2598012696573,281.1623000929797,282.5718994140625,103471100.0,
2019-05-10,XLK,75.7665880363149,73.62785911903379,74.70712345668498,75.42993927001953,19596200.0,Information Technology
2019-05-10,XLY,116.62260338350404,113.95948725703892,115.66229723144163,116.1176986694336,6820800.0,Consumer Discretionary
2019-05-10,XLP,56.160888167921186,55.03551974941782,55.27037762241045,56.082603454589844,14029600.0,Consumer Staples
2019-05-10,XLE,60.63011787414167,59.3459409781719,60.19576498345118,60.479042053222656,13075000.0,Energy
2019-05-10,XLF,27.113484151523874,26.502863646285718,26.739232328751402,27.064239501953125,63453600.0,Financials
2019-05-10,XLU,56.64681941394673,55.503917376301665,55.61137011866505,56.61751174926758,25158000.0,Utilities
2019-05-10,XLB,54.43571197233543,53.18646406968026,53.41270528399945,54.23897933959961,6472900.0,Materials
2019-05-10,XLRE,35.29216509587814,34.70233793351535,34.72670874377635,35.20442199707031,3268400.0,Real Estate
2019-05-10,XLC,48.94910878384391,47.83879578446667,48.53398355320568,48.772335052490234,2900500.0,Communication Services
2019-05-10,XLI,75.3530001547596,73.51007157851257,74.37733562330413,75.1657485961914,17419800.0,Industrials
2019-05-10,XLV,87.4603344646472,85.3704727474802,86.92069511987847,87.23467254638672,17771800.0,Health Care
2019-05-10,SPY,284.81941114097197,278.2740901533773,281.54675064717463,283.99139404296875,112429300.0,
2019-05-13,XLK,73.73677045086905,72.38025673546849,73.3011002684067,72.58818817138672,25461200.0,Information Technology
2019-05-13,XLY,114.02879442607068,112.29628539918316,113.77139097005391,112.66259002685547,7642100.0,Consumer Discretionary
2019-05-13,XLP,55.69116592776087,55.348663324545214,55.50523647644357,55.55416488647461,13081800.0,Consumer Staples
2019-05-13,XLE,60.22409204352827,59.157095180855585,59.9313776838648,59.44036865234375,14069800.0,Energy
2019-05-13,XLF,26.58165361740236,26.187705807212204,26.52256191549667,26.276344299316406,54962500.0,Financials
2019-05-13,XLU,57.350142197195396,56.36353773011787,56.441682810770835,57.2231559753418,20096300.0,Utilities
2019-05-13,XLB,54.199629570421465,52.61594114300686,53.23564384194022,53.01924133300781,7048800.0,Materials
2019-05-13,XLRE,35.26291491692152,34.90219494139201,34.97043916057243,35.20442199707031,3392100.0,Real Estate
2019-05-13,XLC,48.0870742052692,47.12374626215832,47.789137688962036,47.26278305053711,8211000.0,Communication Services
2019-05-13,XLI,73.70718076293538,72.5344073442516,73.42137852145214,73.02716827392578,20011000.0,Industrials
2019-05-13,XLV,87.1856150987585,85.26254820027769,85.75312671985854,85.59613800048828,17436000.0,Health Care
2019-05-13,SPY,279.44711238963356,275.9378842964628,278.3923946244934,276.8546142578125,127290500.0,
2019-05-14,XLK,74.21203883948522,72.89513976852123,72.95454659080181,73.7565689086914,18404300.0,Information Technology
2019-05-14,XLY,114.3554867669527,112.64277468720327,113.18728049227542,113.80107879638672,4595900.0,Consumer Discretionary
2019-05-14,XLP,56.200029084088165,55.62266489187402,55.71073752231341,55.818382263183594,16497800.0,Consumer Staples
2019-05-14,XLE,60.677329061441014,59.704751964455774,59.761408095023576,60.16743469238281,9242000.0,Energy
2019-05-14,XLF,26.709687371620532,26.30588875979922,26.335435549490917,26.483165740966797,52398400.0,Financials
2019-05-14,XLU,57.2817598521984,56.734733146825555,57.2329187144101,56.84218215942383,17609400.0,Utilities
2019-05-14,XLB,53.87502566686375,53.06842526087063,53.206136976182215,53.47172546386719,6101900.0,Materials
2019-05-14,XLRE,35.47740134255586,35.19467314683077,35.27266867076788,35.3311653137207,3984400.0,Real Estate
2019-05-14,XLC,47.948039952624946,47.21313009276609,47.54085914149543,47.53092956542969,5332000.0,Communication Services
2019-05-14,XLI,74.34775779791688,73.1946917202124,73.29324990316405,73.7860107421875,11317900.0,Industrials
2019-05-14,XLV,86.62634598497813,85.82179760424607,85.98859248528768,86.02783966064453,13147000.0,Health Care
2019-05-14,SPY,281.0341666016091,277.8305151743847,277.96850297765127,279.3583984375,77003200.0,
2019-05-15,XLK,74.78634022828835,73.12288098776017,73.24170220289665,74.55860900878906,15048600.0,Information Technology
2019-05-15,XLY,114.80098489601467,112.8803726785907,113.09817499848073,114.57328796386719,4156800.0,Consumer Discretionary
2019-05-15,XLP,56.37617603393452,55.63245074727662,55.740095491371726,56.25874710083008,9681800.0,Consumer Staples
2019-05-15,XLE,60.61123609803997,59.66698520216434,59.82750911516935,60.479042053222656,10092300.0,Energy
2019-05-15,XLF,26.51271212402929,26.118764326638544,26.217251745609047,26.384679794311523,49061700.0,Financials
2019-05-15,XLU,57.086394731001384,56.676124679288,56.871492967583016,56.744503021240234,14577500.0,Utilities
2019-05-15,XLB,53.717641465564334,52.891367403608314,53.1176086196678,53.334014892578125,5262200.0,Materials
2019-05-15,XLRE,35.691884449014445,35.19467229354834,35.33116445712906,35.56514358520508,3478200.0,Real Estate
2019-05-15,XLC,48.74254469112458,47.28265069106378,47.28265069106378,48.59357452392578,7292700.0,Communication Services
2019-05-15,XLI,74.19007659908618,72.9581744039129,73.12571129791225,73.88456726074219,12290000.0,Industrials
2019-05-15,XLV,86.57729397171776,85.19386645609414,85.57651709779647,86.28295135498047,10587700.0,Health Care
2019-05-15,SPY,281.6945866350757,277.34747459946715,277.5742053696885,280.9947204589844,73956400.0,
2019-05-16,XLK,75.78639379313414,74.50909413010493,74.60810802673157,75.24180603027344,15444700.0,Information Technology
2019-05-16,XLY,116.3157049353213,114.85050151817957,115.04849953028845,115.63260650634766,3615900.0,Consumer Discretionary
2019-05-16,XLP,57.022042365123745,56.395749726999625,56.55232288653066,56.6991081237793,12859800.0,Consumer Staples
2019-05-16,XLE,61.03614568864438,60.630119056207974,60.630119056207974,60.80952835083008,9376500.0,Energy
2019-05-16,XLF,26.798322989952688,26.453619848788673,26.47331582936145,26.650592803955078,44872600.0,Financials
2019-05-16,XLU,57.30130029482243,56.52959760454679,56.685891490116774,57.12546920776367,13908300.0,Utilities
2019-05-16,XLB,54.258651549378115,53.73731327586443,53.73731327586443,54.08159255981445,4905300.0,Materials
2019-05-16,XLRE,35.91611814050242,35.53589924540686,35.56514570840455,35.76987838745117,2834200.0,Real Estate
2019-05-16,XLC,49.26889569178006,48.54590058601006,48.62336340022546,49.02061462402344,4627100.0,Communication Services
2019-05-16,XLI,74.81096327413744,74.07182192584621,74.21964418035677,74.56458282470703,7450000.0,Industrials
2019-05-16,XLV,87.70562712438826,86.41050013222983,86.46936715917161,86.95994567871094,15124000.0,Health Care
2019-05-16,SPY,285.08555228676147,281.68477097084445,281.7636168503216,283.59710693359375,76749600.0,
2019-05-17,XLK,75.64777111730169,74.45958172180765,74.46948537752931,74.63780975341797,13543900.0,Information Technology
2019-05-17,XLY,116.20678879508256,114.65248118549135,114.65248118549135,114.7514877319336,3674500.0,Consumer Discretionary
2019-05-17,XLP,56.836110190276734,56.37617492293374,56.38595911175027,56.51317596435547,15458700.0,Consumer Staples
2019-05-17,XLE,60.733987131415795,60.1202249346584,60.40350201132652,60.19576644897461,10555700.0,Energy
2019-05-17,XLF,26.729382728499118,26.345283863936498,26.384679582605106,26.473316192626953,62711500.0,Financials
2019-05-17,XLU,57.643194116945615,56.7933463159185,56.871495124736775,57.418521881103516,10477100.0,Utilities
2019-05-17,XLB,54.14061893874484,53.52091241271884,53.66846283636989,53.75699234008789,6083300.0,Materials
2019-05-17,XLRE,35.789378414323586,35.526149081827306,35.604144611025404,35.721134185791016,3403200.0,Real Estate
2019-05-17,XLC,49.16958532280738,48.54391970464482,48.60350474153529,48.66309356689453,3662800.0,Communication Services
2019-05-17,XLI,74.54487539329165,73.64805438040833,73.75645487122986,73.73674774169922,16305500.0,Industrials
2019-05-17,XLV,87.46032828118462,86.24369578201674,86.24369578201674,86.77352142333984,13354100.0,Health Care
2019-05-17,SPY,284.48429071268305,281.0539080509349,281.07364208429465,281.7636413574219,100353000.0,
2019-05-20,XLK,73.95461175930299,72.9842574225001,73.38032057128243,73.34071350097656,14674600.0,Information Technology
2019-05-20,XLY,114.33569320876387,113.57339256297749,114.33569320876387,113.93968963623047,3538400.0,Consumer Discretionary
2019-05-20,XLP,56.699109256250956,56.337034517540836,56.38596293093431,56.37617874145508,9496800.0,Consumer Staples
2019-05-20,XLE,60.50737147541616,60.10134482971771,60.20520901176482,60.22409439086914,8186100.0,Energy
2019-05-20,XLF,26.62104629172936,26.374828703720922,26.374828703720922,26.50286102294922,44357300.0,Financials
2019-05-20,XLU,57.85809868843371,57.350142618269174,57.54551091084634,57.49666976928711,9118700.0,Utilities
2019-05-20,XLB,53.49139537954423,52.90119753052961,53.274989126335946,52.98972702026367,5016300.0,Materials
2019-05-20,XLRE,35.65288717229192,35.019186563668235,35.594390529962716,35.14592742919922,3472100.0,Real Estate
2019-05-20,XLC,48.245983335191546,47.72955821222005,48.1665315677488,47.85866165161133,3854100.0,Communication Services
2019-05-20,XLI,73.82543665417172,73.20455315004477,73.27353937062176,73.54948425292969,11638300.0,Industrials
2019-05-20,XLV,87.00900621954197,86.09652987697602,86.40068616261996,86.73428344726562,10757400.0,Health Care
2019-05-20,SPY,281.8818884708409,279.08239359429757,280.00899057033786,279.90057373046875,62877600.0,
2019-05-21,XLK,74.47938747693456,73.94470339327636,74.11302776564771,74.24175262451172,14841100.0,Information Technology
2019-05-21,XLY,115.02869400183968,113.88028447015832,114.27628801739807,114.731689453125,3660300.0,Consumer Discretionary
2019-05-21,XLP,56.60124971113406,56.17067446775213,56.581677600116905,56.25874710083008,8124100.0,Consumer Staples
2019-05-21,XLE,61.092797290792284,60.40350079760442,60.47904231040273,60.92283248901367,18380500.0,Energy
2019-05-21,XLF,26.778627395629883,26.611199348153313,26.611199348153313,26.778627395629883,36851400.0,Financials
2019-05-21,XLU,58.07299997961163,57.44782446968675,57.58458114669032,57.60411834716797,11504400.0,Utilities
2019-05-21,XLB,53.884862220182036,53.29466806481901,53.373358867764715,53.80617141723633,4371600.0,Materials
2019-05-21,XLRE,35.54077413962926,35.2434227087061,35.30191563345732,35.43840408325195,2353600.0,Real Estate
2019-05-21,XLC,48.47440255583204,48.04735876755574,48.245984402086165,48.3850212097168,3023900.0,Communication Services
2019-05-21,XLI,74.50544139361688,73.98311607897935,74.18021741769513,74.416748046875,10612300.0,Industrials
2019-05-21,XLV,87.921481995843,87.16598689131473,87.22486140330484,87.54864501953125,11690600.0,Health Care
2019-05-21,SPY,282.8380657727465,281.4777412274744,281.7537469263437,282.424072265625,46847100.0,
2019-05-22,XLK,74.30115702322368,73.71696223534077,73.75656930183077,73.85558319091797,11521100.0,Information Technology
2019-05-22,XLY,114.7119006451456,113.43479308195894,113.82089449023165,113.5535888671875,3945400.0,Consumer Discretionary
2019-05-22,XLP,56.64039281696067,56.160885438986234,56.27831436977651,56.51317596435547,11102000.0,Consumer Staples
2019-05-22,XLE,60.696214457501455,59.78029703845642,60.55457592364027,59.97858810424805,9637000.0,Energy
2019-05-22,XLF,26.69983753163375,26.542258415631874,26.640743954264618,26.621047973632812,25867600.0,Financials
2019-05-22,XLU,58.092539521275526,57.51620512614794,57.69203621119297,58.03392791748047,9257900.0,Utilities
2019-05-22,XLB,53.904536758914915,53.43238067626953,53.70780411972192,53.43238067626953,5308500.0,Materials
2019-05-22,XLRE,35.63338769651219,35.39940856916482,35.47740037193689,35.60414123535156,1982800.0,Real Estate
2019-05-22,XLC,48.65316092611458,48.23604675180682,48.23604675180682,48.335357666015625,2793700.0,Communication Services
2019-05-22,XLI,74.24920688864873,73.80572509765625,74.160513538024,73.80572509765625,9114700.0,Industrials
2019-05-22,XLV,88.24527002571081,87.21505209914856,87.29354646197196,88.04903411865234,9021800.0,Health Care
2019-05-22,SPY,282.601490947032,281.03416968761684,281.3791843231177,281.5566101074219,49482500.0,
2019-05-23,XLK,72.89514324074523,72.02380284965633,72.85553617257975,72.55848693847656,16085700.0,Information Technology
2019-05-23,XLY,112.72197849921173,111.60327548304147,112.65267844605322,112.14777374267578,4956500.0,Consumer Discretionary
2019-05-23,XLP,56.51317486293554,56.18045645468231,56.29788538318394,56.49360275268555,17398000.0,Consumer Staples
2019-05-23,XLE,59.0248983661469,57.61797187700513,58.977686720568165,57.967342376708984,23963600.0,Energy
2019-05-23,XLF,26.37483177427063,26.02027780514425,26.364982844184745,26.246797561645508,51832900.0,Financials
2019-05-23,XLU,58.54188258515325,58.03392654331092,58.09253814571812,58.53211212158203,15164500.0,Utilities
2019-05-23,XLB,53.038914006167765,52.37986399738185,52.86185876313921,52.615943908691406,4922700.0,Materials
2019-05-23,XLRE,35.81375086594568,35.44815521189402,35.506648136362244,35.77962875366211,2521100.0,Real Estate
2019-05-23,XLC,47.98776705142965,47.381960607396984,47.84873025217008,47.660037994384766,2570200.0,Communication Services
2019-05-23,XLI,73.10600273595665,72.22888899172688,72.99759474339484,72.6822280883789,16205600.0,Industrials
2019-05-23,XLV,87.744873046875,87.00900527811075,87.60751166222306,87.744873046875,13545300.0,Health Care
2019-05-23,SPY,279.17111182748187,276.5687767148246,279.12183691430107,278.11639404296875,98733800.0,
2019-05-24,XLK,73.33080446444946,72.49907871188003,72.95454865556457,72.57829284667969,11750000.0,Information Technology
2019-05-24,XLY,112.94967935206482,111.83097629711621,112.76158351733692,112.29627990722656,2632500.0,Consumer Discretionary
2019-05-24,XLP,56.64039555337545,56.121743929080985,56.5914671409322,56.28810501098633,9530800.0,Consumer Staples
2019-05-24,XLE,58.65663670532084,57.68406321460994,58.430019388076225,58.184513092041016,10153400.0,Energy
2019-05-24,XLF,26.463469840571875,26.266494999007616,26.345284559935056,26.45362091064453,30582000.0,Financials
2019-05-24,XLU,58.87400967728696,58.375820354641924,58.57118864339802,58.4442024230957,8712400.0,Utilities
2019-05-24,XLB,53.304502777518344,52.625779126549936,53.14711741994467,52.911041259765625,4090400.0,Materials
2019-05-24,XLRE,36.06235580283279,35.81862537456529,35.93561493880496,35.828372955322266,1523600.0,Real Estate
2019-05-24,XLC,48.08707786060754,47.62031200535019,47.938111485364466,47.65010452270508,3442300.0,Communication Services
2019-05-24,XLI,73.29326141278518,72.51469826259428,73.16513876240177,72.71179962158203,11127400.0,Industrials
2019-05-24,XLV,88.40223928404973,87.656557909563,88.04902218485252,87.8724136352539,9986400.0,Health Care
2019-05-24,SPY,280.14704660561426,278.06712159280283,279.69358498887283,278.7472839355469,55268100.0,
2019-05-28,XLK,73.27139748301992,72.33075418569142,72.80602388491664,72.37035369873047,25772800.0,Information Technology
2019-05-28,XLY,113.24667974179079,111.48447191964394,112.61307709906696,111.55377197265625,4118000.0,Consumer Discretionary
2019-05-28,XLP,56.43489248212356,55.32909613174188,56.29789142866025,55.36824035644531,14043000.0,Consumer Staples
2019-05-28,XLE,58.326156430340646,57.49521779382806,58.222288650524376,57.5802001953125,12930600.0,Energy
2019-05-28,XLF,26.45361897017097,26.14830780029297,26.37482941502304,26.14830780029297,35177700.0,Financials
2019-05-28,XLU,58.57119083269197,57.38921804473068,58.52234969026239,57.486900329589844,16397900.0,Utilities
2019-05-28,XLB,53.0684260785437,52.34051646192901,52.90120202711534,52.37986373901367,4826100.0,Materials
2019-05-28,XLRE,36.062359009223144,35.44815723405017,36.00386236238664,35.45790481567383,2496400.0,Real Estate
2019-05-28,XLC,48.275775853748186,47.80900619119401,47.84873207491538,47.85866165161133,2793400.0,Communication Services
2019-05-28,XLI,73.07644212084733,72.03178391216491,72.80049722309768,72.04164123535156,11263100.0,Industrials
2019-05-28,XLV,88.48074659733682,86.60673296399038,87.95092087092947,86.61654663085938,20796000.0,Health Care
2019-05-28,SPY,280.0977103503284,276.1350506897649,279.0528294933286,276.1547546386719,70029400.0,
2019-05-29,XLK,72.29114773603416,71.45941442387019,71.83567778943693,71.94459533691406,14754800.0,Information Technology
2019-05-29,XLY,111.03897989848639,109.8410670347984,110.93997334217912,110.56377410888672,4768700.0,Consumer Discretionary
2019-05-29,XLP,55.162731691370126,54.68322803338488,55.15294750228816,54.96701431274414,11455100.0,Consumer Staples
2019-05-29,XLE,57.24971151969589,56.44709919957962,56.78702878438017,57.21194076538086,16951600.0,Energy
2019-05-29,XLF,26.148310460531338,25.823303277669627,25.94148856166087,26.09906768798828,39700600.0,Financials
2019-05-29,XLU,57.68226462720003,56.58820746198652,57.623656750883264,56.7249641418457,20119100.0,Utilities
2019-05-29,XLB,52.46839640217941,51.83885494029027,51.97656666603313,52.38970184326172,8738800.0,Materials
2019-05-29,XLRE,35.516397172250905,34.90414424355442,35.42865407211097,35.04843521118164,2648700.0,Real Estate
2019-05-29,XLC,47.7196243603764,47.178373406950705,47.66003932387082,47.39189529418945,2512500.0,Communication Services
2019-05-29,XLI,72.04163939169881,71.03641050148826,71.72627272820782,71.71641540527344,14257100.0,Industrials
2019-05-29,XLV,86.20446009207151,85.1840558490088,86.19464642547095,85.78256225585938,16302700.0,Health Care
2019-05-29,SPY,275.3760265836711,272.76382430721947,274.9324620927829,274.30157470703125,104972900.0,
2019-05-30,XLK,72.53868421791712,71.89508260650553,72.11291769537796,72.3901596069336,11420500.0,Information Technology
2019-05-30,XLY,111.66267535148269,110.91026936588568,110.93007369750477,111.2864761352539,3897600.0,Consumer Discretionary
2019-05-30,XLP,55.31930653154477,54.94744760713467,55.0746607340651,55.20187759399414,9770200.0,Consumer Staples
2019-05-30,XLE,57.22138262217596,56.30546522763539,57.11751844907642,56.48487091064453,15173900.0,Energy
2019-05-30,XLF,26.305889776697494,25.882397045693498,26.158159579510855,26.01042938232422,40641200.0,Financials
2019-05-30,XLU,57.047324409267695,56.461219540736884,56.734736636587336,56.63705062866211,16822600.0,Utilities
2019-05-30,XLB,52.71430943889335,52.34051780174649,52.40937366222579,52.47822952270508,4475100.0,Materials
2019-05-30,XLRE,35.37503419828109,35.02893743653948,35.08743407815555,35.262916564941406,2656200.0,Real Estate
2019-05-30,XLC,47.63719204999878,47.252855706393355,47.49120341530711,47.501136779785156,2520600.0,Communication Services
2019-05-30,XLI,72.34715905551525,71.7459901550995,72.03178486086534,71.99237060546875,10103500.0,Industrials
2019-05-30,XLV,86.39088617626061,85.86106044075238,85.94936098718642,86.25352478027344,12457600.0,Health Care
2019-05-30,SPY,276.04635674431154,273.8481479545238,275.1295966158266,275.0507507324219,62523800.0,
2019-05-31,XLK,71.85547204321038,71.15246364332653,71.51882332535409,71.18216705322266,12039800.0,Information Technology
2019-05-31,XLY,110.36577279326022,109.51436779589733,109.91036379669346,109.83116912841797,4252200.0,Consumer Discretionary
2019-05-31,XLP,54.84958540917056,54.330937528572925,54.771300697475866,54.419010162353516,13450800.0,Consumer Staples
2019-05-31,XLE,56.2204789770989,55.493408203125,55.71058462620543,55.493408203125,21898500.0,Energy
2019-05-31,XLF,25.803603858328746,25.59678010851887,25.675569661186653,25.616477966308594,49259200.0,Financials
2019-05-31,XLU,57.057092688169554,56.40261318592196,56.65658936070782,56.90079879760742,18257000.0,Utilities
2019-05-31,XLB,52.11427603868499,51.66179360242828,51.85852623847644,51.88803482055664,5991800.0,Materials
2019-05-31,XLRE,35.750378406388506,35.13618038813631,35.184925731310585,35.555397033691406,4582100.0,Real Estate
2019-05-31,XLC,47.06019012768252,46.69670550885111,46.94498658634066,46.7662239074707,2484800.0,Communication Services
2019-05-31,XLI,71.49961211362921,70.9477147733325,71.22365968401341,71.00685119628906,13718400.0,Industrials
2019-05-31,XLV,86.03766157772199,85.13499142920652,85.69425063182156,85.63538360595703,10712900.0,Health Care
2019-05-31,SPY,273.16795277285223,271.3147588709698,272.26108985216285,271.3443298339844,86862800.0,
2019-06-03,XLK,71.687154843544,69.45930822754192,71.29109171206623,69.93457794189453,19703700.0,Information Technology
2019-06-03,XLY,109.94996223228911,108.33625666420203,109.56386085370914,108.91046142578125,8065600.0,Consumer Discretionary
2019-06-03,XLP,55.21166399922859,54.4875145001051,54.49729868987757,55.10402297973633,17060600.0,Consumer Staples
2019-06-03,XLE,56.47543169961975,55.786131610308395,55.871110408453475,56.20159912109375,18024700.0,Energy
2019-06-03,XLF,25.892245195293864,25.527842299961996,25.5770850713757,25.78390884399414,63329300.0,Financials
2019-06-03,XLU,57.545510345351374,56.79334484844192,57.08639542125776,57.46736526489258,20335400.0,Utilities
2019-06-03,XLB,53.54058199419927,51.88803388497226,52.03558429743865,53.52090835571289,13155400.0,Materials
2019-06-03,XLRE,35.75037982837867,35.3799122302936,35.682135601413975,35.69188690185547,6621400.0,Real Estate
2019-06-03,XLC,46.30938926396438,44.99846543175955,46.30938926396438,45.29640197753906,7155200.0,Communication Services
2019-06-03,XLI,71.88395628345617,70.86887012024323,70.88857724620824,71.48974609375,17515000.0,Industrials
2019-06-03,XLV,86.5772984726124,85.66482209058515,85.71388293874224,85.8414306640625,19371000.0,Health Care
2019-06-03,SPY,272.6060710926363,269.1954230426749,271.38376452634833,270.6543273925781,96428000.0,
2019-06-04,XLK,72.2713394165039,70.46925941195214,70.82571546158002,72.2713394165039,15096200.0,Information Technology
2019-06-04,XLY,111.900280738786,108.9401674593239,109.89057149561187,111.86067962646484,5739500.0,Consumer Discretionary
2019-06-04,XLP,55.612887745952165,55.27038136953595,55.446526652721694,55.60309982299805,16546800.0,Consumer Staples
2019-06-04,XLE,57.30636931267829,56.57929843441142,56.730381465548376,57.17417526245117,14743400.0,Energy
2019-06-04,XLF,26.512712530658494,26.030126236641927,26.09906686743125,26.483165740966797,45454400.0,Financials
2019-06-04,XLU,57.59434991230737,56.45145159166032,57.525971571397214,57.516204833984375,18528900.0,Utilities
2019-06-04,XLB,55.13410874375271,53.78649641337793,54.10126712189813,55.02590560913086,17777900.0,Materials
2019-06-04,XLRE,35.70163131384192,35.19467158780153,35.70163131384192,35.49689865112305,3596800.0,Real Estate
2019-06-04,XLC,46.26966094970703,45.35598463039421,45.67378788945801,46.26966094970703,7110700.0,Communication Services
2019-06-04,XLI,73.22426648641947,72.05149323864018,72.17960835486903,73.19469451904297,16424700.0,Industrials
2019-06-04,XLV,87.41126667102714,86.4497370785071,86.55766493888042,87.26409912109375,15837200.0,Health Care
2019-06-04,SPY,276.67721274231593,272.67511484590517,273.16798434134853,276.52935791015625,77231900.0,
2019-06-05,XLK,73.38031472613005,72.380257054827,73.23179011288296,73.21199035644531,14395800.0,Information Technology
2019-06-05,XLY,112.64278178760347,111.30627638098107,112.50418167451016,112.41508483886719,5258600.0,Consumer Discretionary
2019-06-05,XLP,56.34682245314735,55.64224135452141,55.85753085310126,56.23917770385742,15069700.0,Consumer Staples
2019-06-05,XLE,57.306364767809,56.20159720537011,57.287479390414646,56.541526794433594,15881900.0,Energy
2019-06-05,XLF,26.670290663019088,26.30588778429983,26.532409406553484,26.650592803955078,46599700.0,Financials
2019-06-05,XLU,58.94238518610323,57.52596981863235,57.731104835112546,58.74701690673828,31755300.0,Utilities
2019-06-05,XLB,55.55707979998229,54.60292902693946,55.37018587378698,55.429203033447266,19704000.0,Materials
2019-06-05,XLRE,36.325582656088514,35.574896183661735,35.70163333306654,36.306087493896484,4495200.0,Real Estate
2019-06-05,XLC,46.39876835716825,45.8525469631727,46.39876835716825,46.28952407836914,5526400.0,Communication Services
2019-06-05,XLI,73.9929824927852,73.32282733230478,73.5790651192654,73.90428161621094,12865600.0,Industrials
2019-06-05,XLV,88.12752798791051,87.29354597307753,87.90185856746577,87.9214859008789,24291700.0,Health Care
2019-06-05,SPY,278.95425358215414,276.32234745302605,278.3036622705225,278.9246826171875,71169700.0,
2019-06-06,XLK,74.21204704037521,73.0733758646982,73.41002463385718,74.06352996826172,11922500.0,Information Technology
2019-06-06,XLY,113.26648847664957,111.94977986508461,112.41508347617446,112.9892807006836,3659800.0,Consumer Discretionary
2019-06-06,XLP,56.943753398215584,56.25874816465453,56.35660498859223,56.826324462890625,20769600.0,Consumer Staples
2019-06-06,XLE,57.80682183617258,56.654838958046646,56.654838958046646,57.58964538574219,32393900.0,Energy
2019-06-06,XLF,26.857417006090408,26.512711980801456,26.660442169213503,26.749080657958984,37297600.0,Financials
2019-06-06,XLU,59.21590077258084,58.659103577532406,58.825167925468676,59.10844802856445,25511200.0,Utilities
2019-06-06,XLB,56.27515458982388,55.507901441995756,55.70463407672071,56.088260650634766,19911600.0,Materials
2019-06-06,XLRE,36.44257283222112,36.15009707690298,36.40357507310377,36.37432861328125,2272500.0,Real Estate
2019-06-06,XLC,46.56759570598393,46.12962981896225,46.37890346140205,46.4881477355957,3175900.0,Communication Services
2019-06-06,XLI,74.22949574586157,73.36223933795364,73.9831153155422,74.03239440917969,11387300.0,Industrials
2019-06-06,XLV,88.72602748131403,87.85279835339396,88.05884042435595,88.37281036376953,18840900.0,Health Care
2019-06-06,SPY,281.47773803172186,278.5402552876126,279.2499885169851,280.7384338378906,69430400.0,
2019-06-07,XLK,75.885400866622,74.3011560002127,74.44968060893632,75.43983459472656,11992100.0,Information Technology
2019-06-07,XLY,114.969295396993,113.30608644219294,113.48428767139079,114.62279510498047,4044900.0,Consumer Discretionary
2019-06-07,XLP,57.59940610961156,57.022041888727294,57.022041888727294,57.374332427978516,18860800.0,Consumer Staples
2019-06-07,XLE,58.22228646775154,57.62740967966257,57.76904821083244,57.85403060913086,15774100.0,Energy
2019-06-07,XLF,26.837718605742257,26.67029056131908,26.749080118783446,26.709686279296875,33054800.0,Financials
2019-06-07,XLU,59.772696736795595,58.63956516872545,59.41126783591582,58.66887283325195,18993100.0,Utilities
2019-06-07,XLB,56.79649518362576,56.334174066688234,56.452212143562335,56.58992385864258,23211100.0,Materials
2019-06-07,XLRE,36.71554928280505,36.442572410206736,36.57906084650589,36.49131774902344,2114000.0,Real Estate
2019-06-07,XLC,47.40182347669516,46.64705065822859,46.68677275190784,47.242923736572266,3345600.0,Communication Services
2019-06-07,XLI,74.92921997907925,74.25906486569745,74.30834396243482,74.62371063232422,9234300.0,Industrials
2019-06-07,XLV,89.51096072859971,88.62791788880676,88.6573514025275,89.29510498046875,9302700.0,Health Care
2019-06-07,SPY,284.73068924846103,281.6650256054535,281.8523184043365,283.54779052734375,74272200.0,
2019-06-10,XLK,76.92507032561969,75.98441944844303,75.98441944844303,76.212158203125,13463800.0,Information Technology
2019-06-10,XLY,116.62260857182984,115.27620097650242,115.35539564735595,115.59300231933594,3729900.0,Consumer Discretionary
2019-06-10,XLP,57.5211187667068,57.21776036664605,57.45261824198349,57.39390563964844,15341800.0,Consumer Staples
2019-06-10,XLE,58.54332971480281,57.939012048908275,58.16562937261001,58.02399444580078,9837800.0,Energy
2019-06-10,XLF,27.133179777858903,26.867266187621208,26.867266187621208,26.936206817626953,37081400.0,Financials
2019-06-10,XLU,58.610259456963625,57.975313488977214,58.493039981424886,58.268367767333984,13700300.0,Utilities
2019-06-10,XLB,57.02273397291034,56.639107425088596,56.9440394234276,56.688289642333984,14362600.0,Materials
2019-06-10,XLRE,36.56931090914317,36.198843345115456,36.54006444857022,36.36457824707031,3041400.0,Real Estate
2019-06-10,XLC,47.709696857065644,47.13368288935529,47.54086373986923,47.20320129394531,5163000.0,Communication Services
2019-06-10,XLI,75.54024438659918,74.70255239462101,75.33328571932935,74.72225952148438,9513900.0,Industrials
2019-06-10,XLV,89.85437057614675,89.23623680159795,89.5698341139256,89.56002044677734,8552800.0,Health Care
2019-06-10,SPY,286.6726221834457,284.7504191073136,285.24328860556625,284.8489990234375,60799100.0,
2019-06-11,XLK,77.06369128785188,75.77648800509472,76.98447715106894,76.212158203125,11550100.0,Information Technology
2019-06-11,XLY,117.03840519981937,115.55339753625165,116.51370370052777,116.03849792480469,5029500.0,Consumer Discretionary
2019-06-11,XLP,57.72662295336059,57.4330450153894,57.560261872977016,57.579833984375,18109700.0,Consumer Staples
2019-06-11,XLE,58.72273468012559,58.118417021600564,58.53388811334955,58.13730239868164,9522600.0,Energy
2019-06-11,XLF,27.19227398077719,26.867266804367123,27.083937629143396,26.946056365966797,34273400.0,Financials
2019-06-11,XLU,58.40512491798365,57.584581129862045,58.248831040548104,57.91670608520508,18036100.0,Utilities
2019-06-11,XLB,57.199795468212386,56.55058041592691,56.98338919999629,56.64894485473633,7868700.0,Materials
2019-06-11,XLRE,36.540065164061204,36.18422082335218,36.462073361329146,36.432823181152344,2472200.0,Real Estate
2019-06-11,XLC,47.83879830298511,47.344225072193794,47.71962444130309,47.401824951171875,2869800.0,Communication Services
2019-06-11,XLI,75.34313938248803,73.78602063675679,75.165745155894,74.08167266845703,11936300.0,Industrials
2019-06-11,XLV,90.22720396792649,89.18717986095702,90.0015420320085,89.412841796875,8317900.0,Health Care
2019-06-11,SPY,287.2443463458923,284.07026547682267,286.84018973508654,284.7799987792969,58641300.0,
2019-06-12,XLK,76.05372282634843,75.60815656854187,75.84579140242036,75.78638458251953,7577900.0,Information Technology
2019-06-12,XLY,116.45429596092205,115.7513932537407,115.99889452612031,116.00879669189453,2792900.0,Consumer Discretionary
2019-06-12,XLP,58.000622312227534,57.57983126950744,57.68747601062165,57.667903900146484,10921200.0,Consumer Staples
2019-06-12,XLE,57.891802579784326,57.13640186704247,57.759604933642215,57.31581115722656,13815600.0,Energy
2019-06-12,XLF,26.965750983544037,26.621047843037967,26.916508214469236,26.680139541625977,36864600.0,Financials
2019-06-12,XLU,58.75678837415136,58.14137958785549,58.20975792785058,58.66887283325195,12350200.0,Utilities
2019-06-12,XLB,56.91453287015597,56.609597108596226,56.67845296566411,56.835838317871094,3550400.0,Materials
2019-06-12,XLRE,36.74479926108643,36.442575900062415,36.481569943431396,36.569313049316406,2555500.0,Real Estate
2019-06-12,XLC,47.57065977954772,46.99961249780608,47.38196372089442,47.17340850830078,2459400.0,Communication Services
2019-06-12,XLI,74.27877876783697,73.84514678148275,74.0225410014518,74.2393569946289,5612300.0,Industrials
2019-06-12,XLV,89.87398460032827,89.3441588931807,89.43246692052243,89.84455108642578,5799200.0,Health Care
2019-06-12,SPY,285.1348708258286,283.71540426889965,284.5237174631666,284.27728271484375,46984700.0,
2019-06-13,XLK,76.28146782935464,75.73688008791999,76.05372907722494,76.01412200927734,9867400.0,Information Technology
2019-06-13,XLY,117.2166083847748,116.36520337248507,116.43450342915331,117.04830932617188,3846200.0,Consumer Discretionary
2019-06-13,XLP,57.97126932529753,57.46240562286362,57.804908243252505,57.79512405395508,11564400.0,Consumer Staples
2019-06-13,XLE,58.25061321305031,57.29692504830477,57.97678424029288,57.98622512817383,12191500.0,Energy
2019-06-13,XLF,26.85741824748116,26.660443401499776,26.729384034045857,26.768779754638672,31020000.0,Financials
2019-06-13,XLU,58.961925754364636,58.39535808448,58.805631867213734,58.786094665527344,16212000.0,Utilities
2019-06-13,XLB,57.23914013024826,56.973551637347484,57.0424112487184,57.170284271240234,7392100.0,Materials
2019-06-13,XLRE,36.67168587796773,36.476700770255555,36.59856599769672,36.618064880371094,2511300.0,Real Estate
2019-06-13,XLC,47.7196271945468,47.21313541182398,47.32237970319746,47.699764251708984,6500400.0,Communication Services
2019-06-13,XLI,74.66314018585663,74.17037924287516,74.36748061249364,74.61386108398438,6987000.0,Industrials
2019-06-13,XLV,90.00152697120363,89.38339332487848,90.00152697120363,89.73661041259766,9031800.0,Health Care
2019-06-13,SPY,285.84457597205807,284.5039554302922,285.2728305660937,285.45025634765625,48945200.0,
2019-06-14,XLK,75.59826178426732,75.02397061025651,75.32101985316584,75.35072326660156,8441700.0,Information Technology
2019-06-14,XLY,117.54330887178445,116.79090288074278,117.02850198991507,117.30570220947266,2547200.0,Consumer Discretionary
2019-06-14,XLP,57.98105130319135,57.707049217330706,57.765761816873166,57.82447814941406,9726100.0,Consumer Staples
2019-06-14,XLE,58.13730409011202,57.46688939330705,58.1278632023055,57.608524322509766,7916300.0,Energy
2019-06-14,XLF,26.916509815030253,26.591502635733168,26.79832453233525,26.827871322631836,29724100.0,Financials
2019-06-14,XLU,59.508953538247866,58.83493683679611,58.8544740388246,59.40150451660156,14242700.0,Utilities
2019-06-14,XLB,57.111263676848246,56.72763337524013,57.05224276451715,56.92436599731445,3937700.0,Materials
2019-06-14,XLRE,36.89689127812107,36.618064326256786,36.618064326256786,36.774051666259766,1945900.0,Real Estate
2019-06-14,XLC,47.928175585538916,47.61037612233399,47.779209218175104,47.78913879394531,2734900.0,Communication Services
2019-06-14,XLI,74.61385117287048,74.00282497792062,74.52515782400408,74.31819915771484,5966600.0,Industrials
2019-06-14,XLV,90.04077697306974,89.46189792089368,89.77586786975598,89.53057861328125,5056300.0,Health Care
2019-06-14,SPY,285.7952854255026,284.29697305706895,285.1348571777344,285.1348571777344,52324700.0,
2019-06-17,XLK,75.78638916774449,75.24180143812103,75.40022970647536,75.4101333618164,9351100.0,Information Technology
2019-06-17,XLY,117.75121291434097,117.21660923624265,117.52350841041141,117.35520935058594,2682400.0,Consumer Discretionary
2019-06-17,XLP,57.90276499677854,57.39390502797106,57.84405239506922,57.658119201660156,8796600.0,Consumer Staples
2019-06-17,XLE,58.250612010105904,57.306364752741146,57.4857740369316,58.090091705322266,8795200.0,Energy
2019-06-17,XLF,26.896811842856874,26.552106804797127,26.81802228088533,26.581653594970703,40981600.0,Financials
2019-06-17,XLU,59.57733474155006,58.864239920077985,59.40150365219259,59.23543930053711,11462100.0,Utilities
2019-06-17,XLB,56.87518645931214,56.324335842025675,56.83583918257107,56.40303039550781,7507000.0,Materials
2019-06-17,XLRE,37.21763678312947,36.87154001076065,36.87154001076065,37.17376708984375,4130200.0,Real Estate
2019-06-17,XLC,48.45453530922843,47.92817685620986,47.967902737280795,48.335357666015625,4248700.0,Communication Services
2019-06-17,XLI,74.47588330036955,74.00282952057417,74.35761797568702,74.06196594238281,7708800.0,Industrials
2019-06-17,XLV,89.99172835737942,89.49133615181351,89.61888387707624,89.932861328125,4861500.0,Health Care
2019-06-17,SPY,286.0811396818302,285.0559628209707,285.3911104311364,285.2432556152344,39205700.0,
2019-06-18,XLK,77.15279846696103,75.97452033470536,76.21215518135621,76.77654266357422,16181200.0,Information Technology
2019-06-18,XLY,119.01841861762544,117.870009034752,118.18681037603783,118.2462158203125,4398800.0,Consumer Discretionary
2019-06-18,XLP,58.02019546110857,57.26668599282163,57.98105123945766,57.344970703125,18120600.0,Consumer Staples
2019-06-18,XLE,59.24207810990584,58.36392781906246,58.467791997985934,58.892704010009766,17222100.0,Energy
2019-06-18,XLF,27.044541288282577,26.522561159101194,26.522561159101194,26.936206817626953,46237400.0,Financials
2019-06-18,XLU,59.59686836116073,58.59072669011193,59.49918607854365,58.99123001098633,23145300.0,Utilities
2019-06-18,XLB,57.239137922364776,56.64894379581495,56.70796470941503,56.84567642211914,6887800.0,Materials
2019-06-18,XLRE,37.52473890738029,36.9202847589575,37.36875157982663,37.066524505615234,4654400.0,Real Estate
2019-06-18,XLC,49.229173580322616,48.53398577969202,48.99082585857247,48.6035041809082,3843500.0,Communication Services
2019-06-18,XLI,75.59937464857094,74.44631597345824,74.44631597345824,75.50082397460938,12506300.0,Industrials
2019-06-18,XLV,91.01212821438865,90.20757974907602,90.38418831393167,90.69815826416016,7979600.0,Health Care
2019-06-18,SPY,289.3833998654698,286.84017644842146,287.23449610670576,288.2300720214844,85434800.0,
2019-06-19,XLK,77.25182266709892,76.44980023119012,76.97458071662558,77.05379486083984,12371200.0,Information Technology
2019-06-19,XLY,118.69170908588296,117.56310389276359,118.36500559494331,118.4640121459961,3065300.0,Consumer Discretionary
2019-06-19,XLP,57.69726291976434,57.02204187502743,57.30583189080035,57.579833984375,13457200.0,Consumer Staples
2019-06-19,XLE,59.16653635874563,58.5150070109308,58.80772137202758,58.82660675048828,8827700.0,Energy
2019-06-19,XLF,27.172576226593378,26.85741797896712,26.985450312631038,26.886962890625,58118500.0,Financials
2019-06-19,XLU,59.694550712686485,58.707942577537516,58.72747977813195,59.44057083129883,21595900.0,Utilities
2019-06-19,XLB,56.865351021911806,56.23580585661656,56.845677383712314,56.530906677246094,7166400.0,Materials
2019-06-19,XLRE,37.43212218047882,36.861793831882046,37.03728004976282,37.31025695800781,4654300.0,Real Estate
2019-06-19,XLC,48.73261196891259,48.2658423081038,48.60350474153529,48.66309356689453,3319400.0,Communication Services
2019-06-19,XLI,75.64865484099016,75.08690772044292,75.62894019455156,75.44169616699219,11171700.0,Industrials
2019-06-19,XLV,91.71856176914152,90.65891038814883,90.71777741410375,91.51251220703125,6988100.0,Health Care
2019-06-19,SPY,289.46222810539956,287.3133244776081,288.3779092759382,288.8806457519531,78674400.0,
2019-06-20,XLK,78.44000595289991,77.52906602943689,78.18256378173828,78.18256378173828,13891900.0,Information Technology
2019-06-20,XLY,119.5827253974682,118.35512110147769,119.43422311133176,119.28572082519531,4188600.0,Consumer Discretionary
2019-06-20,XLP,58.15719604697473,57.69726077868619,57.82447763155293,58.08869552612305,13566200.0,Consumer Staples
2019-06-20,XLE,60.22409247996091,59.7047571781328,59.77085420189178,60.129669189453125,25954000.0,Energy
2019-06-20,XLF,27.11348428505786,26.709687549045544,27.03469472384793,27.00514793395996,50583800.0,Financials
2019-06-20,XLU,59.95830133416806,59.13775748612022,59.75316257740092,59.8215446472168,19137800.0,Utilities
2019-06-20,XLB,57.40636301457276,56.757147962587624,57.24897766113281,57.24897766113281,6743800.0,Materials
2019-06-20,XLRE,37.65147442412381,37.45648934336548,37.48573952284944,37.53448486328125,4478800.0,Real Estate
2019-06-20,XLC,49.292732325044,48.62336673265107,49.268899068447546,48.97096252441406,3340000.0,Communication Services
2019-06-20,XLI,76.80171382273402,75.84575647808614,76.32866005257104,76.70316314697266,14503200.0,Industrials
2019-06-20,XLV,92.5525485166171,91.38496920404162,92.26801206709726,91.914794921875,9241200.0,Health Care
2019-06-20,SPY,292.08431112115875,288.9496684235487,291.8181724295237,291.6407165527344,116570000.0,
2019-06-21,XLK,78.48861127014666,77.78311888313023,77.89242126797461,77.81292724609375,20715200.0,Information Technology
2019-06-21,XLY,119.46851069486699,118.72344682134693,119.15061707866569,118.7333755493164,5221200.0,Consumer Discretionary
2019-06-21,XLP,58.186313127251324,57.81162002771255,58.01868786084454,57.90036392211914,15416200.0,Consumer Staples
2019-06-21,XLE,60.783333433486256,60.221142251704535,60.221142251704535,60.56417465209961,16356300.0,Energy
2019-06-21,XLF,27.202134409590226,26.905168627012507,27.023954184818635,26.94476318359375,65322300.0,Financials
2019-06-21,XLU,60.16123951068218,59.34399383633704,59.76738748601616,60.05293273925781,15058200.0,Utilities
2019-06-21,XLB,57.314283902379785,57.007528228278034,57.21533118972838,57.066898345947266,5826000.0,Materials
2019-06-21,XLRE,37.507950922294434,36.92818789511307,37.507950922294434,37.114891052246094,9512500.0,Real Estate
2019-06-21,XLC,49.2576628399723,48.83955191857557,48.88932648575766,49.17802429199219,10006600.0,Communication Services
2019-06-21,XLI,77.0169278865648,76.26467953848984,76.70018975273514,76.29437255859375,11526800.0,Industrials
2019-06-21,XLV,92.5335861417859,91.3019071068941,91.82413781487666,92.3562240600586,9026100.0,Health Care
2019-06-21,SPY,292.72239664318613,290.979078550728,291.34557104354,291.216796875,83309500.0,
2019-06-24,XLK,78.22032687316816,77.84273406719682,77.9520364498762,77.96197509765625,8215900.0,Information Technology
2019-06-24,XLY,118.93205537649393,118.05784230944509,118.78304109650324,118.09757995605469,2890200.0,Consumer Discretionary
2019-06-24,XLP,58.275056478884224,57.94966471005754,57.98910727641537,58.04826736450195,17796300.0,Consumer Staples
2019-06-24,XLE,60.71663374060782,59.92575307182642,60.545117538580435,60.02104187011719,10396600.0,Energy
2019-06-24,XLF,27.08334857717005,26.806179131662137,26.895269243144597,26.83587646484375,48377800.0,Financials
2019-06-24,XLU,60.24985511239518,59.84615463916292,60.16123775212044,60.0726203918457,9887200.0,Utilities
2019-06-24,XLB,57.40334713790125,56.839308329123234,57.08669390401901,57.284603118896484,4601700.0,Materials
2019-06-24,XLRE,37.33107685085923,36.86922765594301,37.203330611057034,36.92818832397461,5083600.0,Real Estate
2019-06-24,XLC,49.39703448863022,49.098383279870916,49.26762136995342,49.2974853515625,5236900.0,Communication Services
2019-06-24,XLI,76.60121516413092,76.11621151910447,76.32407022411581,76.14590454101562,8388300.0,Industrials
2019-06-24,XLV,92.29710336826506,91.7058989029156,92.2379851770019,91.87340545654297,6493600.0,Health Care
2019-06-24,SPY,291.7912724222201,290.69179502095074,291.4446099665466,290.8601989746094,47582700.0,
2019-06-25,XLK,77.99178306756635,76.44168758422913,77.92222769539012,76.53111267089844,13122700.0,Information Technology
2019-06-25,XLY,118.50488954230634,116.78627226384383,118.33601022234117,116.965087890625,3197100.0,Consumer Discretionary
2019-06-25,XLP,58.13701214132525,57.85105917306191,58.05813076886135,58.0186882019043,11861700.0,Consumer Staples
2019-06-25,XLE,60.04009628373606,59.47790509325177,59.98292663938254,59.54460906982422,11887300.0,Energy
2019-06-25,XLF,26.87547078408142,26.618099562963643,26.835876228250726,26.74678611755371,47748500.0,Financials
2019-06-25,XLU,60.12185812716676,59.57046077441878,60.12185812716676,59.708309173583984,12145400.0,Utilities
2019-06-25,XLB,57.541883317529695,57.12627360984746,57.353867874252735,57.31428527832031,5715900.0,Materials
2019-06-25,XLRE,37.10506329311443,36.41720756684176,36.9674921478599,36.427032470703125,3829000.0,Real Estate
2019-06-25,XLC,49.277575945052035,48.287047956543,49.277575945052035,48.38161849975586,2431900.0,Communication Services
2019-06-25,XLI,76.17559878471108,75.51242944594784,76.14590576232368,75.57181549072266,9267600.0,Industrials
2019-06-25,XLV,92.36607704195463,91.41029285671854,91.94237913048623,91.49897766113281,14930600.0,Health Care
2019-06-25,SPY,290.94936196607796,287.88861764523756,290.9196471757272,288.0074768066406,82028700.0,
2019-06-26,XLK,77.90235447639357,77.25647886040267,77.27634857400187,77.35584259033203,9069200.0,Information Technology
2019-06-26,XLY,117.80949829792249,117.21344870353407,117.39226433976877,117.34259796142578,2438100.0,Consumer Discretionary
2019-06-26,XLP,57.7524540036147,57.170689331393454,57.7524540036147,57.19041061401367,11672600.0,Consumer Staples
2019-06-26,XLE,60.916737376749,59.99245598562386,60.14491443453043,60.4593620300293,14326800.0,Energy
2019-06-26,XLF,26.934865342760155,26.687393216253078,26.80618066772397,26.69729232788086,31448000.0,Financials
2019-06-26,XLU,59.68861404598262,58.388895245035286,59.56061411158767,58.40858840942383,16888500.0,Utilities
2019-06-26,XLB,57.46271759132106,57.13617061492538,57.28459968608557,57.21533203125,4184800.0,Materials
2019-06-26,XLRE,36.42703362227489,35.59177807194872,36.42703362227489,35.719520568847656,7944600.0,Real Estate
2019-06-26,XLC,48.740002235849644,48.10287861931142,48.53094676121484,48.192474365234375,2380900.0,Communication Services
2019-06-26,XLI,75.97763896186075,75.57181419185225,75.77967289662493,75.75988006591797,7262700.0,Industrials
2019-06-26,XLV,91.63692769973552,90.15891273683657,91.62707216172913,90.34613037109375,10498400.0,Health Care
2019-06-26,SPY,289.54276181531895,287.6013251768954,288.9880656329122,287.7201843261719,51584900.0,
2019-06-27,XLK,77.82286352795866,77.38565400187396,77.61419741259104,77.55458068847656,6837500.0,Information Technology
2019-06-27,XLY,118.20686231544089,117.55121006257522,117.74989072606627,118.07772064208984,1954500.0,Consumer Discretionary
2019-06-27,XLP,57.34817904354919,56.973482184054916,57.269297671863654,57.29887771606445,11524900.0,Consumer Staples
2019-06-27,XLE,60.640404302077144,59.88763913274904,60.45936103289153,60.011512756347656,10608700.0,Energy
2019-06-27,XLF,27.014058846350245,26.79628216174187,26.79628216174187,26.934865951538086,59459800.0,Financials
2019-06-27,XLU,58.76305870118867,58.26089239227792,58.59566867952272,58.487361907958984,14135500.0,Utilities
2019-06-27,XLB,57.502299688737196,57.2648078922126,57.30439048743404,57.403343200683594,3439000.0,Materials
2019-06-27,XLRE,36.151891523903,35.91605258860619,35.935706145591986,36.014320373535156,4578500.0,Real Estate
2019-06-27,XLC,48.62054056656571,48.30197877101123,48.52099142953849,48.53094482421875,1984700.0,Communication Services
2019-06-27,XLI,76.08651469407816,75.51242446038037,75.81926240696963,75.82916259765625,7573800.0,Industrials
2019-06-27,XLV,91.15410004988372,90.48406638411139,90.66142845792089,90.97673797607422,7416200.0,Health Care
2019-06-27,SPY,289.2951442105552,288.13623721354463,288.5522442585876,288.7404479980469,40355200.0,
2019-06-28,XLK,77.88247778798494,77.30616511752248,77.7930527046425,77.54463958740234,17783400.0,Information Technology
2019-06-28,XLY,118.66383619112244,118.21680090006376,118.2565385493639,118.41548156738281,6663700.0,Consumer Discretionary
2019-06-28,XLP,57.64398935732539,57.14110981098407,57.57496674824815,57.25943374633789,12409300.0,Consumer Staples
2019-06-28,XLE,60.7642808271584,60.15444701247049,60.15444701247049,60.70710754394531,17369600.0,Energy
2019-06-28,XLF,27.41991207871829,26.96456238902664,27.251630958972186,27.3209228515625,76728100.0,Financials
2019-06-28,XLU,59.03875303918275,58.38889365639046,58.50704888341989,58.71382522583008,16133200.0,Utilities
2019-06-28,XLB,57.96738693278689,57.433033210765686,57.492403330009736,57.888221740722656,5008500.0,Materials
2019-06-28,XLRE,36.337611082247726,36.01431889218107,36.073275812180704,36.13223648071289,5010600.0,Real Estate
2019-06-28,XLC,49.03865389555696,48.50108321276149,48.660364118322434,48.998836517333984,6084800.0,Communication Services
2019-06-28,XLI,76.68039855368127,75.93804282876756,75.93804282876756,76.63090515136719,11152300.0,Industrials
2019-06-28,XLV,91.36103294336611,90.49392601896496,91.01616428823968,91.2822036743164,9390600.0,Health Care
2019-06-28,SPY,290.7710079736817,289.24560861449703,289.8101895631612,290.2262268066406,59350900.0,
2019-07-01,XLK,79.42263951563261,78.44885679269164,79.32327578822226,78.77676391601562,14290700.0,Information Technology
2019-07-01,XLY,120.46192717607464,118.95192684001326,119.91554397963502,119.45857238769531,4144700.0,Consumer Discretionary
2019-07-01,XLP,57.74259839383334,57.26929886947203,57.555248079443274,57.604549407958984,12665200.0,Consumer Staples
2019-07-01,XLE,61.65996746629593,60.61181615912713,61.4598664479103,60.76427459716797,14913900.0,Energy
2019-07-01,XLF,27.76637238826852,27.49910392128006,27.637687710686116,27.647586822509766,49145200.0,Financials
2019-07-01,XLU,58.81229051934617,58.034427406829494,58.75321102454296,58.566131591796875,17961500.0,Utilities
2019-07-01,XLB,58.34341274395897,57.84864159699568,58.31372768307855,58.333518981933594,5970100.0,Materials
2019-07-01,XLRE,36.35824569664218,35.6556470149955,36.30911368189375,36.06344985961914,6775000.0,Real Estate
2019-07-01,XLC,49.6658247496729,49.20789261509827,49.546365018383085,49.397037506103516,2862200.0,Communication Services
2019-07-01,XLI,77.64051714320395,76.37356451604775,77.25449275060583,76.7001953125,10319400.0,Industrials
2019-07-01,XLV,92.04091224967053,91.36102303361548,92.0014976194209,91.7354507446289,7833400.0,Health Care
2019-07-01,SPY,294.10916563634424,291.5436577453679,293.8714170848828,292.861083984375,79107500.0,
2019-07-02,XLK,79.03512114346788,78.55816460552657,78.73702235963368,78.98543548583984,7784200.0,Information Technology
2019-07-02,XLY,119.77646822420388,118.84265240900318,119.30956031660354,119.71686553955078,9008500.0,Consumer Discretionary
2019-07-02,XLP,58.10742950439453,57.58482868060489,57.62426748435219,58.10742950439453,11913500.0,Consumer Staples
2019-07-02,XLE,60.70710527153076,59.525553208525366,60.5832352815502,59.792354583740234,12095400.0,Energy
2019-07-02,XLF,27.697080319038573,27.429809965671733,27.607990201249628,27.57829475402832,56626800.0,Financials
2019-07-02,XLU,59.462151493768715,58.772905727377896,58.78275418814638,59.36368942260742,21359500.0,Utilities
2019-07-02,XLB,58.333517113657685,57.89811610240004,58.333517113657685,58.27414321899414,6320100.0,Materials
2019-07-02,XLRE,36.74148383993402,36.132238557546366,36.16171701924057,36.731658935546875,5959000.0,Real Estate
2019-07-02,XLC,49.88483300544775,49.416943719445854,49.416943719445854,49.8549690246582,2336600.0,Communication Services
2019-07-02,XLI,76.88825666549698,76.42304587316244,76.77937722254069,76.60121154785156,9237200.0,Industrials
2019-07-02,XLV,92.22811889648438,91.29204589517977,91.81427657070161,92.22811889648438,7952500.0,Health Care
2019-07-02,SPY,293.6832088766684,291.8903460193202,292.8115347347953,293.623779296875,61504500.0,
2019-07-03,XLK,79.59156036376953,79.02517876598974,79.18416679812205,79.59156036376953,5341800.0,Information Technology
2019-07-03,XLY,120.75994873046875,119.84600554237014,120.07449512898557,120.75994873046875,1809600.0,Consumer Discretionary
2019-07-03,XLP,58.886407657165115,58.137013908009116,58.18631523747851,58.82724380493164,11995800.0,Consumer Staples
2019-07-03,XLE,60.07821356721217,59.51602236022119,59.87811253630761,60.03057098388672,6987300.0,Energy
2019-07-03,XLF,27.805969210834203,27.588194411962366,27.667385419557814,27.796070098876953,23706800.0,Financials
2019-07-03,XLU,60.14155104129562,59.49168786607856,59.54092265650687,59.7772331237793,15786600.0,Utilities
2019-07-03,XLB,58.571006774902344,58.125715764331424,58.2345622453749,58.571006774902344,2475800.0,Materials
2019-07-03,XLRE,37.27211960776453,36.79848123454534,36.839752581400134,37.262290954589844,3519500.0,Real Estate
2019-07-03,XLC,50.2332635957081,49.884837794526696,49.98438693841955,50.11380386352539,1260700.0,Communication Services
2019-07-03,XLI,77.05652560240634,76.57152195854329,76.84866689789361,77.0268325805664,8091400.0,Industrials
2019-07-03,XLV,93.03610675527621,92.42519875878169,92.43504677851254,93.01640319824219,4066000.0,Health Care
2019-07-03,SPY,295.9911740068992,294.20819589327306,294.3666848519517,295.9713439941406,40898900.0,
2019-07-05,XLK,79.58162325252448,78.65753372654436,78.94568627365423,79.44251251220703,5923900.0,Information Technology
2019-07-05,XLY,121.00830160159063,119.8559401156963,120.18377003033146,120.8990249633789,3377500.0,Consumer Discretionary
2019-07-05,XLP,58.610308249012064,58.048264867663825,58.4821255560379,58.57086944580078,11008200.0,Consumer Staples
2019-07-05,XLE,60.17350247414357,59.67801160991967,59.81141229742301,60.116329193115234,7363200.0,Energy
2019-07-05,XLF,27.98414773621302,27.746574727975464,27.8851585107651,27.875259399414062,40683100.0,Financials
2019-07-05,XLU,59.83630946773677,58.831980644497754,59.40307112982634,59.7476921081543,15946400.0,Utilities
2019-07-05,XLB,58.303829193115234,57.72989663491852,58.006967264751125,58.303829193115234,3810100.0,Materials
2019-07-05,XLRE,37.18269904428145,36.48599671291259,36.98714932664172,37.05593490600586,5079200.0,Real Estate
2019-07-05,XLC,50.2531720958172,49.635959074704566,49.964474273945264,50.18348693847656,3006100.0,Communication Services
2019-07-05,XLI,76.7199935913086,75.67079234001355,76.67050018781644,76.7199935913086,6389000.0,Industrials
2019-07-05,XLV,92.84889885948971,92.16900960328057,92.6222666015625,92.37593078613281,5934300.0,Health Care
2019-07-05,SPY,295.8128709647705,293.2077636218982,294.62421894647827,295.6345520019531,51677300.0,
2019-07-08,XLK,78.93575895147497,78.46874105212778,78.82645656733129,78.83638763427734,7459900.0,Information Technology
2019-07-08,XLY,121.14737499553326,120.40231117002769,120.5215241106138,121.04803466796875,5074600.0,Consumer Discretionary
2019-07-08,XLP,58.75821874774866,58.482128305041826,58.57087219897619,58.64975357055664,9257100.0,Consumer Staples
2019-07-08,XLE,60.535585285854935,59.84952413026956,60.02104032788988,60.202083587646484,8628200.0,Energy
2019-07-08,XLF,27.84556170979731,27.65748426071652,27.726776151226538,27.736675262451172,26286700.0,Financials
2019-07-08,XLU,60.02339076926664,59.46214872637574,59.787080307042615,59.83631134033203,9418200.0,Utilities
2019-07-08,XLB,58.19498208861741,57.531986806744726,58.06634053694584,57.630943298339844,9791800.0,Materials
2019-07-08,XLRE,37.272118562557544,36.967494047743564,37.02645471953965,37.193504333496094,3435900.0,Real Estate
2019-07-08,XLC,49.9893593728488,49.61604443293334,49.984380777000936,49.735504150390625,1152800.0,Communication Services
2019-07-08,XLI,76.48243435559135,75.88855127154777,76.25478282333066,76.08651733398438,6039900.0,Industrials
2019-07-08,XLV,92.05076757653485,91.26249746168128,92.02120848089407,91.68619537353516,15202000.0,Health Care
2019-07-08,SPY,295.4364716884473,293.41577529270984,294.1983050636263,294.0101013183594,45841800.0,
2019-07-09,XLK,79.1742254842068,78.30974514577875,78.42898616586184,79.11460876464844,9249800.0,Information Technology
2019-07-09,XLY,121.33613570776234,120.45199384382059,120.58113552108586,121.17719268798828,1933300.0,Consumer Discretionary
2019-07-09,XLP,58.63002966450515,58.08770756425581,58.531427014078,58.30463790893555,12499500.0,Consumer Staples
2019-07-09,XLE,60.28784085961105,59.70659193508022,60.10679760233745,60.249725341796875,7488100.0,Energy
2019-07-09,XLF,27.835664608463816,27.528797823344362,27.548596045880277,27.786169052124023,25895800.0,Financials
2019-07-09,XLU,59.93477418896006,59.412918468326176,59.737846297145744,59.91508102416992,17482700.0,Utilities
2019-07-09,XLB,57.50229934114307,56.93826057446125,57.423134151178736,57.066898345947266,5194100.0,Materials
2019-07-09,XLRE,37.434255160023376,37.06575941950139,37.11489143519782,37.39003372192383,3166600.0,Real Estate
2019-07-09,XLC,50.123751705959975,49.48662814149369,49.55631329400994,50.04411315917969,1714900.0,Communication Services
2019-07-09,XLI,76.0073300231696,75.50252600938097,75.6213056454586,75.91824340820312,10137500.0,Industrials
2019-07-09,XLV,91.87340464993626,91.34131838052144,91.35117391816965,91.77487182617188,5537300.0,Health Care
2019-07-09,SPY,294.70344959474835,292.6827834749736,292.74221305328007,294.3765869140625,41101300.0,
2019-07-10,XLK,80.21757239661966,79.4922027112539,79.55181943737783,79.74061584472656,10108600.0,Information Technology
2019-07-10,XLY,121.79310395939173,120.96856480315783,121.70369993432568,121.61428833007812,2385000.0,Consumer Discretionary
2019-07-10,XLP,58.82724047463955,58.462406143479406,58.51170747015779,58.6793327331543,16804800.0,Consumer Staples
2019-07-10,XLE,61.231180941386,60.23066857422345,60.630874248067656,61.021549224853516,11767400.0,Energy
2019-07-10,XLF,27.944552716851906,27.647586913416056,27.79606981513398,27.68718147277832,36566700.0,Financials
2019-07-10,XLU,60.377860565705106,59.77723219029579,59.984004784951985,60.05293273925781,11486000.0,Utilities
2019-07-10,XLB,57.53198451480101,56.87888679550786,57.40334296825423,56.94815444946289,7314100.0,Materials
2019-07-10,XLRE,37.64552935354854,37.31142637089028,37.527608007763625,37.59639358520508,8591200.0,Real Estate
2019-07-10,XLC,50.66631017505865,50.17353545861063,50.3726337457226,50.61155700683594,2294400.0,Communication Services
2019-07-10,XLI,76.47254492137475,75.67079555026086,76.1360063769438,75.74008178710938,10124800.0,Industrials
2019-07-10,XLV,92.33651525639561,91.70589617642864,91.98179108421763,92.09017944335938,5347300.0,Health Care
2019-07-10,SPY,296.82318959489356,294.9609822967864,295.5453932716307,295.7831115722656,58448500.0,
2019-07-11,XLK,80.34674139555847,79.77042112871524,79.93934023352439,80.03871154785156,11352200.0,Information Technology
2019-07-11,XLY,122.25007297300817,121.5944207321338,122.02159097209034,121.86264038085938,1976200.0,Consumer Discretionary
2019-07-11,XLP,58.87654513440104,58.511710782587116,58.79766375954007,58.82724380493164,12575300.0,Consumer Staples
2019-07-11,XLE,61.21212423409191,60.764279580249585,61.2026008060962,61.145423889160156,12681300.0,Energy
2019-07-11,XLF,27.88515842648564,27.67728086486704,27.726776421472625,27.845561981201172,40907500.0,Financials
2019-07-11,XLU,60.29908990061547,59.56061315035497,59.984003031570964,60.0726203918457,19998000.0,Utilities
2019-07-11,XLB,57.20543891824126,56.67108519647737,56.89867946134626,57.19554138183594,11091500.0,Materials
2019-07-11,XLRE,37.54725803385901,36.952752028441566,37.537433130234106,37.114891052246094,5157600.0,Real Estate
2019-07-11,XLC,50.84052053173945,50.432362987487934,50.721060805937014,50.64141845703125,5463100.0,Communication Services
2019-07-11,XLI,76.26467619112093,75.60149938083272,75.72027900766771,76.25477600097656,7393900.0,Industrials
2019-07-11,XLV,92.77006431298416,91.48911513864455,92.73064968265057,92.1098861694336,13691700.0,Health Care
2019-07-11,SPY,296.74393455715705,295.3770240788802,296.4864164704139,296.47650146484375,50826100.0,
2019-07-12,XLK,80.67464750955722,80.14801290659452,80.28712364771799,80.62496185302734,7753400.0,Information Technology
2019-07-12,XLY,123.29316804092113,122.20040922980516,122.20040922980516,123.26336669921875,2487600.0,Consumer Discretionary
2019-07-12,XLP,59.132918274456166,58.80752272820027,58.80752272820027,58.994873046875,8732000.0,Consumer Staples
2019-07-12,XLE,61.61233023808059,61.1835360983387,61.1835360983387,61.4026985168457,8081400.0,Energy
2019-07-12,XLF,28.033641815185547,27.815867026462872,27.88515891887179,28.033641815185547,31109900.0,Financials
2019-07-12,XLU,60.12185880071344,59.46215091092002,60.05293460035868,59.67877197265625,11245300.0,Utilities
2019-07-12,XLB,57.7793700023408,57.32418148409609,57.3538665429543,57.759578704833984,4405000.0,Materials
2019-07-12,XLRE,37.1836803513476,36.844663040044225,37.13454833123202,36.96749496459961,3620400.0,Real Estate
2019-07-12,XLC,51.01971520575951,50.5518258706057,50.63146822448569,51.009761810302734,2621800.0,Communication Services
2019-07-12,XLI,77.6108190580592,76.51213199644948,76.51213199644948,77.59101867675781,12152800.0,Industrials
2019-07-12,XLV,91.82413619205417,90.4545097308659,91.8044251180038,91.08512878417969,11508200.0,Health Care
2019-07-12,SPY,297.8830620748126,296.6746103537285,297.01138801649955,297.8038024902344,40326000.0,
2019-07-15,XLK,80.99262087919111,80.66471372066373,80.84357148159073,80.89325714111328,6286000.0,Information Technology
2019-07-15,XLY,123.72033113454741,123.03486999831111,123.53157920910702,123.66072845458984,1996600.0,Consumer Discretionary
2019-07-15,XLP,59.231518151481,58.93570642606637,59.09347293038418,59.13291549682617,7212600.0,Consumer Staples
2019-07-15,XLE,61.54562488181158,60.71663593356451,61.50751663091086,60.85003662109375,9538900.0,Energy
2019-07-15,XLF,28.063338738958873,27.796068396668208,28.0435405162568,27.875259399414062,28346100.0,Financials
2019-07-15,XLU,60.00369838768201,59.46214950225798,59.68861526321395,59.91508102416992,9345300.0,Utilities
2019-07-15,XLB,57.83874641509776,57.54188448916825,57.72989616146929,57.799163818359375,4538300.0,Materials
2019-07-15,XLRE,37.26229212299087,36.918364221750046,37.04611047729649,37.01662826538086,2650100.0,Real Estate
2019-07-15,XLC,51.07944611988326,50.74097371664716,51.03962494360692,51.01971435546875,4075900.0,Communication Services
2019-07-15,XLI,77.59102251458641,77.16540491514836,77.59102251458641,77.27428436279297,4452300.0,Industrials
2019-07-15,XLV,91.49898040541669,90.82894665363982,91.13440067424139,91.2822036743164,5811100.0,Health Care
2019-07-15,SPY,298.2792700047629,297.34816637019,298.2792700047629,297.9028625488281,33900000.0,
2019-07-16,XLK,80.80381445449804,79.99895842057246,80.79387580763198,80.13806915283203,8005700.0,Information Technology
2019-07-16,XLY,123.77994124038435,123.1143526769909,123.4819202435364,123.50178527832031,2051700.0,Consumer Discretionary
2019-07-16,XLP,59.3892853602481,58.94556588613787,59.14277495923689,59.15263748168945,13579000.0,Consumer Staples
2019-07-16,XLE,60.83097510062235,59.96386705038447,60.726159242643725,60.202083587646484,10587100.0,Energy
2019-07-16,XLF,27.974248446703633,27.74657455126709,27.924752890263672,27.805967330932617,47287700.0,Financials
2019-07-16,XLU,59.97415792904573,59.255374347632326,59.76738534180769,59.570457458496094,14374600.0,Utilities
2019-07-16,XLB,58.442367028973095,57.779371754206856,57.83874564852752,57.93769836425781,4526000.0,Materials
2019-07-16,XLRE,37.091307242868375,36.839750712060656,36.97732186126259,36.95766830444336,3533000.0,Real Estate
2019-07-16,XLC,51.119262164590246,50.81065755039297,51.04957700670336,50.90025329589844,2540800.0,Communication Services
2019-07-16,XLI,77.97703898088798,77.26437632383029,77.26437632383029,77.76918029785156,8115300.0,Industrials
2019-07-16,XLV,91.34132420137963,90.76983078009786,91.21323227408034,90.82894897460938,9092300.0,Health Care
2019-07-16,SPY,298.0316397055425,296.6052694521937,297.80380618289826,296.9420471191406,36650100.0,
2019-07-17,XLK,80.46597844316142,79.91946656526795,80.28712069957506,79.92940521240234,6708000.0,Information Technology
2019-07-17,XLY,123.53158231316814,122.31961059570312,123.35276668962115,122.31961059570312,2299600.0,Consumer Discretionary
2019-07-17,XLP,59.24138080077406,58.94556531327532,59.15263690681447,59.08361053466797,9049900.0,Consumer Staples
2019-07-17,XLE,60.345017936143115,59.477906208301384,60.154443969967964,59.516021728515625,13664700.0,Energy
2019-07-17,XLF,27.79606759761699,27.528797263009523,27.706977486081165,27.56839370727539,35062600.0,Financials
2019-07-17,XLU,60.141553170525114,59.570462634904956,59.77723524011062,59.79692840576172,13354700.0,Utilities
2019-07-17,XLB,58.02675906339339,57.413243902846006,57.94759764338934,57.42313766479492,7167400.0,Materials
2019-07-17,XLRE,37.173854057551736,36.57934426621158,37.055932715441635,36.77096176147461,3227300.0,Real Estate
2019-07-17,XLC,50.9898474961029,50.42240905761719,50.92016234032789,50.42240905761719,4760700.0,Communication Services
2019-07-17,XLI,77.3930609216454,76.07661496279215,77.32377468968645,76.10630798339844,11235100.0,Industrials
2019-07-17,XLV,91.32161615686911,90.83880005106955,91.0161621434655,90.84864807128906,9566700.0,Health Care
2019-07-17,SPY,297.09062640768656,294.9213562011719,296.91233767997517,294.9213562011719,36036300.0,
2019-07-18,XLK,80.64483764351941,79.69092460651628,79.75054890943315,80.52559661865234,8022000.0,Information Technology
2019-07-18,XLY,122.39909336839652,121.34607217605289,122.07126344200141,122.16067504882812,2323100.0,Consumer Discretionary
2019-07-18,XLP,59.65551512769054,58.945563991928374,59.15263558082573,59.47802734375,9445300.0,Consumer Staples
2019-07-18,XLE,59.52555465698242,58.88713239160258,59.230164816595185,59.52555465698242,12755600.0,Energy
2019-07-18,XLF,27.82576737975679,27.499104238063342,27.52879968581385,27.77627182006836,46385400.0,Financials
2019-07-18,XLU,60.328627451726334,59.471995477629044,59.80677175289845,60.31877899169922,14733200.0,Utilities
2019-07-18,XLB,57.720000914522636,57.1559583625242,57.22522979243609,57.6705207824707,3772800.0,Materials
2019-07-18,XLRE,36.86923161140386,36.48599659941497,36.6825284320724,36.761138916015625,4028800.0,Real Estate
2019-07-18,XLC,50.09389025979347,49.62102615843222,49.954519947710416,50.014251708984375,1813800.0,Communication Services
2019-07-18,XLI,76.35376011990813,75.7796698810197,76.15580161418319,76.24488067626953,6647900.0,Industrials
2019-07-18,XLV,91.5088335748626,90.39539085168065,90.83879984042863,91.36103057861328,6561600.0,Health Care
2019-07-18,SPY,296.4170748629936,293.891227168664,294.37657878766106,296.00103759765625,51392600.0,
2019-07-19,XLK,81.36025955409177,80.0784469889608,81.33045119366467,80.17781829833984,11679700.0,Information Technology
2019-07-19,XLY,122.70704494143921,121.28645623934806,122.53816562210912,121.35600280761719,2064100.0,Consumer Discretionary
2019-07-19,XLP,59.71467716944355,59.06388990183496,59.625933280158286,59.103328704833984,7460400.0,Consumer Staples
2019-07-19,XLE,60.00198454321835,59.30639266771081,59.582721097507054,59.8018798828125,9965300.0,Energy
2019-07-19,XLF,27.895057057998585,27.637685832263735,27.845561502244344,27.65748405456543,29338500.0,Financials
2019-07-19,XLU,60.34832207572293,59.41291742312603,60.180932055995015,59.44245529174805,15308300.0,Utilities
2019-07-19,XLB,58.09602574428889,57.62104590784082,57.62104590784082,57.799163818359375,3811200.0,Materials
2019-07-19,XLRE,36.83975105794673,36.12240934717413,36.800443943939214,36.16171646118164,4515800.0,Real Estate
2019-07-19,XLC,50.22330852127015,49.32735106596254,50.22330852127015,49.36717224121094,1979600.0,Communication Services
2019-07-19,XLI,77.12580955429324,76.61111290382547,76.73978517853416,76.66059875488281,7601700.0,Industrials
2019-07-19,XLV,91.60736454614924,90.33627083224205,91.56794991344213,90.41510009765625,8105900.0,Health Care
2019-07-19,SPY,297.2293214027166,294.16857726891266,297.1996066141817,294.3567810058594,58678600.0,
2019-07-22,XLK,81.30064855234751,80.47591514467126,80.4858537925016,81.10192108154297,6924700.0,Information Technology
2019-07-22,XLY,121.76330338561337,120.95863683821823,121.56462272031482,121.42554473876953,2017000.0,Consumer Discretionary
2019-07-22,XLP,59.211798918041744,58.69905682089631,59.211798918041744,58.75822067260742,7135100.0,Consumer Staples
2019-07-22,XLE,60.27831376617995,59.601779641565926,60.030570155369205,60.07821273803711,7843100.0,Energy
2019-07-22,XLF,27.76637065160269,27.54859586929082,27.598089537250935,27.716876983642578,26683300.0,Financials
2019-07-22,XLU,59.64922939577119,58.96982839433402,59.59014990466324,59.314453125,13176500.0,Utilities
2019-07-22,XLB,58.006965948934486,57.56167117908718,57.92780453140838,57.65073013305664,2914300.0,Materials
2019-07-22,XLRE,36.250156068488806,35.9700994374474,36.21084895396618,36.12240982055664,3031000.0,Real Estate
2019-07-22,XLC,49.57622696305466,49.232779775025726,49.51649899864418,49.55631637573242,2391500.0,Communication Services
2019-07-22,XLI,77.11591816434635,76.47254167711412,76.79917246460964,76.7199935913086,8448200.0,Industrials
2019-07-22,XLV,90.57275102414505,90.14905311991521,90.51363283392728,90.2278823852539,5192500.0,Health Care
2019-07-22,SPY,295.6741599496066,294.22798994286006,294.7925708925895,295.079833984375,43638100.0,
2019-07-23,XLK,81.62855102298788,80.94292840036901,81.5689267203906,81.54905700683594,5505400.0,Information Technology
2019-07-23,XLY,122.25007629394531,121.23679277445667,122.13087092646522,122.25007629394531,2429100.0,Consumer Discretionary
2019-07-23,XLP,59.399146997608625,58.994870096432265,59.29068182094787,59.18221664428711,10058100.0,Consumer Staples
2019-07-23,XLE,60.4021893707866,59.897171435124605,60.078214709160974,60.240203857421875,7268800.0,Energy
2019-07-23,XLF,28.043540862151364,27.776270516564136,27.786169628037268,28.00394630432129,45307600.0,Financials
2019-07-23,XLU,59.422765583725244,58.83198564039883,59.383383008634155,58.9402961730957,16790600.0,Utilities
2019-07-23,XLB,58.83818435668945,57.917909714068415,57.917909714068415,58.83818435668945,4201700.0,Materials
2019-07-23,XLRE,36.4859944242244,36.083105878135534,36.21084837549424,36.476165771484375,3084800.0,Real Estate
2019-07-23,XLC,49.7554177196878,49.27757502365005,49.71559654562894,49.74546432495117,2624700.0,Communication Services
2019-07-23,XLI,77.71968783113991,76.96743950778385,77.2841776312055,77.68999481201172,10284200.0,Industrials
2019-07-23,XLV,90.92747534884778,89.98154671595871,90.35597445056922,90.7895278930664,6688600.0,Health Care
2019-07-23,SPY,297.1896667480469,295.39680412283667,296.30810794280313,297.1896667480469,44564500.0,
2019-07-24,XLK,82.25454743483084,81.43975274059204,81.43975274059204,82.22473907470703,9257100.0,Information Technology
2019-07-24,XLY,122.87593362137582,121.71362824522761,121.733500859073,122.86599731445312,2116700.0,Consumer Discretionary
2019-07-24,XLP,59.14277541724222,58.71877722330344,59.09347408894823,58.78779983520508,7975900.0,Consumer Staples
2019-07-24,XLE,60.88815349364383,60.097272778738116,60.16397312398363,60.49747848510742,9907700.0,Energy
2019-07-24,XLF,28.291013717651367,27.924754135907563,27.94455235936669,28.291013717651367,36374200.0,Financials
2019-07-24,XLU,59.25537693196092,58.536593319198914,59.10768007401392,58.989524841308594,13560700.0,Utilities
2019-07-24,XLB,58.907449495669546,58.52152861846222,58.660063930813145,58.79859924316406,3764900.0,Materials
2019-07-24,XLRE,36.56460720629063,36.31894335177613,36.52530008992041,36.44668960571289,2663600.0,Real Estate
2019-07-24,XLC,50.233261508354694,49.3373078578795,49.37712523524826,50.18348693847656,1840700.0,Communication Services
2019-07-24,XLI,78.21460099112649,77.03673496534789,77.0565277965937,78.02654266357422,8692500.0,Industrials
2019-07-24,XLV,90.8486389127814,89.83373663210696,90.6515732822401,90.83879089355469,5430400.0,Health Care
2019-07-24,SPY,298.5863342285156,296.2585751315797,296.35763449864237,298.5863342285156,47213200.0,
2019-07-25,XLK,82.04588230500134,81.44969235256265,82.04588230500134,81.88690185546875,9923400.0,Information Technology
2019-07-25,XLY,122.8262578781026,121.98185370231988,122.46862662590593,122.18053436279297,2399500.0,Consumer Discretionary
2019-07-25,XLP,58.965282793770754,58.531425874309676,58.66947108679957,58.86668014526367,9469200.0,Consumer Staples
2019-07-25,XLE,60.80239454824089,59.630369538811685,60.72616350621485,59.8114128112793,10070400.0,Energy
2019-07-25,XLF,28.32071053374452,28.033641963036445,28.281114087552037,28.093034744262695,34180400.0,Financials
2019-07-25,XLU,59.22583846816735,58.546437435737026,58.802444819463176,58.841827392578125,14148300.0,Utilities
2019-07-25,XLB,58.600694550324036,57.76947889092922,58.600694550324036,58.37310028076172,6135500.0,Materials
2019-07-25,XLRE,36.485994866536174,36.13223833426081,36.407380637793764,36.28946304321289,3237500.0,Real Estate
2019-07-25,XLC,50.4124524946777,49.755418305199434,50.26312878653404,50.05406951904297,2192600.0,Communication Services
2019-07-25,XLI,78.26409629109521,77.52174049945654,78.02654455222824,77.86817169189453,8759000.0,Industrials
2019-07-25,XLV,90.93733520041276,90.19832771613788,90.59246654459906,90.39539337158203,6618700.0,Health Care
2019-07-25,SPY,298.15050638834634,296.2783840477715,298.0910768120115,297.15997314453125,55394100.0,
2019-07-26,XLK,82.22474579307092,81.84716056570709,81.92664700554306,82.06575775146484,11120200.0,Information Technology
2019-07-26,XLY,122.83619488402462,121.95205305527877,122.35935068532123,122.73685455322266,2140200.0,Consumer Discretionary
2019-07-26,XLP,59.54704977397286,58.797659836270185,58.96528509757141,59.52732849121094,14727900.0,Consumer Staples
2019-07-26,XLE,59.82093655843468,59.24921831451219,59.81140949615755,59.506492614746094,9653200.0,Energy
2019-07-26,XLF,28.419698679345373,28.093035541240113,28.152430212213815,28.39990234375,33642800.0,Financials
2019-07-26,XLU,59.28491455160563,58.76305883294023,58.89106252554976,59.058448791503906,13879000.0,Utilities
2019-07-26,XLB,58.462158851995525,57.83874616784561,58.22466704738464,58.44236755371094,7637700.0,Materials
2019-07-26,XLRE,36.50564693230396,36.13223685809846,36.31894002093492,36.407379150390625,2822300.0,Real Estate
2019-07-26,XLC,51.63692594438621,50.910206586797756,50.9400705693864,51.48760223388672,5049700.0,Communication Services
2019-07-26,XLI,77.90775645903689,77.44254567179381,77.71969059569194,77.69989776611328,6147900.0,Industrials
2019-07-26,XLV,90.88806472483041,90.37568951183968,90.71070262849268,90.7205581665039,3812400.0,Health Care
2019-07-26,SPY,299.36885845348695,297.7740842903796,297.9127734474647,299.15093994140625,44935100.0,
2019-07-29,XLK,82.1551858724988,81.38013816498876,82.10550021700543,82.01607513427734,8473200.0,Information Technology
2019-07-29,XLY,122.63750972173402,121.70370149373707,122.4288927480587,122.14080047607422,2205400.0,Consumer Discretionary
2019-07-29,XLP,59.7639820546325,59.48789160994177,59.5273304152903,59.63579559326172,6121300.0,Consumer Staples
2019-07-29,XLE,59.50649275594857,58.82995865089256,59.45885017465797,59.26827621459961,8284900.0,Energy
2019-07-29,XLF,28.429597218100465,28.152429644727,28.35040621312769,28.182125091552734,35955100.0,Financials
2019-07-29,XLU,59.45230678908749,58.89106472007615,59.2258410205467,59.36368942260742,16621700.0,Utilities
2019-07-29,XLB,58.363205080006544,58.05644560450823,58.254354821771514,58.24446105957031,2891600.0,Materials
2019-07-29,XLRE,36.790612398312106,36.476163008042704,36.495816563501094,36.54494857788086,3030900.0,Real Estate
2019-07-29,XLC,51.40796142432288,50.940072096110875,51.40796142432288,51.19890594482422,2582300.0,Communication Services
2019-07-29,XLI,77.749398583921,77.43266041901951,77.6108261087537,77.56133270263672,5387500.0,Industrials
2019-07-29,XLV,91.16395969288044,90.62202538316544,90.7698283831142,91.09498596191406,5887500.0,Health Care
2019-07-29,SPY,299.1509515524034,298.00192937398754,299.0221773954475,298.60614013671875,38126500.0,
2019-07-30,XLK,81.83721776512567,81.27083616233678,81.44969390958414,81.48944091796875,7364000.0,Information Technology
2019-07-30,XLY,121.67389253231825,121.11757305817308,121.30632498504208,121.3162612915039,2164500.0,Consumer Discretionary
2019-07-30,XLP,60.16825758310024,59.67523679375473,59.87244586178296,59.81328201293945,14123800.0,Consumer Staples
2019-07-30,XLE,60.078211405722776,58.915717147842265,59.03006007068875,59.93528366088867,10801300.0,Energy
2019-07-30,XLF,28.13263121834079,27.904957316695764,27.964350097980883,28.102933883666992,30726100.0,Financials
2019-07-30,XLU,59.501535069254984,58.61536144549149,59.2258382779006,58.9107551574707,18995600.0,Utilities
2019-07-30,XLB,58.66996131937476,57.72000165867427,57.809056837986056,58.63037872314453,4014200.0,Materials
2019-07-30,XLRE,37.021538265778666,36.535124934142424,36.54494983794417,36.90853500366211,3455600.0,Real Estate
2019-07-30,XLC,51.16704556007204,50.8106563038448,50.88034146002209,50.95998001098633,2095800.0,Communication Services
2019-07-30,XLI,77.89785766601562,76.80907078046755,77.0763230701876,77.89785766601562,7071100.0,Industrials
2019-07-30,XLV,90.74025092324332,90.020954603079,90.39538230963221,90.70084381103516,7959200.0,Health Care
2019-07-30,SPY,298.3188904491997,296.65477173675646,297.07080897203565,297.8731384277344,45849000.0,
2019-07-31,XLK,82.01607812746644,79.41270585251624,81.92664546050784,80.25730895996094,16869300.0,Information Technology
2019-07-31,XLY,121.33612844924606,118.8227809922686,121.27652576779404,119.92547607421875,4301700.0,Consumer Discretionary
2019-07-31,XLP,59.714680481148854,58.02854649121792,59.62593658694196,58.6004524230957,16826700.0,Consumer Staples
2019-07-31,XLE,60.44983179812984,59.24922195810155,59.93528680091553,59.744712829589844,15278000.0,Energy
2019-07-31,XLF,28.241519202657102,27.914856077598632,28.102933530649377,27.9643497467041,64485400.0,Financials
2019-07-31,XLU,59.215986906292756,58.28058229521666,58.93044166866451,58.63505172729492,24381000.0,Utilities
2019-07-31,XLB,58.7392262387342,57.20543656691118,58.46215562763955,57.72989273071289,8102700.0,Materials
2019-07-31,XLRE,37.23281306527372,36.54495352523915,36.947842095347085,36.761138916015625,6644000.0,Real Estate
2019-07-31,XLC,51.27854200638342,50.1138011364818,50.989847985781445,50.551822662353516,2090800.0,Communication Services
2019-07-31,XLI,78.09582667660324,76.43294948886813,77.93745382461265,77.0268325805664,12485300.0,Industrials
2019-07-31,XLV,90.97675257197037,89.25240172345345,90.6023172907599,89.80419158935547,8557400.0,Health Care
2019-07-31,SPY,298.3486179153276,292.4054185961273,298.1405841745097,294.6142883300781,104245200.0,
2019-08-01,XLK,82.0955712965745,79.45245203934495,80.39642645162702,79.84991455078125,28833000.0,Information Technology
2019-08-01,XLY,121.33613817176041,117.86910963783545,120.15396770036087,118.29627990722656,6631800.0,Consumer Discretionary
2019-08-01,XLP,59.45830596662722,58.353940460543235,58.76807611478095,58.39338302612305,30148200.0,Consumer Staples
2019-08-01,XLE,59.36356367193454,58.02002247218643,59.08723160091285,58.391639709472656,25190200.0,Energy
2019-08-01,XLF,28.132631144428007,27.291225544839097,27.944551801446377,27.330821990966797,107976300.0,Financials
2019-08-01,XLU,59.57045972872404,58.339665106229745,58.53659299704625,59.23568344116211,29493100.0,Utilities
2019-08-01,XLB,58.5413182770737,57.146063881352326,57.66062629481891,57.403343200683594,9782900.0,Materials
2019-08-01,XLRE,37.18367800638662,36.515472079062604,36.86922859923798,36.84957504272461,9956300.0,Real Estate
2019-08-01,XLC,51.368138921009674,50.104843843561476,50.69119413078614,50.312904357910156,4095700.0,Communication Services
2019-08-01,XLI,77.48214120097582,75.39364646701009,76.88825812461945,75.53221893310547,18665700.0,Industrials
2019-08-01,XLV,90.88805646167494,89.38048253865288,89.81403596085558,89.92242431640625,16422500.0,Health Care
2019-08-01,SPY,298.0217425835616,291.177154003572,294.782709646083,292.048828125,142646600.0,
2019-08-02,XLK,79.2338404050882,77.83279446050716,79.2040320459857,78.54822540283203,22371900.0,Information Technology
2019-08-02,XLY,118.05784327964331,116.8657441882833,117.88896396455053,117.32271575927734,5550200.0,Consumer Discretionary
2019-08-02,XLP,58.758219599437446,58.17645489997964,58.304641362287356,58.40324401855469,24368700.0,Consumer Staples
2019-08-02,XLE,58.97288825510957,56.96234000111673,58.629855843162495,57.55311965942383,21699900.0,Energy
2019-08-02,XLF,27.459506636743125,26.954663277504814,27.281326405475195,27.3209228515625,66036400.0,Financials
2019-08-02,XLU,59.718155547960805,59.097834017300436,59.324299773172974,59.22583770751953,14939300.0,Utilities
2019-08-02,XLB,57.16585836791748,56.334642695918724,57.09659070981794,56.73046112060547,7498000.0,Materials
2019-08-02,XLRE,37.38511877299581,36.81518065305332,36.888880549636454,37.134544372558594,4953600.0,Real Estate
2019-08-02,XLC,50.20339732492603,49.526452544136355,50.06402701080279,49.825103759765625,4656200.0,Communication Services
2019-08-02,XLI,75.43323504686812,74.53251407255857,75.27486976032655,75.04721069335938,12992400.0,Industrials
2019-08-02,XLV,90.07023168500797,89.13415107039766,89.79432925536419,89.71550750732422,15956600.0,Health Care
2019-08-02,SPY,291.3356534866739,288.14613500634186,291.0682203742091,289.849853515625,116749700.0,
2019-08-05,XLK,76.56093163898048,74.66305163881061,76.45162925253263,75.26918029785156,27826600.0,Information Technology
2019-08-05,XLY,115.34581807109593,113.33910853626416,115.33588176431877,114.173583984375,6890800.0,Consumer Discretionary
2019-08-05,XLP,58.27505743675907,56.569205908970375,58.02854703514596,56.88473892211914,26364800.0,Consumer Staples
2019-08-05,XLE,56.63836706335188,55.43775722009832,56.48590861286101,55.83795928955078,27576900.0,Energy
2019-08-05,XLF,26.845776373848548,26.212246463580225,26.717089814298955,26.41022491455078,85527900.0,Financials
2019-08-05,XLU,59.51138000313344,58.0639680868503,59.35383844231055,58.379051208496094,26576800.0,Utilities
2019-08-05,XLB,56.433592529855666,55.27582992525771,56.235687102433296,55.66175079345703,10291100.0,Materials
2019-08-05,XLRE,37.065759929136405,35.984836826290284,37.046106372881106,36.427032470703125,6359700.0,Real Estate
2019-08-05,XLC,49.03865174488737,47.75445116155386,48.8694174515818,48.21238327026367,6247900.0,Communication Services
2019-08-05,XLI,73.86934132425431,72.33514401594151,73.85944868504752,72.96862030029297,14505200.0,Industrials
2019-08-05,XLV,89.05532083113167,86.89742421098276,88.70059665732617,87.60687255859375,17626200.0,Health Care
2019-08-05,SPY,285.48157334795934,279.05302236758484,285.3627141971166,281.1331481933594,178745400.0,
2019-08-06,XLK,76.79940067917971,75.64676016966516,76.28269714699499,76.52117919921875,19150800.0,Information Technology
2019-08-06,XLY,116.06108551930703,114.31266683193428,114.95839037469177,115.91207122802734,4447800.0,Consumer Discretionary
2019-08-06,XLP,57.66371169147405,56.8650166500109,57.081947003323144,57.39748001098633,20126400.0,Consumer Staples
2019-08-06,XLE,56.30486570550266,55.17095619977307,55.9808910417376,55.77125930786133,16997500.0,Energy
2019-08-06,XLF,26.855672798902447,26.32113401807008,26.578505241456917,26.83587646484375,53445000.0,Financials
2019-08-06,XLU,59.334147040068125,57.78826925479984,58.43812868200761,59.10768127441406,27035900.0,Utilities
2019-08-06,XLB,55.90913596971001,55.0581290483263,55.89924220832826,55.73101806640625,11494600.0,Materials
2019-08-06,XLRE,37.026454828852366,36.377902431311725,36.505648679647344,36.87905502319336,6841500.0,Real Estate
2019-08-06,XLC,49.158117374698485,48.46126198946895,48.740002624538235,48.90924072265625,6548200.0,Communication Services
2019-08-06,XLI,74.12669255963432,73.1269847422074,73.47342345285965,74.06730651855469,11758600.0,Industrials
2019-08-06,XLV,88.75971656685041,87.5674522062727,88.05026826558091,88.74000549316406,10135900.0,Health Care
2019-08-06,SPY,285.31321851680445,281.58880365754794,283.2033777636336,285.0754699707031,120711700.0,
2019-08-07,XLK,77.20678926543971,75.22942309116465,75.64675528415343,76.99812316894531,20582400.0,Information Technology
2019-08-07,XLY,116.52798920042383,114.09410940898113,114.70009528013183,116.37897491455078,5844900.0,Consumer Discretionary
2019-08-07,XLP,58.284919705504485,56.549484379290924,57.1509703584405,58.067989349365234,17550800.0,Consumer Staples
2019-08-07,XLE,55.61879874674099,54.46583152394628,54.75169065527362,55.35199737548828,24802200.0,Energy
2019-08-07,XLF,26.598304432021344,25.974673628937765,26.331034087842667,26.479516983032227,82354600.0,Financials
2019-08-07,XLU,59.60984435054557,58.29043240278354,59.12737121967021,59.255374908447266,24954700.0,Utilities
2019-08-07,XLB,56.58202621493627,55.206563089996166,55.25603944758602,56.50286102294922,23269400.0,Materials
2019-08-07,XLRE,37.46864814226721,36.314028898952564,36.90853491362041,37.222984313964844,7396200.0,Real Estate
2019-08-07,XLC,49.08345236568371,47.94758050923717,48.33184383240105,48.96896743774414,3323300.0,Communication Services
2019-08-07,XLI,74.1662824182812,72.572691607196,73.10718860764997,74.0277099609375,15604300.0,Industrials
2019-08-07,XLV,89.01590520839848,86.90727126399928,88.02071394289028,88.76956939697266,12452500.0,Health Care
2019-08-07,SPY,286.0858252890679,279.37001095125913,281.70765495046436,285.2438659667969,140572300.0,
2019-08-08,XLK,78.90594754652487,77.41546881763063,77.61419628242979,78.88607025146484,15991600.0,Information Technology
2019-08-08,XLY,118.64397239610672,117.02470296090544,117.13397960282755,118.62410736083984,4669200.0,Consumer Discretionary
2019-08-08,XLP,58.87654290103902,57.7524560813953,58.02854652511125,58.8173828125,24011300.0,Consumer Staples
2019-08-08,XLE,56.971867722456956,55.466337467535844,55.72361176305638,56.94327926635742,23267800.0,Energy
2019-08-08,XLF,26.994258852413292,26.6082010677711,26.736887625339296,26.984359741210938,66653200.0,Financials
2019-08-08,XLU,60.02339392441663,58.90090977963108,59.22584137737809,59.86585235595703,17057500.0,Utilities
2019-08-08,XLB,57.60125415832161,56.78982980556096,56.78982980556096,57.58146286010742,5735100.0,Materials
2019-08-08,XLRE,37.81258010864258,36.94784228952501,37.272120377393954,37.81258010864258,5601800.0,Real Estate
2019-08-08,XLC,49.964474574212154,49.098384900947735,49.36717213697248,49.95452117919922,2456700.0,Communication Services
2019-08-08,XLI,75.33426055384044,74.265266483589,74.35435309859315,75.2847671508789,9353100.0,Industrials
2019-08-08,XLV,90.04065786936118,88.92722277255153,89.04546666151128,89.95198059082031,12034800.0,Health Care
2019-08-08,SPY,290.8403625488281,286.2740188621248,286.8782296234768,290.8403625488281,87713900.0,
2019-08-09,XLK,78.63765878775317,77.39559315415715,78.41905402328555,77.99178314208984,15572600.0,Information Technology
2019-08-09,XLY,118.53469444591441,116.8458860371459,118.2664747872725,117.511474609375,3976400.0,Consumer Discretionary
2019-08-09,XLP,58.93570862111546,58.07785345702734,58.787800872174266,58.49198913574219,10590200.0,Consumer Staples
2019-08-09,XLE,57.114795990296095,56.07617173652929,56.990926007340214,56.314388275146484,14593200.0,Energy
2019-08-09,XLF,27.03385317342057,26.62799905797519,26.83587661528709,26.8952693939209,53782700.0,Financials
2019-08-09,XLU,60.200624574461735,59.718155197072896,59.9150793272227,59.93477249145508,11813500.0,Utilities
2019-08-09,XLB,57.44292732950409,56.81951464993683,57.35386837528019,57.12627410888672,4624600.0,Materials
2019-08-09,XLRE,37.9599781584315,37.42934335666676,37.724139219247355,37.80275344848633,4695700.0,Real Estate
2019-08-09,XLC,49.85497343823454,49.088432883808444,49.65587135438058,49.397037506103516,1837100.0,Communication Services
2019-08-09,XLI,75.08680867457761,74.21578066416481,75.00762225045835,74.65129089355469,8213600.0,Industrials
2019-08-09,XLV,90.63187226812491,89.28194935658325,89.79432452090418,90.06037139892578,7253100.0,Health Care
2019-08-09,SPY,290.46394237523384,286.90793185776346,289.8101868437146,288.8592834472656,93730000.0,
2019-08-12,XLK,77.74337050115841,76.61060724271802,77.45521036264749,76.96832275390625,10256200.0,Information Technology
2019-08-12,XLY,116.77634119128346,115.31601486509146,116.70680220333057,115.80278778076172,2828100.0,Consumer Discretionary
2019-08-12,XLP,58.52156669537224,57.90036320368425,58.33422014792747,58.09756851196289,8799300.0,Consumer Staples
2019-08-12,XLE,56.266745460446565,55.39963740888122,56.18098736150512,55.64738464355469,18143100.0,Energy
2019-08-12,XLF,26.67749517184646,26.30133649381476,26.578505946676938,26.38052749633789,53603500.0,Financials
2019-08-12,XLU,60.1021612998421,59.51137765302105,59.944619745240544,59.81661605834961,12685500.0,Utilities
2019-08-12,XLB,57.10648558211179,56.12684081291117,57.0471154596174,56.23569107055664,10511000.0,Materials
2019-08-12,XLRE,37.91575719325762,37.54235084528395,37.79292526992956,37.76344680786133,4115300.0,Real Estate
2019-08-12,XLC,49.20788934578917,48.660361499735124,49.15811477752174,48.84950637817383,3759300.0,Communication Services
2019-08-12,XLI,74.38404329454639,73.38433549543103,74.12669120186038,73.62188720703125,14976100.0,Industrials
2019-08-12,XLV,90.0603808557823,88.83855724520149,89.72536021820049,89.18342590332031,6640800.0,Health Care
2019-08-12,SPY,288.849392032631,284.30284795584527,287.21501818468994,285.3429260253906,62629500.0,
2019-08-13,XLK,79.19409490078746,76.72984114268732,76.8987602347816,78.89600372314453,26042800.0,Information Technology
2019-08-13,XLY,118.71350644313294,115.24647812608588,115.63391072069548,117.71015167236328,4631300.0,Consumer Discretionary
2019-08-13,XLP,59.02445236313199,57.95952560103371,58.058132020552236,58.75822067260742,13199500.0,Consumer Staples
2019-08-13,XLE,56.68601322971545,55.10425544425907,55.39964164718105,56.16193389892578,14347600.0,Energy
2019-08-13,XLF,26.895270812283638,26.232045437032397,26.33103466535068,26.707191467285156,72255900.0,Financials
2019-08-13,XLU,60.07262392766829,59.45230612532073,59.806775587283454,59.85600662231445,17747200.0,Utilities
2019-08-13,XLB,57.54188374893914,55.958613873008886,56.285164629693476,56.83930587768555,7055600.0,Materials
2019-08-13,XLRE,37.93049411963617,37.42934155226214,37.773269417270534,37.79292297363281,5176100.0,Real Estate
2019-08-13,XLC,50.064028170913176,48.759913148793004,48.819644912325494,49.586185455322266,4091700.0,Communication Services
2019-08-13,XLI,75.25507114226238,73.39423555992968,73.53280802076122,74.50281524658203,14379300.0,Industrials
2019-08-13,XLV,90.81909094938062,89.0750366008919,89.15386586979733,90.34613037109375,12232500.0,Health Care
2019-08-13,SPY,291.3653462891335,284.63961713037804,285.01602459789336,289.7804870605469,94299800.0,
2019-08-14,XLK,77.7930562453306,76.27276911158089,77.44527938155895,76.47149658203125,23569300.0,Information Technology
2019-08-14,XLY,115.88226185061497,113.96496396968413,115.69350992280286,114.02456665039062,6406200.0,Consumer Discretionary
2019-08-14,XLP,58.70891720354416,57.79189822342526,58.23561769145862,57.83134078979492,17281300.0,Consumer Staples
2019-08-14,XLE,55.094724930769594,53.87505732389835,54.96132424063008,53.9608154296875,23649700.0,Energy
2019-08-14,XLF,26.251843009211257,25.697504099602575,26.113257337777867,25.717302322387695,92067300.0,Financials
2019-08-14,XLU,60.2400146266396,59.206147855096994,59.934776196299985,59.36368942260742,20290500.0,Utilities
2019-08-14,XLB,56.2455804345623,54.988861351041585,56.00808863874253,55.03833770751953,9129300.0,Materials
2019-08-14,XLRE,37.69465865337087,37.154198977387004,37.69465865337087,37.203330993652344,5999600.0,Real Estate
2019-08-14,XLC,48.92915159035357,47.75445348219157,48.88933041438555,47.82413864135742,4532700.0,Communication Services
2019-08-14,XLI,73.51301035916845,72.14707852974229,73.3645452539516,72.22626495361328,13653800.0,Industrials
2019-08-14,XLV,89.63667603294756,87.78422592456313,89.4198993166411,87.83349609375,16426100.0,Health Care
2019-08-14,SPY,286.00654892750873,281.0737128959031,285.34290860592165,281.2123718261719,135622100.0,
2019-08-15,XLK,76.72984470509203,75.68650658248593,76.54104831047633,76.33238220214844,15662300.0,Information Technology
2019-08-15,XLY,114.88884413019062,112.88213463655389,114.71996481435242,113.8358154296875,5052000.0,Consumer Discretionary
2019-08-15,XLP,58.906126310863044,58.17645387836748,58.462406842551566,58.69905471801758,14431100.0,Consumer Staples
2019-08-15,XLE,53.93222478118202,53.04605893564333,53.67495410915754,53.6273078918457,14287900.0,Energy
2019-08-15,XLF,26.014270347088946,25.65790988445161,25.845989227294922,25.845989227294922,59504500.0,Financials
2019-08-15,XLU,60.33847502043866,59.21599091362016,59.57046036968645,60.1317024230957,22085800.0,Utilities
2019-08-15,XLB,55.35499026711066,54.66231373496551,55.34509650585316,55.058128356933594,8915500.0,Materials
2019-08-15,XLRE,37.80275057580403,37.20333024327234,37.31142292599543,37.72413635253906,5501400.0,Real Estate
2019-08-15,XLC,48.15265089969567,47.56530188159172,47.983416608532295,47.90377426147461,3998600.0,Communication Services
2019-08-15,XLI,72.35493816941255,71.45421712897638,72.3450379783917,72.14707946777344,11974400.0,Industrials
2019-08-15,XLV,88.47397478987601,87.56746076853665,88.20792789210016,88.13895416259766,12315200.0,Health Care
2019-08-15,SPY,282.9359402495012,279.71670709359114,282.18312528448104,281.9552917480469,99556600.0,
2019-08-16,XLK,77.94210724607295,77.00807143756586,77.11737382285784,77.78311920166016,10847000.0,Information Technology
2019-08-16,XLY,115.3557555132113,114.32259939447688,114.66035803641124,115.12726593017578,3980300.0,Consumer Discretionary
2019-08-16,XLP,59.606215696324035,58.95542838833602,58.95542838833602,59.369564056396484,18294300.0,Consumer Staples
2019-08-16,XLE,54.49441347827974,53.732121289898295,53.9131681836298,54.332427978515625,21399300.0,Energy
2019-08-16,XLF,26.37062817911105,25.97467316958703,25.97467316958703,26.30133628845215,48451800.0,Financials
2019-08-16,XLU,60.62401866697307,60.07262133261871,60.161238694281245,60.43693923950195,16121500.0,Utilities
2019-08-16,XLB,56.15652317287148,55.22635480876134,55.295622464875706,56.02788162231445,5833800.0,Materials
2019-08-16,XLRE,38.08772021362692,37.704485221891574,37.81257791156723,37.98945617675781,3766700.0,Real Estate
2019-08-16,XLC,48.600630830557606,48.16260930339027,48.30197961669096,48.520992279052734,2499600.0,Communication Services
2019-08-16,XLI,73.69117445261061,72.6617811709529,72.74096004148844,73.54270935058594,9575500.0,Industrials
2019-08-16,XLV,89.45931199434641,88.68088994714613,88.74000813482112,89.22283172607422,10239300.0,Health Care
2019-08-16,SPY,286.5909456031895,282.0146872450322,283.76795028287614,286.1155090332031,83018300.0,
2019-08-19,XLK,79.20403537690117,78.55815977230867,79.00530792054957,78.96556091308594,7878100.0,Information Technology
2019-08-19,XLY,117.00482220829176,116.2200207341563,116.70680122492689,116.57765197753906,3112200.0,Consumer Discretionary
2019-08-19,XLP,60.07951320530073,59.71467887733783,59.84286157328825,59.96118927001953,13180800.0,Consumer Staples
2019-08-19,XLE,55.73314375076498,54.98990566819455,55.09472152822986,55.53303909301758,13881600.0,Energy
2019-08-19,XLF,26.756686672842005,26.519113660846664,26.70719111530393,26.568607330322266,38297700.0,Financials
2019-08-19,XLU,61.02771832882583,60.21047267652104,60.30893474101035,60.820945739746094,14234000.0,Utilities
2019-08-19,XLB,56.68097801222281,56.38411609668697,56.522651405616756,56.473175048828125,3328000.0,Materials
2019-08-19,XLRE,38.41199969874895,37.979632672639426,38.16633584898682,38.3333854675293,2930000.0,Real Estate
2019-08-19,XLC,49.48663192004438,49.04861038541768,49.08843156062637,49.2775764465332,2163500.0,Communication Services
2019-08-19,XLI,74.5523109568865,74.10690054065005,74.41373849176259,74.2355728149414,4260500.0,Industrials
2019-08-19,XLV,90.30670273167831,89.77461651955106,89.9224194980706,90.08007049560547,6427200.0,Health Care
2019-08-19,SPY,290.30546094536675,288.6810021939507,289.42390210416113,289.56256103515625,53571800.0,
2019-08-20,XLK,79.26365366755968,78.52835296733507,78.86619874698421,78.56809997558594,8337700.0,Information Technology
2019-08-20,XLY,117.34258748657611,116.34916905821453,116.55778601866872,116.60745239257812,3267100.0,Consumer Discretionary
2019-08-20,XLP,60.000628006069476,59.26109682886344,59.93160539711292,59.310401916503906,8959300.0,Consumer Staples
2019-08-20,XLE,55.33294059717793,54.856507491547056,55.2662402531813,55.066139221191406,9521300.0,Energy
2019-08-20,XLF,26.46961716706937,26.182550495752068,26.420123499344374,26.21224594116211,40579300.0,Financials
2019-08-20,XLU,60.96863969470107,60.46647714899779,60.958794990548355,60.72248077392578,15524400.0,Utilities
2019-08-20,XLB,56.29505806796752,55.77060188275795,56.23568794876892,55.810184478759766,4739000.0,Materials
2019-08-20,XLRE,38.47095823570321,38.018933928358784,38.382519104758934,38.04841613769531,3245400.0,Real Estate
2019-08-20,XLC,49.28752709330577,48.83955218863393,49.10833940997068,48.94905471801758,2156600.0,Communication Services
2019-08-20,XLI,74.26525958688221,73.74066279139254,74.096994115052,73.800048828125,4695400.0,Industrials
2019-08-20,XLV,90.29685910476822,89.24254207804198,90.109641472779,89.31151580810547,4708800.0,Health Care
2019-08-20,SPY,289.59231081946683,287.2051520874043,289.0078997802499,287.34381103515625,51596400.0,
2019-08-21,XLK,79.69092258483143,79.13447964483494,79.32327603417652,79.49219512939453,8401300.0,Information Technology
2019-08-21,XLY,118.85258483886719,118.27640030874514,118.5545562669609,118.85258483886719,4669000.0,Consumer Discretionary
2019-08-21,XLP,59.75411937090905,59.320262421644735,59.70481804326882,59.468170166015625,8735900.0,Consumer Staples
2019-08-21,XLE,55.733144944016026,55.21859633004212,55.63785614426379,55.418697357177734,12037400.0,Energy
2019-08-21,XLF,26.420125733903642,26.261743718113152,26.38052928592474,26.331035614013672,44913500.0,Financials
2019-08-21,XLU,61.12618637084961,60.57478902384446,60.62402005787826,61.12618637084961,14397900.0,Utilities
2019-08-21,XLB,56.31484939859564,55.81018451109459,56.186207848917284,56.09714889526367,3202300.0,Materials
2019-08-21,XLRE,38.30095656898203,37.9894535212583,38.1368533147913,38.20563888549805,3480700.0,Real Estate
2019-08-21,XLC,49.36716871221263,49.07847090863363,49.2775729730866,49.13820266723633,2792300.0,Communication Services
2019-08-21,XLI,74.5820017875409,74.13659138438459,74.36424290541729,74.25536346435547,5399200.0,Industrials
2019-08-21,XLV,90.1884563810626,89.70564034749144,89.93226505980029,89.9716796875,5687100.0,Health Care
2019-08-21,SPY,290.08754954584174,288.9583573735306,289.7111723075217,289.68145751953125,49524700.0,
2019-08-22,XLK,79.87971836202775,78.59790581567324,79.7008606211186,79.30339813232422,7594100.0,Information Technology
2019-08-22,XLY,119.46850608630658,118.06778242011532,119.1506124823682,118.88238525390625,2952100.0,Consumer Discretionary
2019-08-22,XLP,59.91188554921672,59.359704664339716,59.51747116879746,59.7837028503418,7127600.0,Consumer Staples
2019-08-22,XLE,55.82843204198289,55.14236719959539,55.60927324730826,55.170955657958984,9353100.0,Energy
2019-08-22,XLF,26.578506293348852,26.301336836871464,26.46961795543587,26.509214401245117,43896700.0,Financials
2019-08-22,XLU,61.26403343030814,60.6634050623895,61.08679870678831,61.18526077270508,14917100.0,Utilities
2019-08-22,XLB,56.46328325854708,55.59248500441188,56.206000154577865,55.721126556396484,2607400.0,Materials
2019-08-22,XLRE,38.43165254334718,37.96980331483474,38.244945621931784,38.3923454284668,2511100.0,Real Estate
2019-08-22,XLC,49.35224219816879,48.580723036887825,49.25766785260937,49.02870178222656,1649100.0,Communication Services
2019-08-22,XLI,74.77007496707621,73.80996028464152,74.4632369949456,74.36425018310547,7692400.0,Industrials
2019-08-22,XLV,90.34612651032812,89.17356561757875,90.13920532647339,89.52828979492188,6486900.0,Health Care
2019-08-22,SPY,291.14742960662966,287.65084845902123,290.4540744719572,289.59228515625,51666400.0,
2019-08-23,XLK,79.59156260957607,76.36219203019091,78.8662005401633,76.68016052246094,20398900.0,Information Technology
2019-08-23,XLY,118.56448973308629,115.23653946271483,117.96844018273609,115.72331237792969,7634900.0,Consumer Discretionary
2019-08-23,XLP,59.86258534239519,58.45254553677559,59.616074939474984,58.78779983520508,25296100.0,Consumer Staples
2019-08-23,XLE,55.02802287495932,53.01747461777137,54.513474256221,53.322391510009766,24408900.0,Energy
2019-08-23,XLF,26.51911172008149,25.657907962569748,26.321133280542924,25.836088180541992,86245300.0,Financials
2019-08-23,XLU,61.5003467696037,60.23016577695363,61.30341887246546,60.535404205322266,21297900.0,Utilities
2019-08-23,XLB,55.71122765876451,54.10817027822768,55.47373963376859,54.37534713745117,9090600.0,Materials
2019-08-23,XLRE,38.6556950357083,37.74870387297576,38.40217054061165,37.91084289550781,6048100.0,Real Estate
2019-08-23,XLC,49.158114087934116,47.520505371281715,48.77982053880726,47.68476486206055,4020300.0,Communication Services
2019-08-23,XLI,74.45333522746107,72.02830186974563,73.89904534072993,72.37474060058594,26474900.0,Industrials
2019-08-23,XLV,89.70564968814878,87.02551486607064,89.37062907660284,87.45906829833984,9822700.0,Health Care
2019-08-23,SPY,289.9885337655639,280.7864710973457,288.1659561512713,282.1534118652344,149161500.0,
2019-08-26,XLK,77.77317841841956,77.0974944101502,77.62413660708346,77.74337005615234,10358500.0,Information Technology
2019-08-26,XLY,116.87568948112144,115.76305801890483,116.59753351036272,116.86575317382812,3452400.0,Consumer Discretionary
2019-08-26,XLP,59.56677264096754,58.94556538252067,59.182217020507636,59.51747131347656,13629800.0,Consumer Staples
2019-08-26,XLE,54.07515830823745,53.32239311756267,53.78929916750794,53.551082611083984,10805300.0,Energy
2019-08-26,XLF,26.103361074465397,25.845989832980695,26.004371844961664,26.08356285095215,34175500.0,Financials
2019-08-26,XLU,61.254186420482306,60.53540280522629,60.683099663685766,61.234493255615234,12850700.0,Utilities
2019-08-26,XLB,54.89980508395994,54.29618369092257,54.82064366468519,54.553466796875,7451300.0,Materials
2019-08-26,XLRE,38.27442749933652,37.920670965556724,38.097549232446625,38.26459884643555,3621000.0,Real Estate
2019-08-26,XLC,48.41148459691804,47.88386354300248,48.13274018053899,48.401527404785156,3155300.0,Communication Services
2019-08-26,XLI,73.33484312134074,72.27574926740182,73.2160710396937,72.90923309326172,14041900.0,Industrials
2019-08-26,XLV,88.44440859945804,87.79407847268125,88.15865816656267,88.37543487548828,8913900.0,Health Care
2019-08-26,SPY,285.2735595703125,282.8764559427509,284.55045945713454,285.2735595703125,72423800.0,
2019-08-27,XLK,78.38924698602,77.17698969418521,78.25013623918326,77.62413787841797,10033000.0,Information Technology
2019-08-27,XLY,117.49160150370578,116.12068671570492,117.32272217937164,116.28956604003906,3348100.0,Consumer Discretionary
2019-08-27,XLP,59.92174800041988,59.16249552316524,59.76398149614945,59.3498420715332,13389300.0,Consumer Staples
2019-08-27,XLE,54.05610221011275,52.93171973841792,53.83694340764969,53.21757888793945,11831300.0,Energy
2019-08-27,XLF,26.261740745303875,25.766796529970264,26.18254974637299,25.92517852783203,54240800.0,Financials
2019-08-27,XLU,61.7760460711853,61.2738797558951,61.52988714379246,61.342803955078125,19224400.0,Utilities
2019-08-27,XLB,55.09771294387904,54.454508969567456,54.7612684268983,54.59304428100586,5594900.0,Materials
2019-08-27,XLRE,38.549569533257134,38.11720252197043,38.441476843302276,38.13685607910156,3042200.0,Real Estate
2019-08-27,XLC,48.949055301619595,48.34179949531064,48.879370146837324,48.49112319946289,3139100.0,Communication Services
2019-08-27,XLI,73.32495308962841,72.36483845346594,73.29526006816081,72.5331039428711,9943300.0,Industrials
2019-08-27,XLV,89.22283700695033,87.79408474047206,88.9173754782149,87.85321044921875,8252000.0,Health Care
2019-08-27,SPY,287.2051256715002,283.32222206140295,286.79900341475127,284.1542663574219,66668900.0,
2019-08-28,XLK,77.82285952822969,76.65034933478249,77.20679228049758,77.69368743896484,7139500.0,Information Technology
2019-08-28,XLY,117.82936368962964,115.8325904706085,116.13061903912437,117.73995208740234,3891200.0,Consumer Discretionary
2019-08-28,XLP,59.92174530029297,59.22165670423016,59.330118114850464,59.92174530029297,12435500.0,Consumer Staples
2019-08-28,XLE,54.246671206261084,53.227104697833504,53.4939060615653,53.9798698425293,15694400.0,Energy
2019-08-28,XLF,26.20234670787222,25.766797147347678,25.786593481507964,26.162752151489258,51870400.0,Financials
2019-08-28,XLU,61.628346544396805,60.95879399038653,61.41172549572084,61.1754150390625,15895800.0,Utilities
2019-08-28,XLB,55.137298667746876,54.256606616668364,54.41493323512288,55.018550872802734,3772500.0,Materials
2019-08-28,XLRE,38.31373485125778,38.05332802722723,38.15651014066293,38.24494552612305,3129500.0,Real Estate
2019-08-28,XLC,48.68027323045358,48.09292419696147,48.29202247470966,48.61058807373047,2088900.0,Communication Services
2019-08-28,XLI,73.42393493652344,72.02830246522302,72.33514798502883,73.42393493652344,11921300.0,Industrials
2019-08-28,XLV,88.6808852102726,87.41964715676022,87.54773906240477,88.49366760253906,5691500.0,Health Care
2019-08-28,SPY,286.3334400887477,282.5495960004851,283.43118506043436,286.1551513671875,59696700.0,
2019-08-29,XLK,79.28353368081751,78.46873893615165,78.74696042248142,79.04505920410156,8120600.0,Information Technology
2019-08-29,XLY,119.74666569091109,118.7234458589074,119.0910058495214,119.50824737548828,2937300.0,Consumer Discretionary
2019-08-29,XLP,60.28658257064719,59.58649394031607,60.276723809726406,59.95132827758789,9657600.0,Consumer Staples
2019-08-29,XLE,54.99943762327099,54.34195762615665,54.39913090609148,54.770748138427734,12331700.0,Energy
2019-08-29,XLF,26.64779830633045,26.350832513663818,26.400326183087437,26.55870819091797,49818300.0,Financials
2019-08-29,XLU,61.61850526843644,61.02772158174946,61.520039442611676,61.598812103271484,17733500.0,Utilities
2019-08-29,XLB,55.968512123780016,55.62217006456056,55.701335258029296,55.721126556396484,4093400.0,Materials
2019-08-29,XLRE,38.58395944030859,38.30390283203211,38.45130262524392,38.52008819580078,3070700.0,Real Estate
2019-08-29,XLC,49.516499749614304,48.99883586405394,49.11829559224286,49.36717224121094,2169000.0,Communication Services
2019-08-29,XLI,74.84925753754425,73.93862875633748,74.23557407328386,74.68098449707031,10651000.0,Industrials
2019-08-29,XLV,89.41989525496166,88.59221057673872,89.16370391845703,89.16370391845703,4360300.0,Health Care
2019-08-29,SPY,290.38473740698464,287.85885942826616,288.9583670781893,289.8102111816406,57899400.0,
2019-08-30,XLK,79.66112164514381,78.45880299153023,79.56175790816951,79.02518463134766,10075400.0,Information Technology
2019-08-30,XLY,120.01488449846175,118.53469308105423,119.76652987772714,118.79298400878906,3407400.0,Consumer Discretionary
2019-08-30,XLP,60.29644616219469,59.68509765366072,60.148538415608996,59.8724479675293,8567000.0,Consumer Staples
2019-08-30,XLE,55.45681295806146,54.446773488589145,54.98037986329272,54.770748138427734,13022300.0,Energy
2019-08-30,XLF,26.786382324250006,26.548809310436948,26.707191319645652,26.647798538208008,40561000.0,Financials
2019-08-30,XLU,61.83512086922789,61.43142038468822,61.78588983571566,61.61850357055664,12083000.0,Utilities
2019-08-30,XLB,56.384117054236874,55.919030987956454,56.16641655090491,56.09714889526367,5071300.0,Materials
2019-08-30,XLRE,38.70679311646216,38.411997265131156,38.638007542769344,38.52991485595703,3623100.0,Real Estate
2019-08-30,XLC,49.635960719106315,49.06852224907301,49.58618614757919,49.30744171142578,3045500.0,Communication Services
2019-08-30,XLI,75.48272727046138,74.83935084076165,75.1758817891887,74.98782348632812,7500200.0,Industrials
2019-08-30,XLV,89.754903131479,88.88780387347141,89.57754858291588,89.27208709716797,4784100.0,Health Care
2019-08-30,SPY,291.4544902507517,288.6612094936265,291.43469046831655,289.68145751953125,62901200.0,
2019-09-03,XLK,79.06492378253532,77.78311123437963,78.3693701118926,78.06133270263672,11837500.0,Information Technology
2019-09-03,XLY,119.04133322110289,117.79956017384741,118.22673040527054,118.30619812011719,4322500.0,Consumer Discretionary
2019-09-03,XLP,60.227422336800274,59.50760866346525,59.61607384058286,60.217559814453125,15551600.0,Consumer Staples
2019-09-03,XLE,54.61829113967108,53.72259820635241,53.88458371811271,54.50394821166992,13964800.0,Energy
2019-09-03,XLF,26.45971847068505,26.142954460929833,26.43002302480952,26.370628356933594,59997200.0,Financials
2019-09-03,XLU,62.72129713020179,61.52988879118281,61.5988129922112,62.711448669433594,21364100.0,Utilities
2019-09-03,XLB,55.780493238000304,55.275828372562756,55.66174922992158,55.65185546875,5807900.0,Materials
2019-09-03,XLRE,39.080204010009766,38.451305181097126,38.47095873806723,39.080204010009766,6160800.0,Real Estate
2019-09-03,XLC,49.29250904737091,48.69022800572813,48.968968640523116,48.819644927978516,3122100.0,Communication Services
2019-09-03,XLI,75.02742428643849,73.50311957088486,74.27516834398651,73.96833038330078,12787100.0,Industrials
2019-09-03,XLV,89.17356821794301,88.43456074652359,88.74987030029297,88.74987030029297,6437800.0,Health Care
2019-09-03,SPY,288.8196847208302,286.5315552287411,287.81926664884713,287.9876403808594,69101400.0,
2019-09-04,XLK,79.43258453476001,78.82645589367671,78.90594991436859,79.39283752441406,7729400.0,Information Technology
2019-09-04,XLY,119.58771597208822,118.39561680704455,118.91219109078169,119.47843933105469,4172500.0,Consumer Discretionary
2019-09-04,XLP,60.75988006591797,60.22742048053811,60.46406834927359,60.75988006591797,12200500.0,Consumer Staples
2019-09-04,XLE,55.5044557143902,55.10425365828118,55.266239166259766,55.266239166259766,11190900.0,Energy
2019-09-04,XLF,26.67749581721276,26.509214696772343,26.568607478085877,26.628000259399414,43945700.0,Financials
2019-09-04,XLU,63.046223684478846,62.37667109720802,62.88868212018495,62.77052688598633,15816600.0,Utilities
2019-09-04,XLB,56.374226916195944,55.96851471787469,56.14663263663079,56.33464431762695,5942000.0,Materials
2019-09-04,XLRE,39.44378709605667,39.158816130843555,39.266908824443895,39.40447998046875,3541500.0,Real Estate
2019-09-04,XLC,49.85496896980659,49.23277738700184,49.29748394449336,49.76537322998047,1865900.0,Communication Services
2019-09-04,XLI,74.98782441932663,73.96832381958869,74.5622068576112,74.90863800048828,9265600.0,Industrials
2019-09-04,XLV,89.38048372825422,88.3951404956408,89.33122107716692,88.8089828491211,9318700.0,Health Care
2019-09-04,SPY,291.2762084743139,289.54277526659416,290.3649348017428,291.25640869140625,46887300.0,
2019-09-05,XLK,81.38013796609583,80.39642415365779,80.43616358079537,81.05223083496094,10043300.0,Information Technology
2019-09-05,XLY,121.88251097611716,120.60100027746793,120.60100027746793,121.76329803466797,3671600.0,Consumer Discretionary
2019-09-05,XLP,61.0556900247794,60.296441353115824,60.91764481174966,60.38518524169922,15719800.0,Consumer Staples
2019-09-05,XLE,56.571661836797205,55.666438274853576,55.75219637303552,55.952301025390625,14538500.0,Energy
2019-09-05,XLF,27.400115396158775,26.9942612412584,27.004160353336772,27.172441482543945,68639200.0,Financials
2019-09-05,XLU,62.49482979434339,61.87450824455785,62.356981395743745,62.091129302978516,29332400.0,Utilities
2019-09-05,XLB,56.94815844957509,56.374225880090506,56.74035547311365,56.423702239990234,5824100.0,Materials
2019-09-05,XLRE,39.41430722023712,38.92297953860571,39.40447856742617,39.060550689697266,3925900.0,Real Estate
2019-09-05,XLC,50.66631017505865,50.16357826572119,50.25317401394414,50.61155700683594,3624600.0,Communication Services
2019-09-05,XLI,76.80906582294168,75.75987221661272,75.80935806406963,76.25477600097656,14266800.0,Industrials
2019-09-05,XLV,89.88300912734039,89.09473154960749,89.56769959976165,89.6859359741211,7897400.0,Health Care
2019-09-05,SPY,296.0010283466231,291.21676620248496,293.9803623457824,295.0006103515625,83258100.0,
2019-09-06,XLK,81.27083376157054,80.76406889584521,81.23108675436009,80.98267364501953,9150100.0,Information Technology
2019-09-06,XLY,122.36929000947066,121.65402748336973,121.91231841316876,122.06133270263672,3493400.0,Consumer Discretionary
2019-09-06,XLP,60.68100006163955,60.395047099156734,60.542954841530644,60.582393646240234,13904200.0,Consumer Staples
2019-09-06,XLE,56.31439245312395,55.52351537638539,55.83795934054288,56.2476921081543,12234300.0,Energy
2019-09-06,XLF,27.281325996145732,27.063551210120462,27.202134993221776,27.162540435791016,35660800.0,Financials
2019-09-06,XLU,62.386519595961275,61.657887513101564,62.248671196630646,61.844970703125,12663200.0,Utilities
2019-09-06,XLB,56.78982845441361,56.29505733524318,56.53254913335878,56.64139938354492,3952300.0,Materials
2019-09-06,XLRE,39.29344081932802,39.00159129721023,39.08020552814457,39.109683990478516,2457600.0,Real Estate
2019-09-06,XLC,50.70115056851351,50.41245274807261,50.62150821905826,50.50204849243164,3445400.0,Communication Services
2019-09-06,XLI,76.6704990741376,76.18549544381865,76.54182679921342,76.41314697265625,6940300.0,Industrials
2019-09-06,XLV,90.18846521109117,89.74506376180788,89.87315567619427,89.9322738647461,13166400.0,Health Care
2019-09-06,SPY,295.93172444679743,294.6044135147371,295.34731345475655,295.2284240722656,49584300.0,
2019-09-09,XLK,81.4000096119269,79.9492778960352,81.36026260287916,80.37654876708984,12610700.0,Information Technology
2019-09-09,XLY,122.84612994178981,122.07125717937785,122.47856238446035,122.52822875976562,3259300.0,Consumer Discretionary
2019-09-09,XLP,60.61198022942526,60.276725924603184,60.55281637747419,60.44435119628906,27082400.0,Consumer Staples
2019-09-09,XLE,57.50547481616595,56.59072411904112,56.70506704745769,57.372074127197266,24757100.0,Energy
2019-09-09,XLF,27.687181207277302,27.29122617713893,27.35061895964406,27.57829475402832,67797700.0,Financials
2019-09-09,XLU,61.82527915341407,61.42157864936069,61.716968620799484,61.53973388671875,16824900.0,Utilities
2019-09-09,XLB,56.789826761882345,56.23568554080137,56.76014170355414,56.34453201293945,6852000.0,Materials
2019-09-09,XLRE,39.13916223271473,38.71662015561972,39.12933358057812,38.814884185791016,4618900.0,Real Estate
2019-09-09,XLC,50.969935757488805,50.38258674525831,50.770833689391736,50.66132736206055,6421800.0,Communication Services
2019-09-09,XLI,76.98723927925926,76.46264242300032,76.59131470137015,76.64080810546875,8081000.0,Industrials
2019-09-09,XLV,90.0406644603051,88.77942628936655,90.01110536529443,89.1045913696289,10675900.0,Health Care
2019-09-09,SPY,296.4071469298883,294.34685116174967,296.3081177922147,295.37701416015625,51260300.0,
2019-09-10,XLK,80.00889378557706,79.0649269686699,80.00889378557706,79.96915435791016,9858500.0,Information Technology
2019-09-10,XLY,122.14079846153997,120.81955765005485,121.98185544672481,122.04145812988281,3650600.0,Consumer Discretionary
2019-09-10,XLP,60.178117735369156,59.74426078483492,60.178117735369156,60.06965255737305,31985000.0,Consumer Staples
2019-09-10,XLE,58.88712627238689,57.61028550920545,57.724632062251544,58.04860305786133,25718000.0,Energy
2019-09-10,XLF,27.796067871932912,27.419911088006828,27.66738320292363,27.67728042602539,77540100.0,Financials
2019-09-10,XLU,61.61850357055664,61.08679939401547,61.44126884504292,61.61850357055664,19168000.0,Utilities
2019-09-10,XLB,56.908571587244566,56.196103753508375,56.29505646589273,56.898677825927734,4979500.0,Materials
2019-09-10,XLRE,38.628184272447456,37.97963187267714,38.628184272447456,38.24494552612305,5632900.0,Real Estate
2019-09-10,XLC,50.86043117003269,50.407473854677825,50.47218421261778,50.731014251708984,3638500.0,Communication Services
2019-09-10,XLI,77.36336727586404,76.17559359978074,76.44284588634345,77.34356689453125,9487400.0,Industrials
2019-09-10,XLV,89.37062682811766,87.71524992186852,88.65133048911953,89.36077880859375,8770700.0,Health Care
2019-09-10,SPY,295.377053328741,293.16815310383083,294.5449787240186,295.3077087402344,57947100.0,
2019-09-11,XLK,80.82368746259935,80.04863975670547,80.2175664364507,80.80381774902344,9409300.0,Information Technology
2019-09-11,XLY,122.51829784694537,121.47520545478201,122.01165232110763,122.26994323730469,3408900.0,Consumer Discretionary
2019-09-11,XLP,60.335880456772344,59.7343982772067,60.04993126897719,60.28657913208008,17422200.0,Consumer Staples
2019-09-11,XLE,58.829961916618515,57.791337593285874,58.372582933130396,58.10578155517578,22752000.0,Energy
2019-09-11,XLF,27.865360195037045,27.449606959993666,27.697079078756094,27.835664749145508,53285900.0,Financials
2019-09-11,XLU,62.27820441960438,61.25418244942592,61.52988298360436,62.228973388671875,22688500.0,Utilities
2019-09-11,XLB,57.47261714932865,56.64140148725805,57.02732237057579,57.442928314208984,5408000.0,Materials
2019-09-11,XLRE,38.264598340165335,37.9403240208461,38.185987860661434,38.15650939941406,7353200.0,Real Estate
2019-09-11,XLC,51.07944398496613,50.72106100857084,50.7708355780577,50.99980163574219,6274100.0,Communication Services
2019-09-11,XLI,78.1156174430113,77.08621658717496,77.50194153684775,78.06613159179688,14262600.0,Industrials
2019-09-11,XLV,90.27714809315353,89.29180487784217,89.50857407045007,90.2475814819336,8124300.0,Health Care
2019-09-11,SPY,297.49673713383874,294.9312597778219,295.6444448897061,297.4075927734375,68821100.0,
2019-09-12,XLK,81.89683451820864,80.90318205111762,81.30064455414737,81.24102783203125,12771000.0,Information Technology
2019-09-12,XLY,123.57131870027216,122.55803522996084,122.8560562133789,122.8560562133789,3343200.0,Consumer Discretionary
2019-09-12,XLP,60.82890422295422,60.41476856139936,60.64155767531514,60.5330924987793,18296200.0,Consumer Staples
2019-09-12,XLE,58.16295394668751,56.89564015100626,57.37207325286007,57.743690490722656,19059500.0,Energy
2019-09-12,XLF,28.093034475374886,27.667384011254583,27.756474126272483,27.984148025512695,72872200.0,Financials
2019-09-12,XLU,62.79021875331544,62.08127985060136,62.60313932336016,62.366825103759766,23599700.0,Utilities
2019-09-12,XLB,58.12571354211123,57.452824508781745,57.83874538308457,57.888221740722656,10724200.0,Materials
2019-09-12,XLRE,38.62818260227649,38.08771916872532,38.44147568940149,38.38251876831055,5425200.0,Real Estate
2019-09-12,XLC,51.41791518629251,51.08043776473087,51.30840885741732,51.14912796020508,4014500.0,Communication Services
2019-09-12,XLI,78.49174757475215,77.76918468678159,78.2838813283523,78.11561584472656,18667600.0,Industrials
2019-09-12,XLV,91.02599867089825,90.16875493052926,90.6515709753693,90.218017578125,9344700.0,Health Care
2019-09-12,SPY,299.5966816454659,297.5661005519715,298.39814486373547,298.4377746582031,72908700.0,
2019-09-13,XLK,81.11184670895035,80.55540376323971,81.11184670895035,80.64483642578125,16533600.0,Information Technology
2019-09-13,XLY,123.33290297115782,122.5083638327188,123.16402365244564,122.60770416259766,2014700.0,Consumer Discretionary
2019-09-13,XLP,60.60211248075218,60.0597903830434,60.25699944442387,60.1879768371582,17830400.0,Consumer Staples
2019-09-13,XLE,58.50598193480003,57.8770904333334,58.12483402819778,58.20106506347656,14061600.0,Energy
2019-09-13,XLF,28.310811710436802,28.07323869505053,28.201923370361328,28.201923370361328,56248700.0,Financials
2019-09-13,XLU,62.42590432777764,61.78588962602935,62.01235538428674,61.97296905517578,24999100.0,Utilities
2019-09-13,XLB,58.69964423840593,58.19497936668991,58.254349484065905,58.52152633666992,5474000.0,Materials
2019-09-13,XLRE,38.480782797146105,37.797837638698134,38.27442607629117,37.92066955566406,5653800.0,Real Estate
2019-09-13,XLC,51.26858763086107,50.950025836765064,51.149127907464106,51.059532165527344,3569400.0,Communication Services
2019-09-13,XLI,78.97675466750678,78.44225762105378,78.47195064280675,78.5412368774414,9357700.0,Industrials
2019-09-13,XLV,90.89791410140684,89.98154458537269,90.3264132166603,90.16876220703125,6351000.0,Health Care
2019-09-13,SPY,299.30944738598254,297.8335322784519,298.9231249062234,298.2396545410156,62104800.0,
2019-09-16,XLK,80.62495606495051,79.89959404987577,79.9790804812637,80.44609832763672,7725900.0,Information Technology
2019-09-16,XLY,121.90238566649545,120.90896714660305,121.80304533034257,121.0381088256836,3401300.0,Consumer Discretionary
2019-09-16,XLP,59.96118817678844,59.47802616090342,59.902024329501494,59.6062126159668,16741200.0,Consumer Staples
2019-09-16,XLE,60.64993267399498,59.4588499713234,60.64040197683188,60.154441833496094,30677800.0,Energy
2019-09-16,XLF,28.142530329898722,27.924753651749153,27.964350097980883,28.102933883666992,36693600.0,Financials
2019-09-16,XLU,62.12066742186779,61.67758059881281,62.0714363873255,62.0222053527832,11963000.0,Utilities
2019-09-16,XLB,58.56110813942011,57.50229827942307,58.343407645841815,57.561668395996094,4733800.0,Materials
2019-09-16,XLRE,38.333385771341845,37.871540279131004,37.910847395052365,38.31373596191406,4535700.0,Real Estate
2019-09-16,XLC,50.99980113374552,50.67128594032094,50.76088168353786,50.870384216308594,2527600.0,Communication Services
2019-09-16,XLI,78.60062653964364,78.13541575110303,78.31358142433916,78.4719467163086,8011700.0,Industrials
2019-09-16,XLV,90.19831191738041,89.56769290932826,89.67608125610955,89.9716796875,6668100.0,Health Care
2019-09-16,SPY,298.2892149697657,296.61521126045267,297.0015035317754,297.3184814453125,58191200.0,
2019-09-17,XLK,80.77401733398438,80.31693806710847,80.5057268980343,80.77401733398438,7701300.0,Information Technology
2019-09-17,XLY,121.81297678445648,120.51159342140333,120.82948703193615,121.77323913574219,2244200.0,Consumer Discretionary
2019-09-17,XLP,60.257001821053976,59.57663072052898,59.57663072052898,59.93160629272461,11681500.0,Consumer Staples
2019-09-17,XLE,60.21161471547005,58.91571971857416,60.19255695501474,59.315921783447266,26450000.0,Energy
2019-09-17,XLF,28.132631301879883,27.904957399558786,28.003946627369583,28.132631301879883,40868800.0,Financials
2019-09-17,XLU,62.71144431719078,62.10097125498374,62.13050912306388,62.563751220703125,17329100.0,Utilities
2019-09-17,XLB,58.14550029834701,57.35386726216744,57.53198516715835,58.026756286621094,4081100.0,Materials
2019-09-17,XLRE,38.86401954556297,38.470959642518096,38.48078454696778,38.85419464111328,6054200.0,Real Estate
2019-09-17,XLC,50.930115595629985,50.58168981770881,50.86043044004575,50.920162200927734,4556200.0,Communication Services
2019-09-17,XLI,78.50164402303699,77.86816771730359,78.2838851270099,78.43235778808594,6249300.0,Industrials
2019-09-17,XLV,90.35597020424305,89.79432486993585,89.9224242996931,90.10963439941406,3932900.0,Health Care
2019-09-17,SPY,298.1702876802217,296.91232142091104,297.1005251438587,298.0712585449219,41475500.0,
2019-09-18,XLK,80.82369295865854,79.67105996870926,80.6448427814134,80.76407623291016,8630700.0,Information Technology
2019-09-18,XLY,121.87258127348156,120.53146782102701,121.57455269329982,121.71363067626953,2969600.0,Consumer Discretionary
2019-09-18,XLP,60.0992350119803,59.51747032972217,59.99076983642283,60.03021240234375,10968900.0,Consumer Staples
2019-09-18,XLE,59.268276356371906,58.62032707156114,58.88712843534347,59.030059814453125,11604500.0,Energy
2019-09-18,XLF,28.30091268225844,27.94455221409674,28.02374321945906,28.23162078857422,57268900.0,Financials
2019-09-18,XLU,63.026532992920714,62.406211452849,62.8000634775252,62.82960510253906,20962700.0,Utilities
2019-09-18,XLB,58.145501214641094,57.531986073784275,58.04654849911081,58.05644226074219,4079600.0,Materials
2019-09-18,XLRE,39.02124184691112,38.355986024736424,38.952456274412484,38.736270904541016,4031700.0,Real Estate
2019-09-18,XLC,50.92016343347039,50.312903807917834,50.840521083699976,50.86043167114258,1741500.0,Communication Services
2019-09-18,XLI,78.35317658590971,77.44254781579146,77.97704484880663,78.31358337402344,8089600.0,Industrials
2019-09-18,XLV,90.21802886354618,89.45931784103286,90.10964050067675,90.09979248046875,5369800.0,Health Care
2019-09-18,SPY,298.3684319093638,295.4166318912371,297.6453317420952,298.24957275390625,73375800.0,
2019-09-19,XLK,81.65836314529588,80.83362974690411,81.01248750100152,80.94293212890625,8193500.0,Information Technology
2019-09-19,XLY,122.1209307558584,121.33612926832339,121.97191647204113,121.38580322265625,2259600.0,Consumer Discretionary
2019-09-19,XLP,60.128816588234095,59.90202747058368,59.980912604436114,60.02035140991211,10664100.0,Consumer Staples
2019-09-19,XLE,59.51602406990439,58.696558527540326,59.382623378802556,58.87760543823242,14018500.0,Energy
2019-09-19,XLF,28.380103343101684,28.09303477210906,28.211822222741777,28.102933883666992,42335000.0,Financials
2019-09-19,XLU,63.18407192420932,62.7902198925125,63.02653411640033,63.124996185302734,15020700.0,Utilities
2019-09-19,XLB,58.49184384334439,58.04654906947442,58.19498191903247,58.155399322509766,3264100.0,Materials
2019-09-19,XLRE,39.001588632776176,38.696967880048255,38.79523191347031,38.864017486572266,3941500.0,Real Estate
2019-09-19,XLC,51.208857055245076,50.76088213275226,50.959980410501856,50.91020584106445,2357900.0,Communication Services
2019-09-19,XLI,78.54123201795436,77.87806273439223,78.28387992596281,77.91765594482422,5076800.0,Industrials
2019-09-19,XLV,90.92747774618054,90.0406672802246,90.20818135315213,90.52349090576172,5058600.0,Health Care
2019-09-19,SPY,299.76508099623436,297.86324386378766,298.6754883801803,298.229736328125,76560500.0,
2019-09-20,XLK,81.24495110711527,79.78969959042209,81.2050802649967,79.99901580810547,15013600.0,Information Technology
2019-09-20,XLY,121.92801990047339,119.98442312626206,121.61903340358371,119.99439239501953,3770300.0,Consumer Discretionary
2019-09-20,XLP,60.286171950922245,59.82991027832031,60.147310031756746,59.82991027832031,13951100.0,Consumer Staples
2019-09-20,XLE,59.15645929049875,58.637204707622786,58.916064057849525,58.92567825317383,20150100.0,Energy
2019-09-20,XLF,28.256155482906966,27.91787740879505,28.146713916121136,27.937776565551758,82921100.0,Financials
2019-09-20,XLU,63.44449919778981,62.8888413088307,63.2063611839889,63.37504196166992,18494600.0,Utilities
2019-09-20,XLB,58.477622510922856,57.76157256086236,58.36822498963759,58.020145416259766,5189200.0,Materials
2019-09-20,XLRE,39.0153688177965,38.67902926877988,38.94612277302482,38.698814392089844,5392500.0,Real Estate
2019-09-20,XLC,51.00899209867889,50.30053477382268,51.00899209867889,50.579925537109375,6357900.0,Communication Services
2019-09-20,XLI,78.27090369294172,77.20618927232682,78.00223502497097,77.42510223388672,10478700.0,Industrials
2019-09-20,XLV,91.45354911647661,90.72136875558847,90.73125767821962,91.02809143066406,8935700.0,Health Care
2019-09-20,SPY,299.1990003315005,295.95494000161875,298.8904890522817,296.8206787109375,89565000.0,
2019-09-23,XLK,80.4874169008663,79.83952905195466,80.00897442032971,80.24819946289062,7824200.0,Information Technology
2019-09-23,XLY,120.76186560886906,119.51597317367187,119.67544345112866,120.41300964355469,2237500.0,Consumer Discretionary
2019-09-23,XLP,60.315931443067726,59.829910936934795,59.87950393951075,60.067962646484375,8767800.0,Consumer Staples
2019-09-23,XLE,59.09876476325019,58.46412147807247,58.5314318516413,58.94491195678711,9330400.0,Energy
2019-09-23,XLF,28.06711685334722,27.748737940934905,27.798485832054332,27.98752212524414,35827300.0,Financials
2019-09-23,XLU,63.62310960746401,63.22620786332765,63.35519771280674,63.38496780395508,8808300.0,Utilities
2019-09-23,XLB,58.05992621422931,57.61239263056034,57.62233613518287,57.88091278076172,3070800.0,Materials
2019-09-23,XLRE,39.000531415484836,38.599893040827546,38.66913908648124,38.83730697631836,3196700.0,Real Estate
2019-09-23,XLC,50.54001351420374,50.150857213623105,50.41029474734353,50.40031433105469,2177300.0,Communication Services
2019-09-23,XLI,77.55446211771701,76.83802247636967,77.1166362054148,77.27584838867188,14475100.0,Industrials
2019-09-23,XLV,91.08745909704624,90.51359205901359,90.76095101380574,90.54327392578125,4232900.0,Health Care
2019-09-23,SPY,297.537150529409,295.8156035753734,296.09423246816175,296.7510070800781,43476800.0,
2019-09-24,XLK,81.08546856909211,79.13184291278661,80.77647904524049,79.47074127197266,17724100.0,Information Technology
2019-09-24,XLY,121.37981860524432,118.84816436420095,121.03097025800528,119.12724304199219,5354400.0,Consumer Discretionary
2019-09-24,XLP,60.71267720379855,60.097715668408355,60.306008542438406,60.3159294128418,17305900.0,Consumer Staples
2019-09-24,XLE,58.81990480292397,57.666010600336946,58.76221229367874,58.01218032836914,20550500.0,Energy
2019-09-24,XLF,28.126814363124524,27.639296415581327,28.06711689369539,27.718891143798828,61659700.0,Financials
2019-09-24,XLU,64.34744672310467,63.56356787932357,63.61318343498565,64.129150390625,26907900.0,Utilities
2019-09-24,XLB,58.129543608615705,57.20464211006827,58.00025528253304,57.3836555480957,9035700.0,Materials
2019-09-24,XLRE,39.06483356465246,38.609783275173,38.93623214978046,38.787845611572266,6528700.0,Real Estate
2019-09-24,XLC,50.58990560778084,49.37255362221905,50.57992519120962,49.6419677734375,5371100.0,Communication Services
2019-09-24,XLI,77.80323100685568,76.44995771931562,77.61416842367346,76.83802795410156,11798600.0,Industrials
2019-09-24,XLV,90.93904878200031,89.39552378757007,90.87967750030936,89.71214294433594,10542600.0,Health Care
2019-09-24,SPY,298.37303287293145,293.36764330030525,297.9451439309858,294.4224548339844,94869400.0,
2019-09-25,XLK,80.63693414498532,78.6334680531009,79.36109761439135,80.41764831542969,11956600.0,Information Technology
2019-09-25,XLY,120.39307763648306,118.66875917565002,119.6056727119439,120.21366882324219,3254400.0,Consumer Discretionary
2019-09-25,XLP,60.65316784080612,60.177064432044595,60.573816011444706,60.3556022644043,17626600.0,Consumer Staples
2019-09-25,XLE,58.175647775740494,57.60831486558204,57.74293561237553,58.10833740234375,10124200.0,Energy
2019-09-25,XLF,27.997471288714994,27.669142802942634,27.77858626409608,27.947725296020508,53544400.0,Financials
2019-09-25,XLU,64.15892708936538,63.74217608617006,64.07954522492139,64.08946228027344,16233800.0,Utilities
2019-09-25,XLB,57.79140435245915,57.135023047111865,57.38365238692194,57.6820068359375,4590500.0,Materials
2019-09-25,XLRE,38.91644742008136,38.609783665708214,38.79774045248995,38.74827575683594,3912600.0,Real Estate
2019-09-25,XLC,50.300532405108335,49.27277031163346,49.61203213953975,50.21072769165039,2181200.0,Communication Services
2019-09-25,XLI,77.48481556742003,76.68876976374182,76.95743085728135,77.33555603027344,10000200.0,Industrials
2019-09-25,XLV,89.80119419319664,89.14816294998067,89.72203751848028,89.27679443359375,7956800.0,Health Care
2019-09-25,SPY,296.6515029032124,292.8899975060405,294.51202770290115,296.1639099121094,71854000.0,
2019-09-26,XLK,80.78644298502684,79.8793984915403,80.38774219233589,80.5073471069336,9089300.0,Information Technology
2019-09-26,XLY,120.49274772975603,119.1471854301523,120.2036997743217,119.69537353515625,3020400.0,Consumer Discretionary
2019-09-26,XLP,60.87137841030949,60.39527878051037,60.42503382496546,60.692840576171875,15527300.0,Consumer Staples
2019-09-26,XLE,57.98333334379723,57.0602164676944,57.84871259121645,57.348690032958984,14005500.0,Energy
2019-09-26,XLF,27.93777530063013,27.77858584916005,27.907926566846506,27.818382263183594,53107500.0,Financials
2019-09-26,XLU,64.60543187321387,64.12914829335539,64.24822108088767,64.42682647705078,13373400.0,Utilities
2019-09-26,XLB,57.7814576559639,57.29414626938059,57.751623348886504,57.55271911621094,4039000.0,Materials
2019-09-26,XLRE,39.2013468135077,38.83730882462062,38.8669883981893,39.12418746948242,2565600.0,Real Estate
2019-09-26,XLC,50.10096620366436,49.36756167447997,50.10096620366436,49.72179412841797,1793800.0,Communication Services
2019-09-26,XLI,77.69377067222794,77.03703178948932,77.46490505173132,77.44500732421875,9083000.0,Industrials
2019-09-26,XLV,89.60329991747673,88.09936088529957,89.5736180525147,88.78207397460938,10004500.0,Health Care
2019-09-26,SPY,296.4027139331004,294.00453151292123,296.1738586371846,295.54693603515625,56179700.0,
2019-09-27,XLK,80.67680536206721,78.83281502564472,80.50735238097774,79.43087005615234,12782100.0,Information Technology
2019-09-27,XLY,120.15386942729383,118.63885996849035,120.0840997551334,119.2767562866211,3557000.0,Consumer Discretionary
2019-09-27,XLP,60.861460976635264,60.266333604999446,60.84162301921039,60.623409271240234,14293900.0,Consumer Staples
2019-09-27,XLE,57.7813995386131,56.925593078439825,57.03136757003701,57.339073181152344,15631600.0,Energy
2019-09-27,XLF,28.146712848378655,27.778586053096525,28.047218966057436,27.927825927734375,73386900.0,Financials
2019-09-27,XLU,64.55581920674166,63.84139759013334,64.51612827578887,64.1986083984375,16614800.0,Utilities
2019-09-27,XLB,57.8908553353567,57.16485810877793,57.642225992263306,57.39359664916992,6186100.0,Materials
2019-09-27,XLRE,39.213215538379345,38.56032157595847,39.19343041544219,38.86698532104492,3350700.0,Real Estate
2019-09-27,XLC,49.821576287792524,48.78383375553485,49.81159587140556,49.16300964355469,1852900.0,Communication Services
2019-09-27,XLI,77.79327452756078,76.77832340756184,77.70371577457725,77.13653564453125,10226900.0,Industrials
2019-09-27,XLV,89.20753263399554,88.05978351753599,89.07890115268441,88.38629913330078,10017300.0,Health Care
2019-09-27,SPY,296.4923154982407,292.253147491167,296.37287707933547,293.95477294921875,84746600.0,
2019-09-30,XLK,80.45751967109584,79.6601180320925,79.76976094757009,80.26813507080078,11001400.0,Information Technology
2019-09-30,XLY,120.46284549270084,119.47610083690809,119.52593197052613,120.3033676147461,2494200.0,Consumer Discretionary
2019-09-30,XLP,61.18877766577602,60.663085038260085,60.663085038260085,60.92097091674805,11078800.0,Consumer Staples
2019-09-30,XLE,57.300610322366,56.86789815092894,57.06982927488613,56.925594329833984,19808400.0,Energy
2019-09-30,XLF,28.027320031733325,27.838281843596633,27.997471297494485,27.85818099975586,30608000.0,Financials
2019-09-30,XLU,64.56574099706881,64.05969111247926,64.24822113365924,64.23829650878906,10835200.0,Utilities
2019-09-30,XLB,57.99031030052333,57.41348839406494,57.42343569247023,57.88091278076172,3877100.0,Materials
2019-09-30,XLRE,39.124184818562924,38.85709131630202,38.89666156262802,38.916446685791016,3492500.0,Real Estate
2019-09-30,XLC,49.49728246581226,49.168998319329425,49.26279215843295,49.41246795654297,2466600.0,Communication Services
2019-09-30,XLI,77.50471058376029,77.22609683972046,77.22609683972046,77.2459945678711,6225100.0,Industrials
2019-09-30,XLV,89.72204154300798,88.44566841393933,88.5050321482414,89.17784881591797,8031600.0,Health Care
2019-09-30,SPY,296.0942368669652,294.4722370834445,294.5219803132175,295.31805419921875,51662400.0,
2019-10-01,XLK,81.16520487103308,79.4906676188906,80.62695993949602,79.52056884765625,11022300.0,Information Technology
2019-10-01,XLY,121.03097199159178,119.25682242508663,120.58245376790632,119.29669189453125,3635800.0,Consumer Discretionary
2019-10-01,XLP,61.11934755140852,60.514303086025436,60.95073058693312,60.762271881103516,16827400.0,Consumer Staples
2019-10-01,XLE,57.32945384788339,55.59860891269336,57.11790853825203,55.60822677612305,16374700.0,Energy
2019-10-01,XLF,28.007421374285133,27.271169662475586,27.987522217771573,27.271169662475586,54786200.0,Financials
2019-10-01,XLU,64.19861045131611,63.74217608617006,64.02000504145276,64.08946228027344,23783400.0,Utilities
2019-10-01,XLB,58.16932370031845,56.50847768939344,57.97041946393819,56.51842498779297,7304500.0,Materials
2019-10-01,XLRE,38.9758035740039,38.43172209988683,38.87687795433419,38.580108642578125,6075600.0,Real Estate
2019-10-01,XLC,49.68187969783834,48.83372322707211,49.5421843231368,48.913551330566406,2758700.0,Communication Services
2019-10-01,XLI,77.85297819267272,75.31559650262804,77.52461633061989,75.39519500732422,15968900.0,Industrials
2019-10-01,XLV,89.61319910451972,88.1290454210737,89.41531496624532,88.30714416503906,13413900.0,Health Care
2019-10-01,SPY,296.99979099709645,291.5665122748855,296.28331234605866,291.8053283691406,88242400.0,
2019-10-02,XLK,79.01223029668884,77.43737384386061,78.99229867774052,78.02545166015625,19754800.0,Information Technology
2019-10-02,XLY,118.60895660014346,116.56569002034426,118.60895660014346,117.15375518798828,5504500.0,Consumer Discretionary
2019-10-02,XLP,60.52422495524241,59.31413600451197,60.46471108130853,59.542266845703125,18668200.0,Consumer Staples
2019-10-02,XLE,55.41591255477527,54.08892978366995,55.28129180532725,54.24278259277344,18912300.0,Energy
2019-10-02,XLF,27.11198006369621,26.654310852410294,27.102030485491557,26.714006423950195,78141700.0,Financials
2019-10-02,XLU,64.05969191928114,63.07736601234063,63.95054375514655,63.23612594604492,14860300.0,Utilities
2019-10-02,XLB,56.07089148475825,54.97692007999002,55.99132827257899,55.5040168762207,11680400.0,Materials
2019-10-02,XLRE,38.62462091596919,38.115166257755185,38.530646297783775,38.342689514160156,5305300.0,Real Estate
2019-10-02,XLC,48.584268992969086,47.96561637987332,48.534378328534764,48.1751594543457,4405500.0,Communication Services
2019-10-02,XLI,74.75836025891746,73.42499232818591,74.74841519076938,73.9722671508789,12341200.0,Industrials
2019-10-02,XLV,88.20820922482541,86.63500226785325,88.03011046646624,87.02088165283203,13385000.0,Health Care
2019-10-02,SPY,290.08379832063406,285.23762963321053,290.0738375277435,286.6506652832031,122539500.0,
2019-10-03,XLK,79.01222392117364,77.02869719639273,77.99554413596191,78.9823226928711,17472200.0,Information Technology
2019-10-03,XLY,117.73185494990017,115.57894915980889,117.00425041778858,117.72188568115234,7231600.0,Consumer Discretionary
2019-10-03,XLP,60.16714755252912,59.304217215619694,59.839830714544235,59.95885467529297,20998100.0,Consumer Staples
2019-10-03,XLE,54.88704188012297,53.50236297729323,53.94468932985709,54.829345703125,20457100.0,Energy
2019-10-03,XLF,26.823448181152344,26.31603297289296,26.67420830238852,26.823448181152344,81128700.0,Financials
2019-10-03,XLU,63.41473410996787,62.9285296626576,63.25597416934043,63.38496780395508,29784600.0,Utilities
2019-10-03,XLB,55.712866305062754,54.79790830620097,55.364782931909176,55.702919006347656,8265000.0,Materials
2019-10-03,XLRE,38.87687765778488,38.283339038800214,38.342690636522775,38.7977409362793,6328400.0,Real Estate
2019-10-03,XLC,48.68405238886853,47.61637622118235,48.21507178583146,48.64413833618164,6945800.0,Communication Services
2019-10-03,XLI,74.4797442239205,72.81800689575654,73.8031076195899,74.45984649658203,16621700.0,Industrials
2019-10-03,XLV,87.83221787870364,86.27880388208308,86.90215330445976,87.80253601074219,11958800.0,Health Care
2019-10-03,SPY,289.02899751932074,283.42653720285057,286.4018990335052,288.9991455078125,85278800.0,
2019-10-04,XLK,80.3877439779514,79.46076784630311,79.5405095275296,80.28807067871094,10938400.0,Information Technology
2019-10-04,XLY,118.90797838269738,117.86142568373376,118.0009650296857,118.82823944091797,3187000.0,Consumer Discretionary
2019-10-04,XLP,60.91105539275504,59.998532032242075,60.05804212219508,60.90113830566406,11938600.0,Consumer Staples
2019-10-04,XLE,55.25244260738048,54.502410611668644,55.06012567644042,55.17551803588867,10137900.0,Energy
2019-10-04,XLF,27.340814378365494,26.833397281456495,26.85329643765402,27.32091522216797,40697200.0,Financials
2019-10-04,XLU,64.40698845138736,63.375043159908884,63.46434586305655,64.26806640625,18583500.0,Utilities
2019-10-04,XLB,56.13055863462845,55.69297236041551,55.74269746983792,56.00127410888672,6292900.0,Materials
2019-10-04,XLRE,39.064834545679595,38.817526158206284,38.85709263224586,38.97580337524414,2653300.0,Real Estate
2019-10-04,XLC,49.37255154482698,48.73394194202974,48.823746655323944,49.302703857421875,1920200.0,Communication Services
2019-10-04,XLI,75.32554359870525,74.43000156143736,74.50960006827634,75.23599243164062,9175800.0,Industrials
2019-10-04,XLV,89.22732362703391,88.01031423226733,88.05978904338326,89.17784881591797,9146600.0,Health Care
2019-10-04,SPY,293.18854100740106,289.65589099969804,289.71562539124216,292.909912109375,65091200.0,
2019-10-07,XLK,80.61699244891561,79.88937051452848,80.01894504411631,79.94917297363281,10619400.0,Information Technology
2019-10-07,XLY,119.06744889255555,117.99099598942067,118.49932223884392,118.30994415283203,2760600.0,Consumer Discretionary
2019-10-07,XLP,60.84162468241914,60.345687084350416,60.76227285055042,60.40520095825195,9378900.0,Consumer Staples
2019-10-07,XLE,55.47360427880394,54.65626192981053,55.262058961874736,54.68510818481445,11642400.0,Energy
2019-10-07,XLF,27.430359129661166,27.15177852911724,27.21147410099265,27.181625366210938,36922900.0,Financials
2019-10-07,XLU,64.2879161691735,63.86124811575116,64.20853430568302,64.02000427246094,12865900.0,Utilities
2019-10-07,XLB,56.3791900985897,55.63330204781772,55.85209709005467,55.802371978759766,8628600.0,Materials
2019-10-07,XLRE,39.084617565328415,38.72849664200194,38.87687941664797,38.906558990478516,3165800.0,Real Estate
2019-10-07,XLC,49.6220086588205,49.03328971753926,49.17298509234947,49.302703857421875,1365500.0,Communication Services
2019-10-07,XLI,75.49470558974404,74.69865981833311,75.00712394871867,74.85787200927734,6505400.0,Industrials
2019-10-07,XLV,89.46478308998671,88.68312790330458,88.81175938834097,88.88101959228516,8247200.0,Health Care
2019-10-07,SPY,293.8154450384982,291.3376067563314,292.0341941414789,291.6460876464844,59610500.0,
2019-10-08,XLK,79.67008823891673,78.4739933760634,79.4308707872632,78.48395538330078,14366800.0,Information Technology
2019-10-08,XLY,118.34981065733008,117.04411783426796,117.41290472822527,117.06404876708984,2943100.0,Consumer Discretionary
2019-10-08,XLP,60.39527882561043,59.81999319139572,60.226661861967614,59.82991027832031,14924100.0,Consumer Staples
2019-10-08,XLE,54.550486837228085,53.675448319711876,54.1273925398834,53.752376556396484,20019200.0,Energy
2019-10-08,XLF,26.922942097268567,26.624462339396754,26.912992518981103,26.64436149597168,60008900.0,Financials
2019-10-08,XLU,64.02992938000367,63.39488960784142,63.98032139265203,63.42465591430664,21595900.0,Utilities
2019-10-08,XLB,55.44434323583886,54.80785272767033,55.40456163063266,54.82774353027344,7806900.0,Materials
2019-10-08,XLRE,39.04010289095814,38.520753758588285,38.876878446656,38.71860122680664,4616600.0,Real Estate
2019-10-08,XLC,49.103139701332466,48.50444412231445,48.973424736607214,48.50444412231445,2431400.0,Communication Services
2019-10-08,XLI,74.49965141518709,73.65384994477661,74.10162853352128,73.70360565185547,11579500.0,Industrials
2019-10-08,XLV,88.17852273109037,87.16929397039607,88.13894439255371,87.1890869140625,10649300.0,Health Care
2019-10-08,SPY,290.4221420111516,287.07856488077744,289.61610733213513,287.1183776855469,95708100.0,
2019-10-09,XLK,79.94917401778176,79.18168123243973,79.30128615221045,79.65015411376953,10251500.0,Information Technology
2019-10-09,XLY,118.47938612272509,117.54247260679706,117.89132095709247,118.06076049804688,3047300.0,Consumer Discretionary
2019-10-09,XLP,60.43495374681944,59.99853003894752,60.12747108536438,60.286170959472656,8504600.0,Consumer Staples
2019-10-09,XLE,54.54087401522284,54.13700809873848,54.23316839701585,54.24278259277344,8916900.0,Energy
2019-10-09,XLF,27.022435737668822,26.793601132194162,26.813500288588827,26.893095016479492,45131000.0,Financials
2019-10-09,XLU,63.980320487078366,63.44450048233897,63.5933357976941,63.73225784301758,8977000.0,Utilities
2019-10-09,XLB,55.64324780033051,55.05648239827485,55.36478035600706,55.44434356689453,8883200.0,Materials
2019-10-09,XLRE,38.995584191187724,38.74333235643204,38.866986548474564,38.83730697631836,2969000.0,Real Estate
2019-10-09,XLC,48.97342504892653,48.639149605536254,48.803792223060974,48.79381561279297,4070600.0,Communication Services
2019-10-09,XLI,74.62900918570969,73.91256948286201,74.31059238351688,74.33049011230469,6271500.0,Industrials
2019-10-09,XLV,88.07957454163046,87.42655081715456,87.72338458660491,87.82232666015625,7350200.0,Health Care
2019-10-09,SPY,290.8699302845103,288.64089904769713,289.32752569979993,289.844970703125,62359400.0,
2019-10-10,XLK,80.5173157377706,79.51059795951367,79.57040802066949,80.19835662841797,9398100.0,Information Technology
2019-10-10,XLY,119.25682378265013,118.090670304334,118.17040163980712,118.8481674194336,3274300.0,Consumer Discretionary
2019-10-10,XLP,60.58373879625299,59.988611408348355,60.15723215921759,60.40520095825195,8648000.0,Consumer Staples
2019-10-10,XLE,55.0697413866986,54.33893781133602,54.42548024346737,54.92550277709961,10055700.0,Energy
2019-10-10,XLF,27.370662490469435,26.962739286133026,26.962739286133026,27.171674728393555,54305400.0,Financials
2019-10-10,XLU,63.801714308576635,63.1071343714478,63.58341797320103,63.66279983520508,15605300.0,Utilities
2019-10-10,XLB,56.22006586119814,55.474177831719864,55.6233569551286,55.95154571533203,6769400.0,Materials
2019-10-10,XLRE,38.99558511897939,38.61967908323755,38.78784697707576,38.93623352050781,3373400.0,Real Estate
2019-10-10,XLC,49.262790077901336,48.67407113336646,48.73394221136465,49.073204040527344,3093400.0,Communication Services
2019-10-10,XLI,75.2757945356231,74.181237265864,74.181237265864,75.00712585449219,9321000.0,Industrials
2019-10-10,XLV,88.56440541886738,87.4859164124668,87.56507309251018,88.25767517089844,8232300.0,Health Care
2019-10-10,SPY,292.77058390778495,289.576297174033,289.7554092447244,291.8053283691406,55296300.0,
2019-10-11,XLK,82.02240843969574,81.05556149077921,81.18513601620464,81.30474853515625,15970600.0,Information Technology
2019-10-11,XLY,121.24028591879711,120.0541938687799,120.07413240647253,120.19373321533203,5315400.0,Consumer Discretionary
2019-10-11,XLP,60.7126767962033,60.226660093396056,60.633328752026024,60.34568405151367,18172100.0,Consumer Staples
2019-10-11,XLE,56.185174847647595,55.396678767071066,55.49283539420862,55.66592025756836,22563900.0,Energy
2019-10-11,XLF,27.848230599129305,27.500002967380283,27.599496847549705,27.509952545166016,78702500.0,Financials
2019-10-11,XLU,63.821557664475854,63.20636335833563,63.60326132336923,63.42465591430664,16077300.0,Utilities
2019-10-11,XLB,57.56266886005403,56.54826064471455,56.617876560041324,57.03557205200195,10300400.0,Materials
2019-10-11,XLRE,39.14397201058366,38.76806219787168,39.045050163166785,38.80763244628906,4949200.0,Real Estate
2019-10-11,XLC,50.090990171587684,49.53220485566584,49.542185272000516,49.65194320678711,4104900.0,Communication Services
2019-10-11,XLI,77.09674160342907,75.8031691328224,76.00217677830571,76.42010498046875,16243500.0,Industrials
2019-10-11,XLV,90.03866009377181,88.95028219580416,89.09869907934436,88.98986053466797,10773200.0,Health Care
2019-10-11,SPY,297.2784002450489,294.6911450795878,294.8204835432445,294.8304443359375,98720400.0,
2019-10-14,XLK,81.59381168669366,81.21505009243921,81.22501209955614,81.25491333007812,5662800.0,Information Technology
2019-10-14,XLY,120.37313560086261,119.81497824447895,120.06415672205361,120.13392639160156,1575500.0,Consumer Discretionary
2019-10-14,XLP,60.48454610926879,60.01836357862871,60.4250322382179,60.04812240600586,7569500.0,Consumer Staples
2019-10-14,XLE,55.83900463295401,55.0505085592681,55.26205753889023,55.6370735168457,12160600.0,Energy
2019-10-14,XLF,27.609446851686595,27.39056183008413,27.420408666214314,27.54975128173828,35821000.0,Financials
2019-10-14,XLU,63.63302416768826,62.829303655771085,63.60325786284256,63.01782989501953,9946000.0,Utilities
2019-10-14,XLB,56.98584593020472,56.59798475346311,56.836670597340984,56.6278190612793,4702300.0,Materials
2019-10-14,XLRE,39.0153680826341,38.68892298823683,38.83730574982601,38.86698532104492,1794100.0,Real Estate
2019-10-14,XLC,49.66691530003762,49.42244457598471,49.6020540111848,49.54218673706055,1246200.0,Communication Services
2019-10-14,XLI,76.48975646530245,76.03203281903733,76.27084350585938,76.27084350585938,4829300.0,Industrials
2019-10-14,XLV,89.38562585126229,88.81175882882415,88.93048629266845,88.95027923583984,4915600.0,Health Care
2019-10-14,SPY,295.2185538062067,294.12392948841403,294.4821536097258,294.5020751953125,40394800.0,
2019-10-15,XLK,82.35133937205644,81.50409731478321,81.58383899622298,82.15198516845703,8102900.0,Information Technology
2019-10-15,XLY,121.469531238576,120.44290948739217,120.52264842804558,121.19044494628906,2555500.0,Consumer Discretionary
2019-10-15,XLP,60.23657819213038,59.70096469604658,60.1969022775234,59.79023361206055,12217700.0,Consumer Staples
2019-10-15,XLE,56.42556996433541,55.45437115885459,55.5216851994768,55.86785125732422,11085000.0,Energy
2019-10-15,XLF,28.11686432794493,27.59949765409516,27.708941115248606,27.947725296020508,65130200.0,Financials
2019-10-15,XLU,63.206362648810824,62.66062558730605,63.05752354788426,62.81938552856445,15863300.0,Utilities
2019-10-15,XLB,57.30409079064786,56.7272726788143,56.91622961662856,57.02562713623047,4893800.0,Materials
2019-10-15,XLRE,38.94612458954014,38.57021854999708,38.8768785415387,38.896663665771484,3091100.0,Real Estate
2019-10-15,XLC,50.50010064096388,49.552162811308484,49.62201050130707,50.39033889770508,2105200.0,Communication Services
2019-10-15,XLI,77.18629065817173,76.25093804830682,76.41015023366886,76.88777160644531,8973800.0,Industrials
2019-10-15,XLV,90.88957141837778,89.87045377207117,89.92981750329807,90.57295227050781,12607900.0,Health Care
2019-10-15,SPY,298.233750622043,295.5170960256808,295.6464648685942,297.4177551269531,46754500.0,
2019-10-16,XLK,81.74332278020502,81.28481951644233,81.70345193927973,81.5838394165039,10033000.0,Information Technology
2019-10-16,XLY,121.80841304010626,121.17051670933361,121.22035544943189,121.68880462646484,3072800.0,Consumer Discretionary
2019-10-16,XLP,59.91917766190733,59.641453830684284,59.83982961743078,59.84974670410156,10397700.0,Consumer Staples
2019-10-16,XLE,56.06978701698074,55.069741939674444,55.675538970676946,55.08897399902344,11955300.0,Energy
2019-10-16,XLF,28.017370666840492,27.808435218642742,27.947725517441242,27.878080368041992,44595200.0,Financials
2019-10-16,XLU,62.98806403454788,62.491938762897256,62.77969232888712,62.95829772949219,16177500.0,Utilities
2019-10-16,XLB,57.562669228603376,56.995794603722864,57.035572417176525,57.14496994018555,3844600.0,Materials
2019-10-16,XLRE,38.936233472248965,38.594946686954174,38.89666322423258,38.84720230102539,5929800.0,Real Estate
2019-10-16,XLC,50.540015581674055,50.24066398337958,50.27060142705724,50.48014450073242,2285200.0,Communication Services
2019-10-16,XLI,77.23604689951236,76.70866222558519,76.74846527220167,76.84797668457031,8786300.0,Industrials
2019-10-16,XLV,90.91925202169467,90.30579912861539,90.5036908112841,90.45421600341797,7851500.0,Health Care
2019-10-16,SPY,297.69638546819283,296.4624617943376,296.9102419816529,296.9400939941406,48928200.0,
2019-10-17,XLK,82.09218164570294,80.99576015616502,81.86292621568123,81.42436218261719,6865900.0,Information Technology
2019-10-17,XLY,122.50611607260673,121.77851153828624,122.33666892067521,122.00775909423828,2306000.0,Consumer Discretionary
2019-10-17,XLP,60.29609267075275,59.95885496060701,60.048123877519224,60.127471923828125,13209800.0,Consumer Staples
2019-10-17,XLE,55.49283571127533,54.95435272720404,55.31975084692664,55.127437591552734,11308100.0,Energy
2019-10-17,XLF,28.106915186113415,27.828332688711686,28.027320457954065,27.897979736328125,32013600.0,Financials
2019-10-17,XLU,63.24605143103653,62.80945876856155,62.958297864429916,63.11705780029297,12999800.0,Utilities
2019-10-17,XLB,57.731733777648806,57.19469347610462,57.4234358145193,57.29414749145508,3110500.0,Materials
2019-10-17,XLRE,39.21321692796291,38.847201574720984,38.94612341928589,39.104400634765625,4775600.0,Real Estate
2019-10-17,XLC,50.89922977798325,50.5899053811068,50.87927655775749,50.77949142456055,2037200.0,Communication Services
2019-10-17,XLI,77.80322991681601,77.15644367068262,77.28579788324723,77.2260971069336,7976200.0,Industrials
2019-10-17,XLV,91.38428482296055,90.71146822316378,90.75104655830425,91.12702941894531,7536100.0,Health Care
2019-10-17,SPY,298.7710906739518,297.05950441834057,298.2138328575457,297.8157958984375,45736600.0,
2019-10-18,XLK,81.42436640450907,80.13856025848293,81.3047538776977,80.64690399169922,8726300.0,Information Technology
2019-10-18,XLY,122.16722652296933,121.2701824619689,121.69876975754,121.76853942871094,2034800.0,Consumer Discretionary
2019-10-18,XLP,60.4746289377299,60.018363494387,60.018363494387,60.246498107910156,9301200.0,Consumer Staples
2019-10-18,XLE,55.4255275443333,54.829348359036366,54.98320117034333,54.83896255493164,10277800.0,Energy
2019-10-18,XLF,28.077066228602217,27.81838288971523,27.81838288971523,27.96762466430664,40523700.0,Financials
2019-10-18,XLU,63.46434629955214,62.809461067010254,62.96822100868297,63.32543182373047,14552900.0,Utilities
2019-10-18,XLB,57.44332387127869,56.96595597024004,57.14496940735239,57.19469451904297,3082100.0,Materials
2019-10-18,XLRE,39.55945284579547,39.0945118518599,39.0945118518599,39.48031234741211,2313300.0,Real Estate
2019-10-18,XLC,50.80443921528457,49.91138224707307,50.649773208740605,50.190773010253906,1958200.0,Communication Services
2019-10-18,XLI,77.21614138357569,76.47980400218478,77.05693678917044,76.55941009521484,9694500.0,Industrials
2019-10-18,XLV,91.26555912781642,90.38496184029648,90.86978328483305,90.79063415527344,6784700.0,Health Care
2019-10-18,SPY,297.93520358324304,295.57680347594487,297.2286857040737,296.51220703125,64304000.0,
2019-10-21,XLK,81.55393944505597,80.83627950650059,81.12533740422904,81.51406860351562,6339300.0,Information Technology
2019-10-21,XLY,122.74532400809473,121.85824920423086,122.38650637907969,122.19712829589844,2253100.0,Consumer Discretionary
2019-10-21,XLP,60.474628822395815,60.177063251829956,60.25641507963509,60.44486999511719,9924100.0,Consumer Staples
2019-10-21,XLE,55.86785294260297,54.87742571637078,54.94473609088325,55.81977462768555,10474000.0,Energy
2019-10-21,XLF,28.395446352420677,28.19645858955061,28.206408167462907,28.355648040771484,44145400.0,Financials
2019-10-21,XLU,63.593335638075295,63.13690506771717,63.33535593949481,63.57349395751953,11462400.0,Utilities
2019-10-21,XLB,57.632281923028984,57.015682220458984,57.45326849425339,57.015682220458984,2924900.0,Materials
2019-10-21,XLRE,39.77708180604197,39.38139063364287,39.49020315885462,39.747406005859375,1957300.0,Real Estate
2019-10-21,XLC,50.6028773242144,50.343439785928545,50.40031521796979,50.49011993408203,1425400.0,Communication Services
2019-10-21,XLI,77.1862928781885,76.72856921958993,76.84797836204588,77.01713562011719,8419400.0,Industrials
2019-10-21,XLV,91.30514157989295,90.51359740706691,91.16662116092847,90.69169616699219,4948400.0,Health Care
2019-10-21,SPY,298.7412332283786,297.4774575549177,297.95512011812485,298.5223083496094,39048600.0,
2019-10-22,XLK,81.9626111294185,80.35784585449109,81.67355322723931,80.41764831542969,9458000.0,Information Technology
2019-10-22,XLY,122.09745878282536,121.36985425397211,122.06755858103976,121.41969299316406,2601800.0,Consumer Discretionary
2019-10-22,XLP,60.92097191159633,60.43495519089674,60.8812997798989,60.4647102355957,12492500.0,Consumer Staples
2019-10-22,XLE,57.185219540248966,55.81977270124804,55.99285756348957,56.540958404541016,19696900.0,Energy
2019-10-22,XLF,28.465092574416456,28.186510075422003,28.30590311718763,28.27605438232422,50423000.0,Financials
2019-10-22,XLU,64.12914989781986,63.533801085804555,63.722331111546566,63.84139633178711,15591300.0,Utilities
2019-10-22,XLB,57.16485777852856,56.528367270891806,56.975900844630985,56.77699661254883,4053500.0,Materials
2019-10-22,XLRE,39.9056806215907,39.579231746409825,39.83643457660562,39.62869644165039,2226000.0,Real Estate
2019-10-22,XLC,50.61983897043656,49.97623913597034,50.56994830709164,50.00118637084961,2433600.0,Communication Services
2019-10-22,XLI,77.8529730124477,76.81811660370329,77.10668299003483,77.62411499023438,11351500.0,Industrials
2019-10-22,XLV,91.96805352969302,90.84999380615567,91.38429003784846,90.88957214355469,8702400.0,Health Care
2019-10-22,SPY,299.42785662429486,297.44760231167044,299.1094149189492,297.547119140625,48594700.0,
2019-10-23,XLK,80.4973887399469,79.99901462769664,80.16846000076121,80.48741912841797,8808500.0,Information Technology
2019-10-23,XLY,121.2801521471159,119.96449005457055,121.2801521471159,120.86153411865234,1886900.0,Consumer Discretionary
2019-10-23,XLP,60.78210758544935,60.41511484177588,60.43495279869112,60.742435455322266,7499400.0,Consumer Staples
2019-10-23,XLE,57.12752323719456,56.20440641937342,56.4448016532731,57.01213455200195,11820400.0,Energy
2019-10-23,XLF,28.39544677734375,28.20640858955712,28.21635816761831,28.39544677734375,30615400.0,Financials
2019-10-23,XLU,64.25815185446005,63.82155916200246,63.9902399494442,64.0993881225586,12910900.0,Utilities
2019-10-23,XLB,57.38365437282859,56.92617728225373,56.985845897852236,57.13502502441406,3996500.0,Materials
2019-10-23,XLRE,39.79686648971022,39.36160507280641,39.648483716814816,39.69794464111328,2159900.0,Real Estate
2019-10-23,XLC,50.440229561073544,49.99120597793008,49.99120597793008,50.39033889770508,1958500.0,Communication Services
2019-10-23,XLI,77.663921967107,77.28579681128478,77.59426853182212,77.61416625976562,7370300.0,Industrials
2019-10-23,XLV,91.72069659339893,90.85989226968523,91.04787994045697,91.45355224609375,5525000.0,Health Care
2019-10-23,SPY,298.47254581738093,297.03958858869737,297.2684742461506,298.412841796875,34352200.0,
2019-10-24,XLK,81.73335391925805,81.04559521500671,81.34462272239914,81.66358184814453,7254100.0,Information Technology
2019-10-24,XLY,121.19044512577806,120.46284820312886,121.08081358762215,120.80172729492188,2202600.0,Consumer Discretionary
2019-10-24,XLP,61.04991537268686,60.62340875097102,60.861460454323094,60.95072937011719,9089300.0,Consumer Staples
2019-10-24,XLE,57.37753331492954,56.473648545781806,57.33907286485745,56.7717399597168,12116800.0,Energy
2019-10-24,XLF,28.475041078031115,28.246204581424152,28.425293188469624,28.355648040771484,33469600.0,Financials
2019-10-24,XLU,64.42682852502655,64.02992679090634,64.12915033186867,64.31768035888672,11461200.0,Utilities
2019-10-24,XLB,57.67206418462528,57.00573557131177,57.35381513468119,57.31403732299805,4662300.0,Materials
2019-10-24,XLRE,39.82654091760884,39.43579698757274,39.77707999501421,39.549556732177734,1781800.0,Real Estate
2019-10-24,XLC,50.1408799665364,49.65194234776217,50.13090335678788,49.82157516479492,2444800.0,Communication Services
2019-10-24,XLI,77.83308166936934,77.16639768332963,77.74352291167375,77.72362518310547,8355700.0,Industrials
2019-10-24,XLV,91.71080923653916,90.66200212655134,91.61185961478455,90.98851776123047,6892300.0,Health Care
2019-10-24,SPY,299.5970390964867,297.9949001402357,299.4378182433748,298.90045166015625,35453100.0,
2019-10-25,XLK,82.75003340793813,81.61374105196492,81.66358150451575,82.65036010742188,8152700.0,Information Technology
2019-10-25,XLY,121.04094182828553,119.04751397263826,119.32659265573707,120.66218566894531,2736300.0,Consumer Discretionary
2019-10-25,XLP,60.901137299156986,60.54406163052594,60.89121642852639,60.59365463256836,7518600.0,Consumer Staples
2019-10-25,XLE,57.39676625808082,56.714044655927964,56.790972893537436,57.233299255371094,11874900.0,Energy
2019-10-25,XLF,28.58448219887033,28.087014697054883,28.325798870203748,28.494937896728516,28330200.0,Financials
2019-10-25,XLU,64.45659574443242,63.40481256882745,64.36729682738114,63.66279983520508,16925100.0,Utilities
2019-10-25,XLB,58.07981789869843,57.26431393109537,57.32398254730161,57.940582275390625,4037500.0,Materials
2019-10-25,XLRE,39.51988112257841,38.975803424179325,39.460525751004745,39.06483459472656,2842500.0,Real Estate
2019-10-25,XLC,50.47016522226823,49.79164156645564,49.891422889669585,50.21072769165039,1210800.0,Communication Services
2019-10-25,XLI,78.3903068177774,77.66392207616589,77.70371753210878,78.21119689941406,7718500.0,Industrials
2019-10-25,XLV,91.33481469521323,90.51358873256912,90.7510512067797,91.08745574951172,5536600.0,Health Care
2019-10-25,SPY,300.7215213022284,298.2138307776176,298.2735348026537,300.12445068359375,45205400.0,
2019-10-28,XLK,83.73681602984601,83.33811524026783,83.37798607968415,83.69694519042969,7229900.0,Information Technology
2019-10-28,XLY,121.34991820892178,120.79176085423966,120.97116966171943,121.04093933105469,1911700.0,Consumer Discretionary
2019-10-28,XLP,60.811869983136226,60.335770340327265,60.593656227959926,60.474632263183594,11154200.0,Consumer Staples
2019-10-28,XLE,57.752552885014005,56.81020399896382,57.42561521694433,56.9063606262207,11756600.0,Energy
2019-10-28,XLF,28.773521016196575,28.594432407958895,28.604381985937426,28.644180297851562,50104600.0,Financials
2019-10-28,XLU,63.50403726153922,62.710237552797096,63.335356479428334,62.789615631103516,25068500.0,Utilities
2019-10-28,XLB,58.41795282429719,57.930637636715346,58.16932347821687,58.11959457397461,3404500.0,Materials
2019-10-28,XLRE,39.05296123625985,38.570216308637946,38.9955832472311,38.64935302734375,3318300.0,Real Estate
2019-10-28,XLC,50.82938237921622,50.430253263382234,50.47016731688972,50.679710388183594,2882900.0,Communication Services
2019-10-28,XLI,78.83808264653912,78.37040634322209,78.38035141103173,78.43010711669922,8138200.0,Industrials
2019-10-28,XLV,92.21541534583886,91.24577247018138,91.32492914744213,92.02742767333984,6937900.0,Health Care
2019-10-28,SPY,302.36342843554394,301.4280249298269,301.45787694093394,301.81610107421875,42147000.0,
2019-10-29,XLK,83.7766874019235,82.90951374942125,83.62717365430792,82.93941497802734,7760400.0,Information Technology
2019-10-29,XLY,121.13064611990073,120.313340978373,121.06087644700169,120.35321044921875,2170700.0,Consumer Discretionary
2019-10-29,XLP,60.76227319608443,60.2564185080073,60.36552538559545,60.474632263183594,10072400.0,Consumer Staples
2019-10-29,XLE,57.617928842358985,56.50249508555394,56.69481200944589,57.13713836669922,13468400.0,Energy
2019-10-29,XLF,28.85311552108552,28.55463577477016,28.584482610788925,28.713825225830078,48458100.0,Financials
2019-10-29,XLU,62.98806608629357,62.571322661397225,62.74992806782011,62.849151611328125,19772400.0,Utilities
2019-10-29,XLB,58.74614314196183,57.73173492787305,57.86102325351316,58.477622985839844,4145500.0,Materials
2019-10-29,XLRE,38.99558414060015,38.639463237825915,38.70870928338977,38.74827575683594,2167200.0,Real Estate
2019-10-29,XLC,50.659753928651845,50.13090603620398,50.57992582074305,50.22071075439453,1788600.0,Communication Services
2019-10-29,XLI,78.89778782514016,78.01219087472776,78.11169469996355,78.68882751464844,10429100.0,Industrials
2019-10-29,XLV,93.48189771473487,92.01752940911946,92.2451029646123,93.33348083496094,13768400.0,Health Care
2019-10-29,SPY,302.741561052676,301.3782382890655,301.5175679137162,301.7265319824219,44284900.0,
2019-10-30,XLK,83.54743483593973,82.63042830588735,83.18860487120874,83.44776153564453,12779300.0,Information Technology
2019-10-30,XLY,121.11071542359711,119.78508403159749,120.28344101165834,121.10074615478516,2807700.0,Consumer Discretionary
2019-10-30,XLP,60.86146054141774,60.3556020899595,60.524222835013404,60.75235366821289,7216400.0,Consumer Staples
2019-10-30,XLE,57.300611801756396,55.752465808500524,57.27176554562928,55.973628997802734,15506700.0,Energy
2019-10-30,XLF,28.773520582484498,28.4949380963486,28.713825013201067,28.693925857543945,51106700.0,Financials
2019-10-30,XLU,63.56356801109094,62.88884111728644,62.89876195735814,63.40481185913086,19680300.0,Utilities
2019-10-30,XLB,58.61685428258959,58.0201453591626,58.29860901759082,58.527347564697266,6347200.0,Materials
2019-10-30,XLRE,39.03515625,38.53064878344712,38.82741810339744,39.03515625,2637400.0,Real Estate
2019-10-30,XLC,50.50010034744694,49.986219285552615,50.3404479417476,50.36040496826172,3900600.0,Communication Services
2019-10-30,XLI,79.03709117786829,78.41021027431934,78.83808353626209,78.96743774414062,9208200.0,Industrials
2019-10-30,XLV,93.89745797612544,92.9970677838478,93.3631617436963,93.85787963867188,10179700.0,Health Care
2019-10-30,SPY,303.05997540544575,300.5125026481235,301.9454598701511,302.6520080566406,49643900.0,
2019-10-31,XLK,83.66704496932594,82.85967376944888,83.57733367841287,83.39791870117188,11230900.0,Information Technology
2019-10-31,XLY,121.25025507118482,119.89472347370256,121.09077718709324,120.452880859375,3037000.0,Consumer Discretionary
2019-10-31,XLP,60.99040656350961,60.27625522218212,60.772192812836536,60.6630859375,12628100.0,Consumer Staples
2019-10-31,XLE,55.829390886030126,55.185129746615054,55.742848454411394,55.73323059082031,15032200.0,Energy
2019-10-31,XLF,28.604381993805305,28.325799503393622,28.594432415824034,28.554636001586914,56795100.0,Financials
2019-10-31,XLU,63.83147994466742,63.255972806581724,63.464344514453245,63.752098083496094,17245900.0,Utilities
2019-10-31,XLB,58.57707426206752,57.55271879728866,58.457729446853904,57.87096405029297,7136700.0,Materials
2019-10-31,XLRE,39.153867388515245,38.75817244220581,39.10440269000655,38.906558990478516,3263900.0,Real Estate
2019-10-31,XLC,50.72960192181793,50.06105483655034,50.72960192181793,50.51007843017578,4059900.0,Communication Services
2019-10-31,XLI,78.72862623613646,77.72362019568327,78.72862623613646,78.12164306640625,10693200.0,Industrials
2019-10-31,XLV,93.80840242655069,93.14548227597658,93.67977849471858,93.74903869628906,9675200.0,Health Care
2019-10-31,SPY,302.6420514935838,300.2537995462497,302.6420514935838,301.845947265625,69053800.0,
2019-11-01,XLK,84.39466857910156,83.54743412690452,83.67700865573009,84.39466857910156,9920600.0,Information Technology
2019-11-01,XLY,121.29012123995693,120.80172593646657,121.07084295746311,121.25025177001953,3214800.0,Consumer Discretionary
2019-11-01,XLP,60.88129855803118,60.52422289399585,60.77219168472,60.653167724609375,10232000.0,Consumer Staples
2019-11-01,XLE,57.10829219189093,55.964012178749684,56.01209049275491,57.00251770019531,13310100.0,Energy
2019-11-01,XLF,29.002356221024897,28.71382604438653,28.773521615813777,28.972509384155273,42302300.0,Financials
2019-11-01,XLU,63.99023593256544,63.48418981687071,63.79178885041721,63.59333419799805,15690700.0,Utilities
2019-11-01,XLB,58.68647003173828,58.10965191322282,58.169324322910406,58.68647003173828,4666300.0,Materials
2019-11-01,XLRE,39.089563862416405,38.40204683407733,38.95601899104096,38.80763244628906,3370000.0,Real Estate
2019-11-01,XLC,50.84933970837391,50.45021059016628,50.799449044399665,50.83936309814453,3450700.0,Communication Services
2019-11-01,XLI,79.82318878173828,78.61917502113185,78.66892313851903,79.82318878173828,19657900.0,Industrials
2019-11-01,XLV,94.65931905639133,93.84798202049595,94.25365431284159,93.8677749633789,14670800.0,Health Care
2019-11-01,SPY,304.6919856622395,303.24906755559954,303.42820999595546,304.6422424316406,71141500.0,
2019-11-04,XLK,85.0924009984967,84.65382933421317,85.0425605440697,84.83324432373047,10181600.0,Information Technology
2019-11-04,XLY,121.76853845758276,121.10074195251197,121.6090681837455,121.31005096435547,4765900.0,Consumer Discretionary
2019-11-04,XLP,60.75235516292114,59.87950393951075,60.72260011811628,60.067962646484375,17081600.0,Consumer Staples
2019-11-04,XLE,59.03145278099356,57.646777560560174,57.65639175589076,58.858367919921875,21530200.0,Energy
2019-11-04,XLF,29.270988897494053,29.141648177520743,29.221242904663086,29.221242904663086,37319100.0,Financials
2019-11-04,XLU,63.573493297246216,62.55147642813905,63.53380236627581,62.779693603515625,24342800.0,Utilities
2019-11-04,XLB,59.263292442612,58.835649654043586,59.12406061261909,59.143951416015625,3089300.0,Materials
2019-11-04,XLRE,38.777957292549836,38.322910749051886,38.7383870434735,38.372371673583984,3045400.0,Real Estate
2019-11-04,XLC,51.20356603140125,50.91918507268659,51.00898978630246,51.118751525878906,4650500.0,Communication Services
2019-11-04,XLI,80.77843895069019,80.26101449973432,80.26101449973432,80.74858856201172,15286500.0,Industrials
2019-11-04,XLV,94.35259979127397,93.54126272605254,94.3031249810742,93.58084106445312,9878200.0,Health Care
2019-11-04,SPY,306.4931335696343,305.458213186932,306.34387350681027,305.8662109375,60606900.0,
2019-11-05,XLK,85.10235824982144,84.44450839474533,85.07245702067051,84.73356628417969,7899800.0,Information Technology
2019-11-05,XLY,121.75858083339745,121.00107609564607,121.41969413322288,121.48946380615234,2154500.0,Consumer Discretionary
2019-11-05,XLP,60.39527936708837,59.80015576998532,59.98861069287045,60.266334533691406,17192200.0,Consumer Staples
2019-11-05,XLE,59.45454967894314,58.74297818853429,59.02183753397425,58.93529510498047,17555100.0,Energy
2019-11-05,XLF,29.469976858548957,29.261039512367372,29.310785505526418,29.330684661865234,39515900.0,Financials
2019-11-05,XLU,62.67054367567171,61.96604670384416,62.47209281152912,62.134727478027344,21996900.0,Utilities
2019-11-05,XLB,59.57159313319654,59.01466202945841,59.12405954928043,59.24340057373047,3740500.0,Materials
2019-11-05,XLRE,38.25366100063355,37.48206001027994,38.25366100063355,37.7095832824707,6643600.0,Real Estate
2019-11-05,XLC,51.25844837476488,51.03892869571474,51.15866704850696,51.138710021972656,1886900.0,Communication Services
2019-11-05,XLI,81.27595968924287,80.67892918466312,80.8978421410618,80.91773986816406,14923700.0,Industrials
2019-11-05,XLV,93.72926005712631,92.71013480515113,93.71936358510423,92.91792297363281,13273800.0,Health Care
2019-11-05,SPY,306.4135228239002,305.2094208520648,306.08512033402815,305.5278625488281,42933200.0,
2019-11-06,XLK,84.77343674879853,84.26509304173041,84.72359629737775,84.69369506835938,8538600.0,Information Technology
2019-11-06,XLY,121.64894161984978,121.06087643036089,121.62900308226764,121.61903381347656,3594300.0,Consumer Discretionary
2019-11-06,XLP,60.663084086186025,60.19690155441268,60.365522297615065,60.51430130004883,8284500.0,Consumer Staples
2019-11-06,XLE,58.9737624714355,57.56985147171894,58.84875591863643,57.73332214355469,17827900.0,Energy
2019-11-06,XLF,29.47992515563965,29.270989702775918,29.310786118597946,29.47992515563965,40179900.0,Financials
2019-11-06,XLU,62.630854881513535,62.144654222177046,62.243877765064134,62.37287139892578,17771900.0,Utilities
2019-11-06,XLB,59.36273972144429,58.98482585700301,59.19367359163361,59.203617095947266,3994300.0,Materials
2019-11-06,XLRE,38.025149526349935,37.72442166672831,37.759044691775095,37.84807586669922,2425600.0,Real Estate
2019-11-06,XLC,51.15866526790139,50.72959872838175,51.1387082420617,50.95909881591797,2288300.0,Communication Services
2019-11-06,XLI,80.9774438474144,80.49982246150117,80.84808963699103,80.96749877929688,12253200.0,Industrials
2019-11-06,XLV,93.41263395647827,92.72002439348468,93.00696167045113,93.23453521728516,13130200.0,Health Care
2019-11-06,SPY,305.8960542968911,304.562613826261,305.52786936291585,305.5975341796875,46487100.0,
2019-11-07,XLK,85.83996136217182,85.12230141100181,85.26184555655313,85.36151885986328,14042500.0,Information Technology
2019-11-07,XLY,122.02768698987002,120.75189437369659,121.8881476477463,120.89143371582031,3832700.0,Consumer Discretionary
2019-11-07,XLP,60.593655915070315,60.19690432292642,60.58373882793334,60.30601119995117,9437800.0,Consumer Staples
2019-11-07,XLE,58.78144234543463,58.1660311469003,58.319883946533885,58.59873962402344,13241700.0,Energy
2019-11-07,XLF,29.87789918372328,29.58936711848205,29.659012265902224,29.698810577392578,61738600.0,Financials
2019-11-07,XLU,62.36294773484532,61.122634503960285,62.0454278505496,61.529457092285156,22844700.0,Utilities
2019-11-07,XLB,59.66110139625868,59.37269043539526,59.531813070047,59.6014289855957,4193900.0,Materials
2019-11-07,XLRE,37.74915339339764,37.3089447506538,37.739262717958894,37.44248962402344,3725800.0,Real Estate
2019-11-07,XLC,51.63762309246577,51.088818197693286,51.16864249560265,51.278404235839844,1976200.0,Communication Services
2019-11-07,XLI,81.77348607912054,81.11674721230078,81.39536853230763,81.24610900878906,10297000.0,Industrials
2019-11-07,XLV,93.73914799572077,93.16528095400668,93.59073111213412,93.44232177734375,7827900.0,Health Care
2019-11-07,SPY,308.13505054200954,306.1547962112046,307.0603477369418,306.6722412109375,54272300.0,
2019-11-08,XLK,85.83995819091797,84.80333914470079,85.14222988435249,85.83995819091797,6286500.0,Information Technology
2019-11-08,XLY,121.14061627658828,120.46285047589097,121.1007468054503,120.94126892089844,2073000.0,Consumer Discretionary
2019-11-08,XLP,60.4547932402801,60.06796252379276,60.27625540440847,60.266334533691406,7574200.0,Consumer Staples
2019-11-08,XLE,58.435273266464016,57.694855513859345,58.24295634778979,58.35834503173828,10389800.0,Energy
2019-11-08,XLF,29.698811425080407,29.489874079168278,29.668962690610673,29.688861846923828,53808800.0,Financials
2019-11-08,XLU,61.60883827739879,61.00356482177136,61.34093016826195,61.2714729309082,15971500.0,Utilities
2019-11-08,XLB,59.85005807743366,59.422415287344286,59.47214039912106,59.840110778808594,2880100.0,Materials
2019-11-08,XLRE,37.64033492955752,37.274319581358604,37.36335074969092,37.37324142456055,2612100.0,Real Estate
2019-11-08,XLC,51.57775467487224,51.198582579019444,51.26843027069832,51.4181022644043,1537500.0,Communication Services
2019-11-08,XLI,81.3555679321289,80.82819084594455,81.0769541954017,81.3555679321289,6323400.0,Industrials
2019-11-08,XLV,94.14481583107869,93.27410751479664,93.3829460543319,94.1250228881836,7756900.0,Health Care
2019-11-08,SPY,307.48823185535696,305.52786877410483,306.2940906522991,307.42852783203125,49032100.0,
2019-11-11,XLK,85.99943432497989,85.2419035562465,85.35154646769155,85.87982940673828,4244000.0,Information Technology
2019-11-11,XLY,120.73195473554557,120.25353631100567,120.4030449202958,120.69208526611328,1862700.0,Consumer Discretionary
2019-11-11,XLP,60.395276730086294,60.07787698766263,60.29609072946767,60.17706298828125,5632200.0,Consumer Staples
2019-11-11,XLE,58.30065155149739,57.58908006471237,57.81024323365013,58.03140640258789,14480500.0,Energy
2019-11-11,XLF,29.66896185068943,29.469975986255115,29.5097724000668,29.60926628112793,19702400.0,Financials
2019-11-11,XLU,61.36077579119705,60.834884196989435,61.291318553665306,60.89441680908203,9273200.0,Utilities
2019-11-11,XLB,59.820222450574825,59.41247047294034,59.52186419892487,59.750606536865234,4121300.0,Materials
2019-11-11,XLRE,37.578015651382145,37.34356777512938,37.35345845056813,37.44248962402344,2538700.0,Real Estate
2019-11-11,XLC,51.248470887931184,51.04890443241598,51.138709147077144,51.17862319946289,1133400.0,Communication Services
2019-11-11,XLI,81.5247246913327,80.72867894125521,80.85804074084437,81.39537048339844,5801500.0,Industrials
2019-11-11,XLV,93.96672456961156,93.48190311322841,93.76883286888624,93.73915100097656,6092500.0,Health Care
2019-11-11,SPY,307.03047299875726,305.7666670526944,305.91595747058284,306.8414001464844,35797300.0,
2019-11-12,XLK,86.48783575962157,85.79011507927113,85.99943128337627,86.16887664794922,8281200.0,Information Technology
2019-11-12,XLY,121.23031587997515,120.36317960395495,120.78179764095256,120.61235809326172,2194500.0,Consumer Discretionary
2019-11-12,XLP,60.37544250488281,60.097718659022505,60.26633562723666,60.37544250488281,7085100.0,Consumer Staples
2019-11-12,XLE,58.521818243105216,57.435230723230845,58.20449476326303,57.73332214355469,12541200.0,Energy
2019-11-12,XLF,29.738607414792384,29.539621547570086,29.6192162739966,29.649063110351562,44640600.0,Financials
2019-11-12,XLU,61.16232385955337,60.864649448839515,60.90434037963749,61.04325485229492,12668500.0,Utilities
2019-11-12,XLB,60.26775047549099,59.750604787017046,59.939561719583196,60.058902740478516,4960300.0,Materials
2019-11-12,XLRE,37.695731661853934,37.14571806413077,37.44248736654681,37.1951789855957,6213800.0,Real Estate
2019-11-12,XLC,51.418100489728616,51.098795679813406,51.228514448345706,51.23849105834961,6801000.0,Communication Services
2019-11-12,XLI,81.76353932706098,81.21626449015952,81.52472862717045,81.38542175292969,8293500.0,Industrials
2019-11-12,XLV,94.6395355707521,93.75893831460054,93.8875622507499,94.3031234741211,13801500.0,Health Care
2019-11-12,SPY,308.473366930695,306.64237275872154,307.2394433376473,307.48822021484375,46484600.0,
2019-11-13,XLK,86.43800278734628,85.81004657136333,85.82998579339282,86.35826110839844,7686100.0,Information Technology
2019-11-13,XLY,120.52264474956141,119.92461792156112,120.30336647161911,120.23359680175781,2346300.0,Consumer Discretionary
2019-11-13,XLP,60.9507309636686,60.38536241009232,60.464710457481914,60.83170700073242,9500900.0,Consumer Staples
2019-11-13,XLE,57.68524166807405,57.242911652001446,57.43522857184082,57.483306884765625,10575600.0,Energy
2019-11-13,XLF,29.559519682419484,29.300838237128783,29.420229381464797,29.46002769470215,43495400.0,Financials
2019-11-13,XLU,62.08511579401392,61.182167956796825,61.261549816617645,61.94620132446289,16796900.0,Utilities
2019-11-13,XLB,60.0290683100022,59.60142554274398,59.8102732773261,59.71082305908203,5341000.0,Materials
2019-11-13,XLRE,37.66012187087227,37.23475113204261,37.254536256363366,37.57109069824219,2220800.0,Real Estate
2019-11-13,XLC,51.34326493371787,51.008989508714116,51.11875124769325,51.218536376953125,1471400.0,Communication Services
2019-11-13,XLI,81.34561530858443,80.79833290287387,81.0570489120875,81.0470962524414,9885400.0,Industrials
2019-11-13,XLV,94.63953797725836,93.89746111002758,94.04587799323299,94.4119644165039,6507700.0,Health Care
2019-11-13,SPY,308.0255877718571,306.15478079034784,306.40355766835125,307.5877380371094,53917700.0,
2019-11-14,XLK,86.32836276850988,85.78014821313137,86.01937325797944,86.25859069824219,6091300.0,Information Technology
2019-11-14,XLY,120.94126256238782,120.15386526286377,120.32330480304876,120.75189208984375,1980100.0,Consumer Discretionary
2019-11-14,XLP,61.1193456349391,60.56389797295118,61.09950767791047,60.811866760253906,8442100.0,Consumer Staples
2019-11-14,XLE,57.781400558459545,57.060214831902705,57.4640770780672,57.3294563293457,8116800.0,Energy
2019-11-14,XLF,29.51972198486328,29.320734222694366,29.380431689957806,29.51972198486328,46158400.0,Financials
2019-11-14,XLU,62.48201724307903,61.966046511960215,62.14465191062193,62.16449737548828,16836000.0,Utilities
2019-11-14,XLB,60.12852149829695,59.54175607659534,59.57159417856853,60.07879638671875,3581200.0,Materials
2019-11-14,XLRE,37.946998596191406,37.610659046982015,37.660119968472074,37.946998596191406,2525100.0,Real Estate
2019-11-14,XLC,51.54781751616889,51.11875097864337,51.18859866555092,51.448036193847656,1526200.0,Communication Services
2019-11-14,XLI,81.47497391523015,80.87794336237246,80.88789602255578,81.30581665039062,7355000.0,Industrials
2019-11-14,XLV,94.56038015084069,93.84798515914703,94.39217787468972,94.42185974121094,6498800.0,Health Care
2019-11-14,SPY,308.12510886233764,306.5826739764004,307.27926139176196,308.0355224609375,51219900.0,
2019-11-15,XLK,86.95631408691406,86.59748411314338,86.86661039576417,86.95631408691406,7062400.0,Information Technology
2019-11-15,XLY,121.43962532135676,120.70205911965104,121.3299937816581,120.97117614746094,2120000.0,Consumer Discretionary
2019-11-15,XLP,60.96064805070346,60.6134932489298,60.90113796108715,60.83170700073242,7221400.0,Consumer Staples
2019-11-15,XLE,57.992945087018114,57.50253677650241,57.569847145688485,57.77178192138672,9181800.0,Energy
2019-11-15,XLF,29.649063543769962,29.509773244909372,29.61921670697869,29.59931755065918,30097000.0,Financials
2019-11-15,XLU,62.392715647034265,62.005738538136114,62.194264779997006,62.362945556640625,9965800.0,Utilities
2019-11-15,XLB,60.47660540360242,59.869949173129264,60.377151385780586,60.02907180786133,3410900.0,Materials
2019-11-15,XLRE,38.14484699388322,37.85796835910861,37.97667532832943,38.134952545166016,2615000.0,Real Estate
2019-11-15,XLC,51.89705893337087,51.55779708900155,51.72742991439305,51.877105712890625,2798500.0,Communication Services
2019-11-15,XLI,82.07201214671322,81.69388697590021,81.76354041394649,81.90284729003906,6150700.0,Industrials
2019-11-15,XLV,96.59861456699674,94.65932130223112,94.74837444972545,96.43041229248047,11337700.0,Health Care
2019-11-15,SPY,310.314330631875,308.7420740857689,309.4983351633128,310.26458740234375,62023600.0,
2019-11-18,XLK,87.34504389146475,86.59748272551889,86.92641146363557,87.21546936035156,6511100.0,Information Technology
2019-11-18,XLY,121.39976266474893,120.65222719908995,121.00107556219933,121.3897933959961,2343700.0,Consumer Discretionary
2019-11-18,XLP,61.48634277746376,60.77219145212636,60.77219145212636,61.149105072021484,8615500.0,Consumer Staples
2019-11-18,XLE,57.47369394071667,56.82943279544936,57.40638356752847,57.069828033447266,12754100.0,Energy
2019-11-18,XLF,29.668963326538783,29.509773867997456,29.599318175637958,29.659013748168945,25440500.0,Financials
2019-11-18,XLU,63.007910287865485,62.38279137792747,62.491939544677734,62.491939544677734,16490800.0,Utilities
2019-11-18,XLB,60.058903873505976,59.71082430858523,59.78044022156938,59.87989044189453,2916600.0,Materials
2019-11-18,XLRE,38.5108611745799,38.15473650416293,38.18441230215555,38.342689514160156,2835500.0,Real Estate
2019-11-18,XLC,52.14651400382566,51.51788481031504,51.79727556298643,52.05670928955078,1833000.0,Communication Services
2019-11-18,XLI,81.7535954364036,81.42522597453903,81.7535954364036,81.5943832397461,5119400.0,Industrials
2019-11-18,XLV,96.89544875884333,95.98516962926632,96.34136712323927,96.10389709472656,11251400.0,Health Care
2019-11-18,SPY,310.75217639480235,309.5082919897431,310.0058457517668,310.4934387207031,49228000.0,
2019-11-19,XLK,87.64406723800217,87.06595147202134,87.5643255589872,87.3849105834961,7043700.0,Information Technology
2019-11-19,XLY,121.03097460099866,119.75518196855982,120.96120492904728,120.05419158935547,3016900.0,Consumer Discretionary
2019-11-19,XLP,61.33756231133545,60.9408107191995,61.23837630515326,61.06975555419922,8560900.0,Consumer Staples
2019-11-19,XLE,56.935208304930875,56.15633006750299,56.887129990099815,56.22364044189453,15379100.0,Energy
2019-11-19,XLF,29.818201929740255,29.639115219816706,29.728657625934503,29.71870994567871,30770900.0,Financials
2019-11-19,XLU,62.68046565358018,62.005738759461835,62.313334008588846,62.33317947387695,18052400.0,Utilities
2019-11-19,XLB,60.13846771147087,59.551702300359516,60.13846771147087,59.750606536865234,3631200.0,Materials
2019-11-19,XLRE,38.51086421295858,38.27344648940701,38.411942362761,38.42183303833008,3345100.0,Real Estate
2019-11-19,XLC,52.206385384613796,51.82720949921043,52.206385384613796,52.086647033691406,2134400.0,Communication Services
2019-11-19,XLI,81.92274975333994,81.34561694870968,81.85309631772284,81.52472686767578,9192800.0,Industrials
2019-11-19,XLV,96.8954478979046,96.19294938792099,96.44030833716013,96.75692749023438,10025800.0,Health Care
2019-11-19,SPY,311.16019162514516,309.69738226778844,311.15023083149754,310.4039001464844,67804700.0,
2019-11-20,XLK,87.44472142964382,86.19878620105003,87.18556477281247,86.85663604736328,12379900.0,Information Technology
2019-11-20,XLY,120.57248250445386,119.20698171478332,120.3831044288063,119.77510833740234,4281300.0,Consumer Discretionary
2019-11-20,XLP,61.357397134741234,60.94080760591048,61.06975243432278,61.208614349365234,11935900.0,Consumer Staples
2019-11-20,XLE,57.204453775734976,55.85823894444364,56.204408682098006,56.79097366333008,17145000.0,Energy
2019-11-20,XLF,29.65901290939272,29.370482735579397,29.599317338549962,29.579418182373047,46719500.0,Financials
2019-11-20,XLU,62.799538296720584,62.273642930668686,62.4224820274096,62.710235595703125,19679500.0,Utilities
2019-11-20,XLB,59.631262006932396,58.93509907268871,59.52186448663631,59.00471878051758,5612700.0,Materials
2019-11-20,XLRE,38.530647228103504,38.19727374318983,38.39215513595889,38.44161605834961,5711400.0,Real Estate
2019-11-20,XLC,52.02677533876396,51.36820870687126,51.84716591130109,51.76734161376953,2428600.0,Communication Services
2019-11-20,XLI,81.45507009790134,80.55952053972781,81.26600752682727,80.87793731689453,14726700.0,Industrials
2019-11-20,XLV,96.9350338628023,96.05443653812641,96.59862173999312,96.62831115722656,12305600.0,Health Care
2019-11-20,SPY,310.32427532655225,307.5479169397887,309.7570567716157,309.2495422363281,79406200.0,
2019-11-21,XLK,86.78686751245979,86.23865294772273,86.6871942110309,86.4180679321289,9377700.0,Information Technology
2019-11-21,XLY,120.09405735874199,119.04751231172254,119.87477908098829,119.09734344482422,2438700.0,Consumer Discretionary
2019-11-21,XLP,61.248293109401914,60.76227260046534,61.09951031711221,60.90113830566406,7611100.0,Consumer Staples
2019-11-21,XLE,57.77178345758223,56.8005846738325,56.983283728175664,57.72370147705078,15641700.0,Energy
2019-11-21,XLF,29.68886229187043,29.45007810559791,29.639116298029997,29.549571990966797,37192700.0,Financials
2019-11-21,XLU,62.75984764893688,62.28356783641022,62.70031125294524,62.491939544677734,14209000.0,Utilities
2019-11-21,XLB,59.07433574077076,58.756090472700286,58.984829022014516,58.90526580810547,3173600.0,Materials
2019-11-21,XLRE,38.35258631710341,37.878743342115825,38.35258631710341,37.927215576171875,3556100.0,Real Estate
2019-11-21,XLC,52.08664907897706,51.62265866871806,51.817234924012446,51.907039642333984,1374400.0,Communication Services
2019-11-21,XLI,81.1068071427533,80.5993277681791,80.88789417365638,80.84809112548828,6094800.0,Industrials
2019-11-21,XLV,96.94492396205578,96.0247483570243,96.68766853785446,96.87566375732422,9122400.0,Health Care
2019-11-21,SPY,309.4884144108288,307.8763450097524,309.3690063616043,308.75201416015625,54664700.0,
2019-11-22,XLK,86.80680002015552,85.96953515407343,86.66725587580851,86.30842590332031,5890000.0,Information Technology
2019-11-22,XLY,119.95451943292436,119.32659239731194,119.56580161026089,119.9146499633789,2238000.0,Consumer Discretionary
2019-11-22,XLP,60.990407255520516,60.563900620022196,60.950731339729145,60.80194854736328,5517100.0,Consumer Staples
2019-11-22,XLE,58.050638230215895,57.41599497939611,57.77178255544451,57.53138732910156,11492000.0,Energy
2019-11-22,XLF,29.79830423876882,29.589366900360563,29.589366900360563,29.768455505371094,35195000.0,Financials
2019-11-22,XLU,62.66062269390733,62.06527010282748,62.630852604015324,62.511783599853516,11485200.0,Utilities
2019-11-22,XLB,59.26329163357695,58.93509907268871,59.044496592984785,59.00471878051758,2874700.0,Materials
2019-11-22,XLRE,37.98657125291627,37.52657748398392,37.96678612833968,37.7095832824707,3614400.0,Real Estate
2019-11-22,XLC,52.02677564784106,51.697494233145285,51.996842011890585,51.92699432373047,1623200.0,Communication Services
2019-11-22,XLI,81.28591178834638,80.78838510601675,81.04709351483677,81.26600646972656,5205100.0,Industrials
2019-11-22,XLV,97.3604900208278,96.8360902234435,97.0438708479469,97.22196960449219,6141800.0,Health Care
2019-11-22,SPY,309.717258044172,308.33407436841594,309.56799798826626,309.4386291503906,44850200.0,
2019-11-25,XLK,87.5643310546875,86.66725612092982,86.69716495587636,87.5643310546875,7369900.0,Information Technology
2019-11-25,XLY,120.99110708077231,120.37314168758296,120.46284989829428,120.97117614746094,3667000.0,Consumer Discretionary
2019-11-25,XLP,61.03007973265408,60.57381804958445,60.92097285546273,60.87137985229492,10396500.0,Consumer Staples
2019-11-25,XLE,57.68524492466258,57.242914883618475,57.46407807007035,57.58908462524414,12336000.0,Energy
2019-11-25,XLF,29.9972911506184,29.79830528073928,29.808252961198445,29.957494735717773,50094100.0,Financials
2019-11-25,XLU,62.74992689885238,62.164498918735674,62.57132149575674,62.30341339111328,20398700.0,Utilities
2019-11-25,XLB,59.412468927511455,59.124057981769404,59.20361739803255,59.392578125,3114300.0,Materials
2019-11-25,XLRE,37.99646069106409,37.67495903101066,37.78872255021475,37.739261627197266,2712000.0,Real Estate
2019-11-25,XLC,52.15150451410488,51.97688529267357,52.09662364359596,52.086647033691406,2358700.0,Communication Services
2019-11-25,XLI,82.01230060697155,81.35556930101512,81.5645296070765,81.85309600830078,9190000.0,Industrials
2019-11-25,XLV,98.37960289961438,97.46932376603884,97.61774064731219,98.35981750488281,11726500.0,Health Care
2019-11-25,SPY,311.83685302734375,310.45366930242125,310.45366930242125,311.83685302734375,48647200.0,
2019-11-26,XLK,87.86335931696006,87.47462810978004,87.61417225571206,87.64407348632812,9727200.0,Information Technology
2019-11-26,XLY,121.87817796519984,120.83163290282694,120.93130277481619,121.7984390258789,3626100.0,Consumer Discretionary
2019-11-26,XLP,61.4268310734865,60.84162455761766,60.95073143436155,61.36731719970703,7354800.0,Consumer Staples
2019-11-26,XLE,57.68524023859491,56.84866220824563,57.66600818027354,57.060211181640625,13402000.0,Energy
2019-11-26,XLF,29.957495372038366,29.778406756961584,29.957495372038366,29.92764663696289,33516200.0,Financials
2019-11-26,XLU,62.601086299258725,62.263720966520765,62.40263543556544,62.511783599853516,16150100.0,Utilities
2019-11-26,XLB,59.76054914019873,59.21356534339451,59.35279716871383,59.69093322753906,3935600.0,Materials
2019-11-26,XLRE,38.263553619384766,37.73926105087822,37.76893684951022,38.263553619384766,4916300.0,Real Estate
2019-11-26,XLC,52.276232202892366,52.00681806299204,52.1964079057442,52.25627517700195,2146600.0,Communication Services
2019-11-26,XLI,82.24116321155716,81.77348690922372,81.93269150204618,82.09190368652344,6069400.0,Industrials
2019-11-26,XLV,98.50822090251215,97.95413929785607,98.34991510780857,98.28065490722656,11073300.0,Health Care
2019-11-26,SPY,312.74239913552947,311.5283667115988,311.8766604272368,312.5433654785156,37569000.0,
2019-11-27,XLK,88.13247680664062,87.65404191407488,87.91319097897069,88.13247680664062,9348500.0,Information Technology
2019-11-27,XLY,122.89483233023545,122.02768846144608,122.1771970739027,122.8449935913086,4213000.0,Consumer Discretionary
2019-11-27,XLP,61.58552898112856,61.307805146458065,61.47642210787845,61.51609802246094,5483300.0,Consumer Staples
2019-11-27,XLE,57.319837379550684,56.73327245036485,57.127520468124835,57.20444869995117,9668300.0,Energy
2019-11-27,XLF,30.056986712438484,29.907746835653693,30.007240719406216,30.047039031982422,31012300.0,Financials
2019-11-27,XLU,62.69039076919883,62.31333449604612,62.36294626708675,62.620933532714844,12528200.0,Utilities
2019-11-27,XLB,59.97934392425638,59.48208523947364,59.80033049423198,59.92961502075195,5041500.0,Materials
2019-11-27,XLRE,38.392153817210655,38.09538074580734,38.243767281508994,38.382259368896484,2605700.0,Real Estate
2019-11-27,XLC,52.68534411113576,52.33610565822117,52.4159299589958,52.6254768371582,3416700.0,Communication Services
2019-11-27,XLI,82.04214897102038,81.6938818028421,82.03220390311164,82.01229858398438,9186200.0,Industrials
2019-11-27,XLV,98.93368757675047,98.33013111014897,98.41918426116703,98.78527069091797,6333200.0,Health Care
2019-11-27,SPY,313.9365234375,312.8319383266114,313.07075440755136,313.9365234375,44444600.0,
2019-11-29,XLK,88.04277453959678,87.72381540453375,87.90323039329331,87.87332916259766,5680100.0,Information Technology
2019-11-29,XLY,122.9845285586214,121.91804498072405,122.92472815749635,122.04761505126953,1755100.0,Consumer Discretionary
2019-11-29,XLP,61.63512351747317,61.3772376336715,61.53593751225027,61.49626159667969,3008500.0,Consumer Staples
2019-11-29,XLE,56.93520805675208,56.41595345530338,56.73327693445768,56.62750244140625,7830200.0,Energy
2019-11-29,XLF,30.086835871814596,29.937595992921956,29.98734198665683,29.997291564941406,19444200.0,Financials
2019-11-29,XLU,62.97814475930151,62.501864940899715,62.740002957532845,62.561397552490234,5121500.0,Utilities
2019-11-29,XLB,59.89977999125881,59.51191882881127,59.72076656339338,59.71082305908203,3533600.0,Materials
2019-11-29,XLRE,38.530648406401724,38.194308840782206,38.352586061448655,38.23387908935547,2550800.0,Real Estate
2019-11-29,XLC,52.635451669652156,52.395971162589134,52.505732903059126,52.445865631103516,2396400.0,Communication Services
2019-11-29,XLI,81.91279954181158,81.49487891561765,81.91279954181158,81.63418579101562,5645400.0,Industrials
2019-11-29,XLV,98.75559164920834,98.2410883189034,98.52802562671067,98.43897247314453,2392000.0,Health Care
2019-11-29,SPY,313.5882427826291,312.5234704303706,313.31954431212586,312.7722473144531,36592700.0,
2019-12-02,XLK,87.91319216697632,86.2386548111965,87.91319216697632,86.61742401123047,11583800.0,Information Technology
2019-12-02,XLY,122.25693151460383,120.79176085423966,122.13732310817612,121.04093933105469,3541700.0,Consumer Discretionary
2019-12-02,XLP,61.664879251701784,61.08959360431098,61.37723831985818,61.63512420654297,17920100.0,Consumer Staples
2019-12-02,XLE,57.18522116180825,56.560192067308115,56.81981936803246,56.62750244140625,15389500.0,Energy
2019-12-02,XLF,30.106733979670967,29.77840549846867,30.0470384097309,29.808252334594727,52427800.0,Financials
2019-12-02,XLU,62.42248345708873,62.02558171344625,62.26372351665885,62.15457534790039,18700600.0,Utilities
2019-12-02,XLB,59.7207690746373,59.114112854003906,59.61137155369911,59.114112854003906,6973200.0,Materials
2019-12-02,XLRE,38.20419998296499,37.53152084350586,38.1349539339289,37.53152084350586,6651500.0,Real Estate
2019-12-02,XLC,52.58556244759577,51.63762461606641,52.49575773078954,51.94695281982422,4503300.0,Communication Services
2019-12-02,XLI,81.74364012198829,80.2510599892374,81.62423097837237,80.29086303710938,18275700.0,Industrials
2019-12-02,XLV,98.66654417019379,97.68700479235297,98.6368623025011,98.00362396240234,6682200.0,Health Care
2019-12-02,SPY,313.12053974255707,309.6476241728451,313.05087492691416,310.1153259277344,75767800.0,
2019-12-03,XLK,85.9097322450019,84.883082786415,85.25187476401292,85.84992218017578,11247200.0,Information Technology
2019-12-03,XLY,120.02429091829248,119.15715465662016,119.96449051523201,119.824951171875,4473100.0,Consumer Discretionary
2019-12-03,XLP,61.5855312661559,61.11934871177339,61.51610030491216,61.53593826293945,20537000.0,Consumer Staples
2019-12-03,XLE,56.22363722879091,55.579376108824455,56.12747693648394,55.781307220458984,16945500.0,Energy
2019-12-03,XLF,29.469977496112886,29.201344572791147,29.460027917728226,29.390382766723633,66912000.0,Financials
2019-12-03,XLU,62.44232645061349,62.17441835203197,62.31333282126637,62.32325744628906,12900900.0,Utilities
2019-12-03,XLB,58.805814339097616,58.29860834562632,58.59696280390091,58.73619842529297,8656300.0,Materials
2019-12-03,XLRE,37.90743040525601,37.50184478924048,37.511735464624294,37.83818435668945,3584000.0,Real Estate
2019-12-03,XLC,51.8920722306044,51.18860131072342,51.4480388524266,51.84716796875,3795500.0,Communication Services
2019-12-03,XLI,79.48486034130721,78.8679321115077,79.44505729556938,79.41520690917969,20384400.0,Industrials
2019-12-03,XLV,97.86509875347076,96.99439041688849,97.26154231062935,97.78594207763672,7709700.0,Health Care
2019-12-03,SPY,308.12510886233764,305.6273792547582,307.139931761381,308.0355224609375,73941700.0,
2019-12-04,XLK,86.47787979554684,86.06920936522626,86.4081077226367,86.19879150390625,6914500.0,Information Technology
2019-12-04,XLY,120.92133173296061,120.23359669897019,120.29340470474567,120.49274444580078,2829100.0,Consumer Discretionary
2019-12-04,XLP,61.98227997915238,61.39707348750259,61.466504445520066,61.942604064941406,17369100.0,Consumer Staples
2019-12-04,XLE,56.79097427498824,56.08902059635786,56.271719662914144,56.617889404296875,17426500.0,Energy
2019-12-04,XLF,29.748557205633645,29.400329563393374,29.42022871956436,29.668962478637695,41793900.0,Financials
2019-12-04,XLU,62.89876119875362,62.25380061807838,62.303412388109486,62.799537658691406,19597700.0,Utilities
2019-12-04,XLB,59.52186364907975,58.73619780250319,59.12405897352588,58.865482330322266,5609300.0,Materials
2019-12-04,XLRE,38.13000443454388,37.67990514266235,37.759041862428,38.03602981567383,2283800.0,Real Estate
2019-12-04,XLC,52.29120018554884,51.9669089752428,52.13653798946974,52.116580963134766,4519600.0,Communication Services
2019-12-04,XLI,80.49981900135644,79.64407249741836,79.83313506669565,79.72367858886719,16090300.0,Industrials
2019-12-04,XLV,98.82484433353285,98.0827674884355,98.18171710681862,98.69622039794922,6237600.0,Health Care
2019-12-04,SPY,310.5929623686299,308.80178093331165,309.17992665967876,309.9361877441406,49080000.0,
2019-12-05,XLK,86.58751804082681,86.10907556340004,86.50777636049148,86.51774597167969,7810300.0,Information Technology
2019-12-05,XLY,120.94126506577366,120.11399828008405,120.94126506577366,120.37313842773438,2352300.0,Consumer Discretionary
2019-12-05,XLP,61.972360641298565,61.55577488289168,61.96244355435229,61.922767639160156,13445200.0,Consumer Staples
2019-12-05,XLE,56.925591194749416,56.15632719241634,56.85828082380403,56.34864044189453,10892400.0,Energy
2019-12-05,XLF,29.858000224284744,29.678911616776592,29.788355076406674,29.808252334594727,44933500.0,Financials
2019-12-05,XLU,62.918608431783554,62.54155215570823,62.70031209535013,62.908687591552734,12449700.0,Utilities
2019-12-05,XLB,59.20361905991542,58.666582552161934,58.964937010643375,59.163841247558594,5204600.0,Materials
2019-12-05,XLRE,38.09538269042969,37.82334572592535,37.97667571998464,38.09538269042969,3042200.0,Real Estate
2019-12-05,XLC,52.35606237335796,51.99684350597634,52.34608195681201,52.33610534667969,3688600.0,Communication Services
2019-12-05,XLI,79.9326386184511,79.39530889044661,79.87293025423635,79.74357604980469,18539400.0,Industrials
2019-12-05,XLV,98.8446372767279,97.86509795486226,98.75558412994228,98.69622039794922,7390400.0,Health Care
2019-12-05,SPY,310.72232438381184,309.0604814566131,310.70243316590864,310.4934387207031,40709000.0,
2019-12-06,XLK,87.55435871073496,87.10582506014626,87.17559713033972,87.47462463378906,9203500.0,Information Technology
2019-12-06,XLY,121.63896777942526,121.25024995874712,121.26021922716352,121.33995056152344,2515500.0,Consumer Discretionary
2019-12-06,XLP,62.398867902487844,62.01203718470452,62.05171310029859,62.16081619262695,10746700.0,Consumer Staples
2019-12-06,XLE,57.598702087623494,56.57942492973756,56.589039125542186,57.42561721801758,16729600.0,Energy
2019-12-06,XLF,30.305720241530295,30.126633529369034,30.1365831074371,30.206228256225586,40811300.0,Financials
2019-12-06,XLU,63.087293059500446,62.67054585181652,62.67054585181652,62.720157623291016,9582200.0,Utilities
2019-12-06,XLB,59.86994656720389,59.50197620173671,59.65115153130209,59.77049255371094,6597200.0,Materials
2019-12-06,XLRE,38.2833403617105,38.07065499072663,38.10527801513672,38.10527801513672,3855600.0,Real Estate
2019-12-06,XLC,52.71527919773106,52.51571274509627,52.685341755667075,52.64542770385742,4971800.0,Communication Services
2019-12-06,XLI,80.85804554670995,80.46002264801437,80.48987303687686,80.70878601074219,8966700.0,Industrials
2019-12-06,XLV,99.68566299215709,99.1414702491081,99.21073045742374,99.34925842285156,5658500.0,Health Care
2019-12-06,SPY,313.7673480269402,312.57320686200563,312.58316765499933,313.3294982910156,48927000.0,
2019-12-09,XLK,87.60419869850314,87.01612091064453,87.32511041920853,87.01612091064453,5685100.0,Information Technology
2019-12-09,XLY,121.92802038132271,121.10074597064188,121.2502545852976,121.48946380615234,1788800.0,Consumer Discretionary
2019-12-09,XLP,62.3691109455848,62.111221285833025,62.121142156279184,62.210411071777344,6643000.0,Consumer Staples
2019-12-09,XLE,57.627548385175345,56.98328722158594,56.98328722158594,57.358306884765625,8406300.0,Energy
2019-12-09,XLF,30.265924048703653,30.126633750106105,30.146531008700045,30.13658332824707,21627500.0,Financials
2019-12-09,XLU,62.86899703988817,62.39271721808727,62.859072414461906,62.50186538696289,11583200.0,Utilities
2019-12-09,XLB,59.979346129491944,59.57159414472976,59.83016700105924,59.651153564453125,2750200.0,Materials
2019-12-09,XLRE,38.2635556788924,38.0014093805293,38.15473937988281,38.15473937988281,2562300.0,Real Estate
2019-12-09,XLC,52.934799448670795,52.42590860498047,52.555623565159976,52.445865631103516,3016100.0,Communication Services
2019-12-09,XLI,80.69883344106412,80.3605189113695,80.4799204669533,80.40032196044922,6951300.0,Industrials
2019-12-09,XLV,99.40861239324508,98.6566390991211,99.38881945064414,98.6566390991211,5148900.0,Health Care
2019-12-09,SPY,313.63798800972205,312.26473474191664,312.90161814599486,312.3443603515625,34838500.0,
2019-12-10,XLK,87.54439497651182,86.86660590604173,87.1556637924495,87.08589172363281,6175400.0,Information Technology
2019-12-10,XLY,121.75857739972909,121.11071182404052,121.52932984981203,121.2801513671875,2180000.0,Consumer Discretionary
2019-12-10,XLP,62.279842116740134,61.95252149822365,62.21041115833424,62.01203536987305,7194300.0,Consumer Staples
2019-12-10,XLE,57.685242830556746,57.22368074638471,57.550618416258104,57.47369384765625,8785100.0,Energy
2019-12-10,XLF,30.20622761851526,29.97739112315686,30.056985848333017,30.146530151367188,37362100.0,Financials
2019-12-10,XLU,62.62093317675854,62.333179607168844,62.491939544677734,62.491939544677734,12598800.0,Utilities
2019-12-10,XLB,59.641208511970525,59.18372763374715,59.551701795990155,59.29312515258789,3549800.0,Materials
2019-12-10,XLRE,38.293231342167395,37.788723871940626,38.184415043546984,37.88764572143555,7303200.0,Real Estate
2019-12-10,XLC,52.475801312585766,52.12656285785298,52.425910648540174,52.266258239746094,6432200.0,Communication Services
2019-12-10,XLI,80.62917357316338,80.16149727334152,80.39036288938479,80.3008041381836,9046900.0,Industrials
2019-12-10,XLV,98.96336658353444,98.2509791399641,98.6368585026966,98.87432098388672,6027900.0,Health Care
2019-12-10,SPY,313.0110619822862,311.27958459479066,312.28465291976175,311.9960632324219,52649800.0,
2019-12-11,XLK,87.75371476671033,87.13572812867815,87.31514311361747,87.6739730834961,4939500.0,Information Technology
2019-12-11,XLY,121.65890388954514,120.96120715717964,121.19044711024657,121.5891342163086,2049700.0,Consumer Discretionary
2019-12-11,XLP,62.25008592515181,61.92276907647798,62.15089991857274,62.1013069152832,6201700.0,Consumer Staples
2019-12-11,XLE,57.77178466600434,57.26214427320352,57.38715082254789,57.377532958984375,12436200.0,Energy
2019-12-11,XLF,30.186328682937,30.047038387284914,30.136582690972098,30.076885223388672,24490200.0,Financials
2019-12-11,XLU,62.76976984173052,62.3431055759033,62.57132275441947,62.66062545776367,11990100.0,Utilities
2019-12-11,XLB,59.8003302140526,59.45224686006592,59.57159167537816,59.740657806396484,3492700.0,Materials
2019-12-11,XLRE,37.976675030419486,37.47216758496877,37.976675030419486,37.600765228271484,6222900.0,Real Estate
2019-12-11,XLC,52.5456475426825,52.30616703294247,52.385995138327004,52.505733489990234,1436500.0,Communication Services
2019-12-11,XLI,80.87794201102743,80.1814076429407,80.3804152933497,80.80828857421875,9070300.0,Industrials
2019-12-11,XLV,99.21072259309413,98.76547951047276,98.95347472476868,98.96336364746094,6064300.0,Health Care
2019-12-11,SPY,313.1603427527729,311.90649758350304,312.4936073649769,312.8817138671875,53429100.0,
2019-12-12,XLK,88.74049066551349,87.2154671424983,87.42478335109006,88.61091613769531,12094700.0,Information Technology
2019-12-12,XLY,122.9546339882186,121.65890280613691,121.80841142011926,122.6556167602539,4613100.0,Consumer Discretionary
2019-12-12,XLP,62.50797370652926,61.92276720451521,62.11122212479979,62.05171203613281,11843600.0,Consumer Staples
2019-12-12,XLE,58.637203327114484,57.39676307549478,57.464073445600654,58.435272216796875,22490800.0,Energy
2019-12-12,XLF,30.753440862963764,30.09678391126039,30.116683066812108,30.663896560668945,68427500.0,Financials
2019-12-12,XLU,62.82930433212513,62.124807352200015,62.58124169537949,62.39271545410156,24117100.0,Utilities
2019-12-12,XLB,60.6556168310045,59.67104295301534,59.81027477956714,60.576053619384766,7225400.0,Materials
2019-12-12,XLRE,37.749150666949426,37.036901330749465,37.62054925377412,37.14571762084961,7621000.0,Real Estate
2019-12-12,XLC,52.94478105561231,52.28621440439542,52.5256911104305,52.56560516357422,2866800.0,Communication Services
2019-12-12,XLI,81.78344288210576,80.63912993269197,80.84809023954325,81.52472686767578,15561500.0,Industrials
2019-12-12,XLV,100.21006056043764,98.96336928970526,99.012844101171,99.883544921875,9769100.0,Health Care
2019-12-12,SPY,316.43423860552895,312.63295086244875,312.89165817379626,315.5784606933594,96389600.0,
2019-12-13,XLK,89.39835170748131,88.35176301799726,88.52120839299242,89.1989974975586,13128100.0,Information Technology
2019-12-13,XLY,122.97456016942556,122.1373241303952,122.64565035656288,122.76525115966797,3562400.0,Consumer Discretionary
2019-12-13,XLP,62.36911013377433,61.78390364728212,61.89301051854899,62.269920349121094,10158300.0,Consumer Staples
2019-12-13,XLE,59.01222393442426,57.95448631975676,58.63720793773561,57.992950439453125,11371500.0,Energy
2019-12-13,XLF,30.81313814697356,30.375368086597216,30.63405143010398,30.554454803466797,48135700.0,Financials
2019-12-13,XLU,62.988065862644405,62.18434153659521,62.42248333935867,62.8789176940918,19334600.0,Utilities
2019-12-13,XLB,60.90424810022819,60.08874033050004,60.655618746737964,60.1086311340332,5083400.0,Materials
2019-12-13,XLRE,37.32378339093249,36.85884238992983,37.13583036485513,37.1852912902832,6152000.0,Real Estate
2019-12-13,XLC,52.67037551376411,52.22135194202939,52.555623565159976,52.445865631103516,2834400.0,Communication Services
2019-12-13,XLI,82.13171283753236,81.03715555868405,81.48492657541347,81.30581665039062,11754800.0,Industrials
2019-12-13,XLV,100.39805635196541,99.40862050743837,99.78460341079193,99.81428527832031,6433200.0,Health Care
2019-12-13,SPY,317.1109182795699,314.4738591274787,315.31970657051147,315.76751708984375,81503900.0,
2019-12-16,XLK,90.30538844473499,89.85685478144178,89.87678640009649,89.99639892578125,9872300.0,Information Technology
2019-12-16,XLY,123.59253001418385,123.10414230704819,123.403151929972,123.30348205566406,3646800.0,Consumer Discretionary
2019-12-16,XLP,62.636919081869856,62.36911232943327,62.44846037624585,62.488136291503906,10004600.0,Consumer Staples
2019-12-16,XLE,59.00260874390121,58.37757964786333,58.40642957121942,58.771827697753906,11135900.0,Energy
2019-12-16,XLF,30.8628843208103,30.63404972502929,30.80318685415514,30.663896560668945,45914900.0,Financials
2019-12-16,XLU,63.70248319593607,62.87891719588945,62.87891719588945,63.66279983520508,20773900.0,Utilities
2019-12-16,XLB,60.71528614386705,60.30753416408559,60.65561752824909,60.36720657348633,8993000.0,Materials
2019-12-16,XLRE,37.580984263140984,37.012174216586814,37.244644704853634,37.47216796875,5093900.0,Real Estate
2019-12-16,XLC,53.034584626762985,52.73523304106285,52.73523304106285,52.96473693847656,5780800.0,Communication Services
2019-12-16,XLI,81.71378503881606,81.25606140207135,81.58442324275134,81.26600646972656,8046500.0,Industrials
2019-12-16,XLV,101.25886292854027,100.39805855613312,100.39805855613312,100.89277648925781,7730300.0,Health Care
2019-12-16,SPY,318.58367295841015,315.6978671651491,317.65823023430187,317.9368591308594,82749700.0,
2019-12-17,XLK,90.1957416612886,89.66746633686847,90.15587082110412,89.78707885742188,7459700.0,Information Technology
2019-12-17,XLY,124.01114721787727,123.46295911069502,123.51279024535309,123.85167694091797,3409500.0,Consumer Discretionary
2019-12-17,XLP,62.52781226773547,62.3095985173069,62.40878452184523,62.38895034790039,8005500.0,Consumer Staples
2019-12-17,XLE,59.339160083966384,58.589128109948064,59.02184027501258,58.8102912902832,23146200.0,Energy
2019-12-17,XLF,30.882784747202003,30.673847400686928,30.683796978872216,30.78329086303711,30911900.0,Financials
2019-12-17,XLU,64.26806420409432,63.64294908861587,63.70248169858405,63.87117004394531,16847300.0,Utilities
2019-12-17,XLB,60.72523478770525,60.25781038816716,60.46665813502265,60.45671463012695,5025800.0,Materials
2019-12-17,XLRE,37.59087429152716,36.99238845629986,37.54141336955307,37.06658172607422,4452000.0,Real Estate
2019-12-17,XLC,53.09445394872878,52.82503979504479,52.9647389834249,52.91484451293945,3222500.0,Communication Services
2019-12-17,XLI,81.45507003024379,81.13665325334155,81.27596011875787,81.1864013671875,5949600.0,Industrials
2019-12-17,XLV,101.16981492164554,100.64541513279309,101.02139803547308,100.783935546875,4643600.0,Health Care
2019-12-17,SPY,318.68319661524856,317.9169747253639,318.35482448194733,318.00653076171875,61097700.0,
2019-12-18,XLK,90.12596757685147,89.74720601044609,89.89671975664835,89.77710723876953,6485100.0,Information Technology
2019-12-18,XLY,124.30019275007825,123.74203538512127,124.19055360991545,123.97127532958984,2639100.0,Consumer Discretionary
2019-12-18,XLP,62.70635013300862,62.19057458501361,62.498053469452344,62.28976058959961,5464100.0,Consumer Staples
2019-12-18,XLE,59.40646815140572,58.66605040173697,58.742978636157666,59.03145217895508,12940700.0,Energy
2019-12-18,XLF,30.882784329994408,30.653947830200195,30.882784329994408,30.653947830200195,39079700.0,Financials
2019-12-18,XLU,64.21845687676256,63.58341712969677,63.92077868333194,64.129150390625,12807900.0,Utilities
2019-12-18,XLB,60.51638332066413,59.91967438784193,60.51638332066413,60.37715148925781,3673700.0,Materials
2019-12-18,XLRE,37.66011976269472,37.066581160804304,37.066581160804304,37.59087371826172,3504100.0,Real Estate
2019-12-18,XLC,53.45466982559495,53.03458640147401,53.09445367548657,53.27406311035156,1862800.0,Communication Services
2019-12-18,XLI,81.21626362730176,80.69883159277173,81.19635830739011,80.84809112548828,6679300.0,Industrials
2019-12-18,XLV,101.12033898080699,100.71467421518173,100.82351276057307,100.92245483398438,5202900.0,Health Care
2019-12-18,SPY,318.683172289821,317.9666936853988,318.4343954184004,318.0263977050781,48133000.0,
2019-12-19,XLK,90.4349650333717,89.80700881778706,89.83691004622727,90.42499542236328,6862000.0,Information Technology
2019-12-19,XLY,124.45967045683959,123.71213501366299,123.8815745557453,124.35999298095703,3246500.0,Consumer Discretionary
2019-12-19,XLP,62.76586082259714,62.36911301675492,62.379030103826956,62.62699890136719,9068100.0,Consumer Staples
2019-12-19,XLE,59.204539215021576,58.906447797891666,59.0410722130776,59.01222229003906,12767400.0,Energy
2019-12-19,XLF,30.733543406978065,30.614152262441255,30.66389825638359,30.643999099731445,36946900.0,Financials
2019-12-19,XLU,64.23830099445048,63.75210032565064,64.12915282406891,64.14900207519531,16901600.0,Utilities
2019-12-19,XLB,60.67550525342193,60.36720728567122,60.42687590199312,60.58599853515625,3095600.0,Materials
2019-12-19,XLRE,37.97667439436016,37.482057632206725,37.55130367701809,37.946998596191406,3334500.0,Real Estate
2019-12-19,XLC,53.76300048828125,53.31397690331407,53.31397690331407,53.76300048828125,1873000.0,Communication Services
2019-12-19,XLI,81.15655250437045,80.76848228747353,80.85804104072547,81.06700134277344,5744000.0,Industrials
2019-12-19,XLV,101.42706821960887,100.97192864737706,101.13023445351165,101.31822967529297,6637200.0,Health Care
2019-12-19,SPY,319.40961217747395,317.9567333809915,318.2353622626797,319.3299865722656,85310500.0,
2019-12-20,XLK,91.05999755859375,90.72000122070312,90.95999908447266,90.94999694824219,11700400.0,Information Technology
2019-12-20,XLY,124.83000183105469,124.4000015258789,124.83000183105469,124.55000305175781,3336800.0,Consumer Discretionary
2019-12-20,XLP,63.36000061035156,62.779998779296875,62.81999969482422,63.099998474121094,15270600.0,Consumer Staples
2019-12-20,XLE,59.64625996330178,59.083099621084365,59.18990614832767,59.57829284667969,17419800.0,Energy
2019-12-20,XLF,30.8799991607666,30.639999389648438,30.799999237060547,30.68000030517578,97416000.0,Financials
2019-12-20,XLU,64.94000244140625,64.12999725341797,64.12999725341797,64.58999633789062,22971100.0,Utilities
2019-12-20,XLB,60.970001220703125,60.61000061035156,60.61000061035156,60.880001068115234,4168900.0,Materials
2019-12-20,XLRE,38.345001220703125,38.04999923706055,38.099998474121094,38.2400016784668,3691800.0,Real Estate
2019-12-20,XLC,54.084999084472656,53.650001525878906,54.04999923706055,53.93000030517578,3109700.0,Communication Services
2019-12-20,XLI,81.62999725341797,81.16000366210938,81.33999633789062,81.44000244140625,8913300.0,Industrials
2019-12-20,XLV,102.26406826974258,101.61827209544124,101.61827209544124,102.03555297851562,8586500.0,Health Care
2019-12-20,SPY,321.9700012207031,319.3900146484375,320.4599914550781,320.7300109863281,147142100.0,
2019-12-23,XLK,91.44000244140625,91.0999984741211,91.2300033569336,91.20999908447266,7765200.0,Information Technology
2019-12-23,XLY,124.83999633789062,124.26000213623047,124.81999969482422,124.26000213623047,3164200.0,Consumer Discretionary
2019-12-23,XLP,63.220001220703125,62.810001373291016,63.220001220703125,62.83000183105469,6006500.0,Consumer Staples
2019-12-23,XLE,60.22883814928538,59.442360431762964,59.51032755046416,60.19000244140625,13472200.0,Energy
2019-12-23,XLF,30.770000457763672,30.56999969482422,30.760000228881836,30.610000610351562,38293100.0,Financials
2019-12-23,XLU,64.7300033569336,63.81999969482422,64.69999694824219,63.9900016784668,16478000.0,Utilities
2019-12-23,XLB,61.099998474121094,60.70000076293945,60.849998474121094,61.04999923706055,3144000.0,Materials
2019-12-23,XLRE,38.36000061035156,37.939998626708984,38.310001373291016,38.0099983215332,3000600.0,Real Estate
2019-12-23,XLC,54.14500045776367,53.755001068115234,54.08000183105469,53.790000915527344,3248600.0,Communication Services
2019-12-23,XLI,82.19999694824219,81.79000091552734,81.93000030517578,82.11000061035156,5675700.0,Industrials
2019-12-23,XLV,102.55219054195295,102.01568331344033,102.27400329310211,102.44290161132812,4770900.0,Health Care
2019-12-23,SPY,321.6499938964844,321.05999755859375,321.5899963378906,321.2200012207031,52990000.0,
2019-12-24,XLK,91.37000274658203,91.02999877929688,91.37000274658203,91.23999786376953,2445400.0,Information Technology
2019-12-24,XLY,124.69000244140625,124.26000213623047,124.43000030517578,124.54000091552734,1648100.0,Consumer Discretionary
2019-12-24,XLP,62.9900016784668,62.810001373291016,62.900001525878906,62.90999984741211,1700100.0,Consumer Staples
2019-12-24,XLE,60.41332206520905,60.054063070420824,60.32593524268355,60.16086959838867,5037400.0,Energy
2019-12-24,XLF,30.690000534057617,30.600000381469727,30.670000076293945,30.68000030517578,12315900.0,Financials
2019-12-24,XLU,64.11000061035156,63.7400016784668,64.05999755859375,64.08000183105469,4512800.0,Utilities
2019-12-24,XLB,61.2599983215332,60.97999954223633,61.08000183105469,61.119998931884766,1450700.0,Materials
2019-12-24,XLRE,38.150001525878906,37.91999816894531,38.040000915527344,38.060001373291016,1120200.0,Real Estate
2019-12-24,XLC,53.88999938964844,53.73500061035156,53.849998474121094,53.779998779296875,891200.0,Communication Services
2019-12-24,XLI,82.19999694824219,81.69000244140625,82.08999633789062,81.77999877929688,4451600.0,Industrials
2019-12-24,XLV,102.57205598634087,102.06536104067717,102.44289978882473,102.3137435913086,2071800.0,Health Care
2019-12-24,SPY,321.5199890136719,320.8999938964844,321.4700012207031,321.2300109863281,20270000.0,
2019-12-26,XLK,91.94000244140625,91.37000274658203,91.43000030517578,91.91999816894531,4134600.0,Information Technology
2019-12-26,XLY,126.05999755859375,124.77999877929688,124.91000366210938,126.05999755859375,2517900.0,Consumer Discretionary
2019-12-26,XLP,63.09000015258789,62.79999923706055,62.97999954223633,62.970001220703125,8638600.0,Consumer Staples
2019-12-26,XLE,60.62693049146459,60.06377385795616,60.423029143328606,60.141448974609375,10156200.0,Energy
2019-12-26,XLF,30.850000381469727,30.709999084472656,30.709999084472656,30.850000381469727,15891300.0,Financials
2019-12-26,XLU,64.25,63.91999816894531,64.13999938964844,64.19000244140625,6658500.0,Utilities
2019-12-26,XLB,61.38999938964844,61.040000915527344,61.25,61.38999938964844,2802400.0,Materials
2019-12-26,XLRE,38.310001373291016,38.060001373291016,38.13999938964844,38.290000915527344,1607200.0,Real Estate
2019-12-26,XLC,54.189998626708984,53.849998474121094,53.849998474121094,54.189998626708984,830200.0,Communication Services
2019-12-26,XLI,81.9800033569336,81.58000183105469,81.95999908447266,81.97000122070312,3914200.0,Industrials
2019-12-26,XLV,102.56213103693698,101.9163348584665,102.44290467813136,102.24420166015625,2910100.0,Health Care
2019-12-26,SPY,322.95001220703125,321.6400146484375,321.6499938964844,322.94000244140625,30911200.0,
2019-12-27,XLK,92.29000091552734,91.68000030517578,92.29000091552734,91.91000366210938,9666100.0,Information Technology
2019-12-27,XLY,126.7300033569336,125.88999938964844,126.47000122070312,126.05000305175781,2958700.0,Consumer Discretionary
2019-12-27,XLP,63.27000045776367,63.040000915527344,63.099998474121094,63.25,10314100.0,Consumer Staples
2019-12-27,XLE,60.4230327129659,59.85016434107595,60.364773594086664,59.88900375366211,10718300.0,Energy
2019-12-27,XLF,30.90999984741211,30.75,30.899999618530273,30.770000457763672,19417400.0,Financials
2019-12-27,XLU,64.37999725341797,64.06999969482422,64.19000244140625,64.37999725341797,10301700.0,Utilities
2019-12-27,XLB,61.61000061035156,61.130001068115234,61.61000061035156,61.15999984741211,6802700.0,Materials
2019-12-27,XLRE,38.470001220703125,38.26499938964844,38.40999984741211,38.43000030517578,1828500.0,Real Estate
2019-12-27,XLC,54.349998474121094,53.97999954223633,54.31999969482422,54.09000015258789,3205000.0,Communication Services
2019-12-27,XLI,82.2300033569336,81.79000091552734,82.2300033569336,81.9000015258789,5300700.0,Industrials
2019-12-27,XLV,102.47270508485569,102.04548679205534,102.4627676603625,102.27400207519531,3605000.0,Health Care
2019-12-27,SPY,323.79998779296875,322.2799987792969,323.739990234375,322.8599853515625,42528800.0,
2019-12-30,XLK,91.9000015258789,90.68000030517578,91.88999938964844,91.37999725341797,8245600.0,Information Technology
2019-12-30,XLY,126.30000305175781,124.97000122070312,126.16000366210938,125.23999786376953,3338700.0,Consumer Discretionary
2019-12-30,XLP,63.2400016784668,62.83000183105469,63.13999938964844,62.91999816894531,6238600.0,Consumer Staples
2019-12-30,XLE,60.22999954223633,59.61000061035156,60.119998931884766,59.70000076293945,14629500.0,Energy
2019-12-30,XLF,30.959999084472656,30.649999618530273,30.90999984741211,30.68000030517578,18819300.0,Financials
2019-12-30,XLU,64.37999725341797,64.02999877929688,64.11000061035156,64.37000274658203,11934300.0,Utilities
2019-12-30,XLB,61.29999923706055,60.900001525878906,61.290000915527344,60.970001220703125,3007700.0,Materials
2019-12-30,XLRE,38.459999084472656,38.220001220703125,38.349998474121094,38.400001525878906,2638400.0,Real Estate
2019-12-30,XLC,54.11000061035156,53.470001220703125,54.11000061035156,53.529998779296875,2141300.0,Communication Services
2019-12-30,XLI,81.98999786376953,81.36000061035156,81.98999786376953,81.5199966430664,7716400.0,Industrials
2019-12-30,XLV,102.48999786376953,101.51000213623047,102.2699966430664,101.66000366210938,5665100.0,Health Care
2019-12-30,SPY,323.1000061035156,320.54998779296875,322.95001220703125,321.0799865722656,49729100.0,
2019-12-31,XLK,91.7699966430664,90.94999694824219,91.06999969482422,91.66999816894531,5800900.0,Information Technology
2019-12-31,XLY,125.4800033569336,124.8499984741211,125.02999877929688,125.41999816894531,1783700.0,Consumer Discretionary
2019-12-31,XLP,63.02000045776367,62.65999984741211,62.790000915527344,62.97999954223633,4985400.0,Consumer Staples
2019-12-31,XLE,60.099998474121094,59.22999954223633,59.400001525878906,60.040000915527344,10722400.0,Energy
2019-12-31,XLF,30.790000915527344,30.6200008392334,30.65999984741211,30.780000686645508,15788100.0,Financials
2019-12-31,XLU,64.69999694824219,64.27999877929688,64.36000061035156,64.62000274658203,10808400.0,Utilities
2019-12-31,XLB,61.47999954223633,60.869998931884766,60.959999084472656,61.41999816894531,2695000.0,Materials
2019-12-31,XLRE,38.709999084472656,38.349998474121094,38.380001068115234,38.66999816894531,3675000.0,Real Estate
2019-12-31,XLC,53.70000076293945,53.380001068115234,53.439998626708984,53.630001068115234,2049700.0,Communication Services
2019-12-31,XLI,81.69000244140625,81.18000030517578,81.31999969482422,81.47000122070312,6458200.0,Industrials
2019-12-31,XLV,101.94999694824219,101.2699966430664,101.44000244140625,101.86000061035156,4746700.0,Health Care
2019-12-31,SPY,322.1300048828125,320.1499938964844,320.5299987792969,321.8599853515625,57077300.0,
